1,1,1
1,2,1
1,6,1
1,8,1
1,9,0
1,11,0
1,12,0
1,18,0
1,19,0
1,20,0
1,21,1
1,22,1
1,24,0
2,1,1
2,2,0
2,3,0
2,5,1
2,8,0
2,10,0
2,11,1
2,12,0
2,13,0
2,14,1
2,17,0
2,18,0
2,20,0
2,24,0
3,3,0
3,5,1
3,6,1
3,8,0
3,9,1
3,13,0
3,15,1
3,18,1
3,19,1
3,22,0
3,23,0
3,25,1
4,2,0
4,3,1
4,4,1
4,7,1
4,11,1
4,12,0
4,14,0
4,16,0
4,17,0
4,18,0
4,19,0
4,20,0
4,22,0
4,23,0
5,1,0
5,3,1
5,4,1
5,6,1
5,8,1
5,9,1
5,11,0
5,12,1
5,13,1
5,15,1
5,16,0
5,17,1
5,19,0
5,24,1
6,1,1
6,3,0
6,6,0
6,8,0
6,10,1
6,16,0
6,18,0
6,19,0
6,20,0
6,23,1
6,24,0
7,2,1
7,3,0
7,4,0
7,5,0
7,9,0
7,10,0
7,14,1
7,16,0
7,17,0
7,18,0
7,21,0
7,22,1
8,1,0
8,2,0
8,4,1
8,5,1
8,7,0
8,9,1
8,10,0
8,12,0
8,14,1
8,16,0
8,17,0
8,18,0
9,2,0
9,5,0
9,6,0
9,12,0
9,14,0
9,16,0
9,19,0
9,20,0
9,22,0
9,23,0
9,24,1
9,25,0
10,2,0
10,5,1
10,6,1
10,7,0
10,8,0
10,9,1
10,10,1
10,11,0
10,12,0
10,13,1
10,16,0
10,21,1
10,24,0
10,25,0
11,2,1
11,5,0
11,6,0
11,10,1
11,12,0
11,14,0
11,15,0
11,16,0
11,19,0
11,21,0
11,23,0
11,24,0
11,25,0
12,2,1
12,3,1
12,4,1
12,7,0
12,11,1
12,15,0
12,16,0
12,17,0
12,19,0
12,20,1
12,21,0
12,24,1
13,1,0
13,3,1
13,5,0
13,7,0
13,8,1
13,13,0
13,14,0
13,15,0
13,16,1
13,19,1
13,21,0
13,22,0
13,23,0
13,25,0
14,1,0
14,2,1
14,5,1
14,6,1
14,10,0
14,11,0
14,12,0
14,14,1
14,16,0
14,21,0
14,25,0
15,1,1
15,2,1
15,3,1
15,7,0
15,8,1
15,9,0
15,10,0
15,16,0
15,17,1
15,20,0
15,21,1
15,22,0
15,25,0
16,1,1
16,2,0
16,4,0
16,8,0
16,9,0
16,14,0
16,16,0
16,17,1
16,19,0
16,20,0
16,21,1
17,1,1
17,2,1
17,4,0
17,5,1
17,6,0
17,9,0
17,10,0
17,11,1
17,17,1
17,18,0
17,19,0
17,20,0
17,21,0
18,2,0
18,3,1
18,4,1
18,5,0
18,7,0
18,10,0
18,11,1
18,12,0
18,14,0
18,15,1
18,18,0
18,19,0
18,22,1
18,23,1
19,5,1
19,6,0
19,7,1
19,12,1
19,14,1
19,15,1
19,22,0
19,23,1
19,24,1
19,25,0
20,1,1
20,2,1
20,5,0
20,6,0
20,7,1
20,10,1
20,11,0
20,12,0
20,14,0
20,18,0
20,19,0
20,22,0
20,24,0
21,1,1
21,4,0
21,6,0
21,11,0
21,12,1
21,13,1
21,15,0
21,16,0
21,17,0
21,19,0
21,21,0
22,1,1
22,2,0
22,5,0
22,8,1
22,10,1
22,11,0
22,13,1
22,16,0
22,18,0
22,19,0
22,20,1
22,21,0
22,22,0
22,25,0
23,1,1
23,2,1
23,4,0
23,5,0
23,9,0
23,10,0
23,12,1
23,13,1
23,15,1
23,18,0
23,21,1
23,22,0
23,25,1
24,1,1
24,6,0
24,9,1
24,10,0
24,11,0
24,13,0
24,19,0
24,21,1
24,22,1
24,25,0
25,3,0
25,4,1
25,9,0
25,10,1
25,13,0
25,16,0
25,17,0
25,19,0
25,23,0
25,24,0
26,1,0
26,2,1
26,3,1
26,4,0
26,6,0
26,11,1
26,12,1
26,13,0
26,14,0
26,15,0
26,17,1
26,25,1
27,3,0
27,4,0
27,8,0
27,9,1
27,12,1
27,14,0
27,15,0
27,20,1
27,21,1
27,23,0
27,24,0
27,25,0
28,2,0
28,3,0
28,4,0
28,5,0
28,9,1
28,11,0
28,13,0
28,14,0
28,16,0
28,24,0
28,25,0
29,6,0
29,7,0
29,8,0
29,9,0
29,10,1
29,11,0
29,14,1
29,15,0
29,16,0
29,17,0
29,20,0
29,21,0
29,22,0
30,1,0
30,3,0
30,8,0
30,11,1
30,13,0
30,14,0
30,15,1
30,16,0
30,21,1
30,22,0
30,23,0
30,24,1
30,25,0
31,4,1
31,5,0
31,6,0
31,8,1
31,12,1
31,13,0
31,16,0
31,17,1
31,18,0
31,20,0
31,23,0
31,25,0
32,3,0
32,6,0
32,8,0
32,12,1
32,14,0
32,16,0
32,17,0
32,19,0
32,20,0
32,21,0
32,22,1
32,23,0
32,24,1
33,2,1
33,3,1
33,4,1
33,6,0
33,7,1
33,8,0
33,11,0
33,12,0
33,15,1
33,19,0
33,21,0
33,23,0
33,24,0
34,2,1
34,5,0
34,9,1
34,10,1
34,13,0
34,15,0
34,20,1
34,21,1
34,22,0
34,25,1
35,3,1
35,4,0
35,5,1
35,6,1
35,7,0
35,9,0
35,10,1
35,15,0
35,18,1
35,19,0
35,21,0
35,25,0
36,1,1
36,2,1
36,5,1
36,9,1
36,10,0
36,11,1
36,14,1
36,15,0
36,17,0
36,20,0
36,21,0
36,23,0
36,24,0
36,25,0
37,5,1
37,6,1
37,8,0
37,11,1
37,13,0
37,15,1
37,16,0
37,18,1
37,19,1
37,22,1
37,24,1
37,25,0
38,1,0
38,2,1
38,3,1
38,5,1
38,6,0
38,9,0
38,11,1
38,13,0
38,15,0
38,17,0
38,19,1
38,20,0
38,21,0
38,23,0
39,1,1
39,3,0
39,5,1
39,6,0
39,13,0
39,15,0
39,17,0
39,18,1
39,21,0
39,25,1
40,6,0
40,7,0
40,9,0
40,12,1
40,14,0
40,18,0
40,19,0
40,20,1
40,21,1
40,22,0
40,25,1
41,1,0
41,3,0
41,4,0
41,6,0
41,10,1
41,11,0
41,13,0
41,15,0
41,17,0
41,18,0
41,20,0
41,21,1
41,24,0
42,2,0
42,3,1
42,6,1
42,11,1
42,14,0
42,15,0
42,20,0
42,21,0
42,23,0
42,25,0
43,1,1
43,3,0
43,7,0
43,8,0
43,9,0
43,13,1
43,14,1
43,16,0
43,17,0
43,18,0
43,20,0
43,23,0
43,25,1
44,2,0
44,5,0
44,8,0
44,12,1
44,13,0
44,15,0
44,18,0
44,21,0
44,22,0
44,23,0
44,24,0
45,3,0
45,6,0
45,7,0
45,8,1
45,9,0
45,10,1
45,11,0
45,13,0
45,14,1
45,19,0
45,20,0
46,2,0
46,3,0
46,6,0
46,11,0
46,12,0
46,13,0
46,15,0
46,16,0
46,20,0
46,25,0
47,2,0
47,4,0
47,7,0
47,8,0
47,9,1
47,11,0
47,12,0
47,14,1
47,16,1
47,19,0
47,25,0
48,1,0
48,3,1
48,6,1
48,8,1
48,11,0
48,12,0
48,13,0
48,14,0
48,16,1
48,18,0
48,19,1
48,21,0
48,23,1
48,25,0
49,2,0
49,4,1
49,5,0
49,6,0
49,8,1
49,9,0
49,15,0
49,16,0
49,18,0
49,20,0
49,25,0
50,1,0
50,3,1
50,5,0
50,9,1
50,10,0
50,13,1
50,15,0
50,17,1
50,18,0
50,19,1
50,21,0
50,22,0
50,23,1
51,1,0
51,4,0
51,7,0
51,8,1
51,9,0
51,10,0
51,11,0
51,13,0
51,16,0
51,19,0
51,22,0
51,24,1
51,25,0
52,2,0
52,3,1
52,5,0
52,7,0
52,9,0
52,10,0
52,11,0
52,15,0
52,16,0
52,18,0
52,19,0
52,20,0
52,25,0
53,1,1
53,2,1
53,4,0
53,6,0
53,9,1
53,12,1
53,14,1
53,15,0
53,17,1
53,18,0
53,20,1
53,23,0
53,24,1
54,2,1
54,3,0
54,4,0
54,6,1
54,9,0
54,10,1
54,11,0
54,12,1
54,13,1
54,14,1
54,16,0
54,19,1
54,21,0
54,23,0
55,1,1
55,4,1
55,8,0
55,11,1
55,12,1
55,14,1
55,17,1
55,19,0
55,20,0
55,22,0
55,24,0
55,25,0
56,4,1
56,7,0
56,8,0
56,14,0
56,15,0
56,16,0
56,21,0
56,23,0
56,24,0
56,25,0
57,2,1
57,4,0
57,6,0
57,8,0
57,9,1
57,10,0
57,12,1
57,14,1
57,17,1
57,18,1
57,19,0
57,21,0
57,24,1
58,2,1
58,3,1
58,10,0
58,11,0
58,14,0
58,15,0
58,18,0
58,19,0
58,23,1
58,24,1
58,25,0
59,1,0
59,4,0
59,7,1
59,8,1
59,9,1
59,11,1
59,13,0
59,14,0
59,15,1
59,16,0
59,17,0
59,21,1
59,24,0
60,6,0
60,7,0
60,8,1
60,9,1
60,12,0
60,13,0
60,14,0
60,17,0
60,18,0
60,20,0
60,24,1
61,2,1
61,7,1
61,9,0
61,10,0
61,12,1
61,14,0
61,15,1
61,17,0
61,18,0
61,21,0
61,25,0
62,4,1
62,6,0
62,7,1
62,8,1
62,10,1
62,12,1
62,13,0
62,15,0
62,19,0
62,21,0
62,22,0
62,23,0
62,25,0
63,1,0
63,2,0
63,3,0
63,5,0
63,8,1
63,11,1
63,13,1
63,16,0
63,19,0
63,20,0
63,21,1
63,23,0
63,24,0
63,25,0
64,1,0
64,5,0
64,6,0
64,8,0
64,10,1
64,11,1
64,15,0
64,16,0
64,18,0
64,19,1
64,22,0
65,1,1
65,3,0
65,5,1
65,8,0
65,9,0
65,13,0
65,14,1
65,16,1
65,18,0
65,19,1
65,22,0
66,2,1
66,4,0
66,6,1
66,11,1
66,12,0
66,13,0
66,14,0
66,15,0
66,17,0
66,20,0
66,21,1
66,22,1
66,24,0
67,2,1
67,3,0
67,4,0
67,5,1
67,11,0
67,12,0
67,15,1
67,16,0
67,19,1
67,20,1
67,22,0
68,1,0
68,5,1
68,8,1
68,11,0
68,13,0
68,14,1
68,15,0
68,18,1
68,19,0
68,20,0
68,21,1
69,1,0
69,4,0
69,5,1
69,7,0
69,8,0
69,12,0
69,13,0
69,14,1
69,20,0
69,21,0
69,22,0
69,23,0
69,24,0
70,4,1
70,6,0
70,7,0
70,8,1
70,10,0
70,13,0
70,15,0
70,16,0
70,17,0
70,18,0
70,20,0
70,23,1
70,25,0
71,4,0
71,8,0
71,9,0
71,10,0
71,11,0
71,15,0
71,17,1
71,18,0
71,21,0
71,24,0
72,1,0
72,2,0
72,3,0
72,4,1
72,5,0
72,6,1
72,7,0
72,10,0
72,14,0
72,17,1
72,20,0
72,21,0
72,23,1
72,25,1
73,2,0
73,3,1
73,4,1
73,5,1
73,6,0
73,10,0
73,11,0
73,12,1
73,15,1
73,16,0
73,17,1
73,19,0
73,21,1
73,22,0
74,4,0
74,8,1
74,10,1
74,11,1
74,12,0
74,13,0
74,14,0
74,15,1
74,19,0
74,21,0
74,22,1
75,1,1
75,2,0
75,4,1
75,6,0
75,7,1
75,12,1
75,13,0
75,14,1
75,16,0
75,18,0
75,21,0
75,22,0
75,24,0
75,25,1
76,1,1
76,2,1
76,4,0
76,5,0
76,6,1
76,10,1
76,13,1
76,15,1
76,16,1
76,17,1
76,19,1
77,5,0
77,8,0
77,9,0
77,10,0
77,11,0
77,15,1
77,18,0
77,19,0
77,21,0
77,24,1
78,1,1
78,4,1
78,5,1
78,6,1
78,7,1
78,9,0
78,13,1
78,15,0
78,16,0
78,17,0
78,19,0
78,20,0
78,22,0
79,1,1
79,2,0
79,4,1
79,9,0
79,13,1
79,14,1
79,17,0
79,18,0
79,19,1
79,21,0
79,22,0
79,23,0
79,24,1
80,4,0
80,6,1
80,7,0
80,8,0
80,12,1
80,13,0
80,17,0
80,18,0
80,20,0
80,21,0
80,23,0
80,24,1
80,25,0
81,1,1
81,4,0
81,5,0
81,6,1
81,11,0
81,13,0
81,16,0
81,17,0
81,19,1
81,20,0
81,22,0
81,23,0
81,24,0
81,25,0
82,2,0
82,4,0
82,5,0
82,6,0
82,7,1
82,13,1
82,16,1
82,19,1
82,22,0
82,23,0
83,2,0
83,3,1
83,4,0
83,5,0
83,6,0
83,9,0
83,13,0
83,14,0
83,15,0
83,17,0
83,19,1
83,21,1
83,23,1
83,24,0
84,1,0
84,2,0
84,4,0
84,8,0
84,9,0
84,10,1
84,12,0
84,14,0
84,16,0
84,18,0
84,20,1
84,21,1
84,23,0
84,24,0
85,1,0
85,3,1
85,5,0
85,8,0
85,11,1
85,13,0
85,14,0
85,18,0
85,22,0
85,25,0
86,1,0
86,3,1
86,4,1
86,10,0
86,12,0
86,13,0
86,17,1
86,18,0
86,24,0
86,25,1
87,1,1
87,5,0
87,7,1
87,8,0
87,14,0
87,15,0
87,21,0
87,22,0
87,23,1
87,25,1
88,2,0
88,3,1
88,6,1
88,8,0
88,9,0
88,11,1
88,12,1
88,19,0
88,20,0
88,21,0
89,3,0
89,6,0
89,8,0
89,9,1
89,10,0
89,12,0
89,14,0
89,17,0
89,18,0
89,19,0
89,20,0
89,21,1
89,25,0
90,2,1
90,3,1
90,7,1
90,8,0
90,9,1
90,12,0
90,14,0
90,15,0
90,16,0
90,20,0
90,21,0
90,22,0
91,2,0
91,3,0
91,5,1
91,6,0
91,9,0
91,10,1
91,11,1
91,12,1
91,15,0
91,23,1
91,24,1
91,25,0
92,1,0
92,3,0
92,5,1
92,7,0
92,9,1
92,13,0
92,15,0
92,19,1
92,20,0
92,25,0
93,2,1
93,3,0
93,5,1
93,8,0
93,9,1
93,13,0
93,15,1
93,16,1
93,18,0
93,19,1
93,21,1
93,25,0
94,1,0
94,3,1
94,4,1
94,12,1
94,13,0
94,15,0
94,16,0
94,17,0
94,18,0
94,21,0
94,22,1
94,25,1
95,4,1
95,7,1
95,8,0
95,9,0
95,10,0
95,12,1
95,15,0
95,20,0
95,21,0
95,23,0
96,3,0
96,6,1
96,8,1
96,10,0
96,11,0
96,12,1
96,13,1
96,15,0
96,16,0
96,18,1
96,19,0
96,22,1
97,3,0
97,6,0
97,7,0
97,9,1
97,12,0
97,13,1
97,14,0
97,16,0
97,19,1
97,21,1
97,22,0
97,23,0
97,24,0
97,25,0
98,3,0
98,7,1
98,8,0
98,11,1
98,12,1
98,16,1
98,18,0
98,20,0
98,21,0
98,22,0
98,23,1
99,3,0
99,5,0
99,8,1
99,11,1
99,12,0
99,15,0
99,17,0
99,18,1
99,20,0
99,21,1
99,24,0
100,7,0
100,8,0
100,12,1
100,14,1
100,15,0
100,18,0
100,19,0
100,22,1
100,23,0
100,24,1
101,1,0
101,3,0
101,4,0
101,7,1
101,8,0
101,9,1
101,12,0
101,13,0
101,16,1
101,20,0
101,21,0
101,23,0
101,24,0
102,1,0
102,7,1
102,8,1
102,10,0
102,11,1
102,12,0
102,14,1
102,19,1
102,24,0
102,25,0
103,1,0
103,4,1
103,5,0
103,6,0
103,7,0
103,11,0
103,12,1
103,13,1
103,21,0
103,22,0
103,23,0
103,24,0
103,25,0
104,1,1
104,2,1
104,3,0
104,5,0
104,7,1
104,8,1
104,14,1
104,15,1
104,17,0
104,22,0
104,25,0
105,6,0
105,7,0
105,9,0
105,10,1
105,13,0
105,18,1
105,19,0
105,21,0
105,22,1
105,23,0
106,3,0
106,4,1
106,5,0
106,6,1
106,7,0
106,10,1
106,13,0
106,15,0
106,16,0
106,17,1
106,18,1
106,21,1
106,23,1
106,24,0
107,1,0
107,4,1
107,6,0
107,8,0
107,11,0
107,13,1
107,14,1
107,17,1
107,19,1
107,21,1
107,22,0
107,24,1
108,1,0
108,2,0
108,3,0
108,6,1
108,7,0
108,8,0
108,10,0
108,14,0
108,17,0
108,19,0
108,20,0
108,22,0
108,24,0
109,1,0
109,4,0
109,5,0
109,6,0
109,7,1
109,9,1
109,13,0
109,18,1
109,20,0
109,22,0
109,23,1
109,24,0
110,2,0
110,3,1
110,4,1
110,6,1
110,7,1
110,8,1
110,11,0
110,16,0
110,18,1
110,19,0
110,21,0
110,22,0
111,3,0
111,5,1
111,14,1
111,18,0
111,19,1
111,20,1
111,21,0
111,22,0
111,24,0
111,25,0
112,4,1
112,5,0
112,7,0
112,8,1
112,9,0
112,10,1
112,12,1
112,16,1
112,17,0
112,18,0
112,23,0
112,24,0
113,1,0
113,2,0
113,3,1
113,5,0
113,6,0
113,7,1
113,8,0
113,9,1
113,11,1
113,15,0
113,19,0
113,20,1
113,23,1
113,24,1
114,1,0
114,3,1
114,4,1
114,10,1
114,11,0
114,12,1
114,15,0
114,18,0
114,20,1
114,22,0
114,24,0
114,25,0
115,1,0
115,9,0
115,10,0
115,12,0
115,13,0
115,17,0
115,18,0
115,19,0
115,21,1
115,24,1
116,1,1
116,2,1
116,3,1
116,4,1
116,7,0
116,8,1
116,9,0
116,11,1
116,12,1
116,16,1
116,17,1
116,19,0
116,24,0
116,25,0
117,5,0
117,6,1
117,7,0
117,13,1
117,14,0
117,15,0
117,16,1
117,18,0
117,20,1
117,21,0
117,22,1
118,1,0
118,2,1
118,4,1
118,6,1
118,7,1
118,8,1
118,11,0
118,16,0
118,18,0
118,20,0
118,21,0
118,22,1
119,3,0
119,7,1
119,9,1
119,10,0
119,14,0
119,15,1
119,18,1
119,21,1
119,22,1
119,23,0
120,2,1
120,3,1
120,4,1
120,6,0
120,8,1
120,9,0
120,10,1
120,13,0
120,18,0
120,19,0
120,20,0
121,1,0
121,2,0
121,6,1
121,7,1
121,9,1
121,13,0
121,14,0
121,15,1
121,22,1
121,23,1
121,24,0
122,2,0
122,6,0
122,7,0
122,8,0
122,10,0
122,12,0
122,13,0
122,15,1
122,19,1
122,21,0
122,22,0
122,23,1
122,24,0
123,2,0
123,3,0
123,4,1
123,7,0
123,9,0
123,11,0
123,12,0
123,15,0
123,18,0
123,19,0
123,20,0
123,21,0
123,23,0
123,24,0
124,3,0
124,7,0
124,9,1
124,11,1
124,12,0
124,13,0
124,14,0
124,16,0
124,17,0
124,18,1
124,22,0
124,25,0
125,3,0
125,6,0
125,12,1
125,14,0
125,17,1
125,19,0
125,21,0
125,22,1
125,23,0
125,24,0
126,2,1
126,6,0
126,9,0
126,10,1
126,11,0
126,12,0
126,15,0
126,16,0
126,18,0
126,19,0
126,20,0
126,24,0
126,25,0
127,2,0
127,3,0
127,4,1
127,5,0
127,7,1
127,10,1
127,11,0
127,14,0
127,15,0
127,20,0
127,21,0
127,22,0
127,23,0
127,25,0
128,1,0
128,2,0
128,3,0
128,4,0
128,7,1
128,8,0
128,10,0
128,13,1
128,14,0
128,15,0
128,18,1
128,19,0
128,24,0
129,3,0
129,6,1
129,7,0
129,8,1
129,11,1
129,12,1
129,14,0
129,15,1
129,18,1
129,19,1
129,20,0
129,23,0
129,24,1
129,25,0
130,2,0
130,3,0
130,6,1
130,7,0
130,9,0
130,12,0
130,16,0
130,17,1
130,19,0
130,20,0
130,22,1
130,23,0
130,24,0
130,25,0
131,2,1
131,9,1
131,10,0
131,11,1
131,12,0
131,13,1
131,16,1
131,17,0
131,18,0
131,20,0
131,23,0
131,25,0
132,1,1
132,3,0
132,7,1
132,10,1
132,12,0
132,13,0
132,14,0
132,15,0
132,17,1
132,19,0
132,20,0
132,21,0
132,23,1
132,24,0
133,1,1
133,2,0
133,3,0
133,4,0
133,5,0
133,9,0
133,10,1
133,12,0
133,19,0
133,20,0
133,22,0
133,24,0
133,25,0
134,2,1
134,5,0
134,8,0
134,11,1
134,12,0
134,13,0
134,14,0
134,15,0
134,16,1
134,17,0
134,19,0
134,23,0
134,24,0
134,25,0
135,1,0
135,4,0
135,5,0
135,6,0
135,8,0
135,14,0
135,15,0
135,16,0
135,20,0
135,21,1
135,23,0
135,24,0
136,1,0
136,2,1
136,5,0
136,6,0
136,14,0
136,16,0
136,17,1
136,19,1
136,20,0
136,22,0
136,23,0
136,25,1
137,1,1
137,5,0
137,7,0
137,8,0
137,9,1
137,12,0
137,13,0
137,19,0
137,20,0
137,21,0
137,22,0
137,23,0
137,25,0
138,2,1
138,4,1
138,5,0
138,7,1
138,9,0
138,10,1
138,14,0
138,18,0
138,21,0
138,24,0
138,25,0
139,2,0
139,3,0
139,9,0
139,10,0
139,11,1
139,12,1
139,18,0
139,22,0
139,23,0
139,24,0
139,25,0
140,1,0
140,2,1
140,3,1
140,6,0
140,8,0
140,9,1
140,10,0
140,14,0
140,15,0
140,16,0
140,17,0
140,18,0
140,19,1
140,24,0
141,1,0
141,5,1
141,6,1
141,10,0
141,13,0
141,15,0
141,17,0
141,19,1
141,20,1
141,24,0
142,1,1
142,7,0
142,9,0
142,11,1
142,13,0
142,14,0
142,15,1
142,16,0
142,17,0
142,19,1
142,20,0
142,21,0
142,24,0
142,25,0
143,2,0
143,4,1
143,7,0
143,9,0
143,10,1
143,13,0
143,14,1
143,16,1
143,17,1
143,20,0
143,21,0
143,23,1
143,25,0
144,1,1
144,3,0
144,4,1
144,5,1
144,6,1
144,8,1
144,11,0
144,12,0
144,14,0
144,16,1
144,17,0
144,18,1
144,21,0
145,1,1
145,3,0
145,6,0
145,9,1
145,13,1
145,15,0
145,16,0
145,18,1
145,20,0
145,22,0
145,23,0
145,24,0
145,25,0
146,1,0
146,3,1
146,7,0
146,8,1
146,10,0
146,14,0
146,15,0
146,16,0
146,17,0
146,18,0
146,19,1
146,23,0
146,24,0
147,4,1
147,5,1
147,6,1
147,8,0
147,10,0
147,12,1
147,14,1
147,16,1
147,18,0
147,20,0
147,23,0
147,24,0
147,25,0
148,1,0
148,2,1
148,3,0
148,4,1
148,7,1
148,9,0
148,10,1
148,12,1
148,14,0
148,15,1
148,19,1
148,22,0
149,4,1
149,5,1
149,6,0
149,8,1
149,11,1
149,14,1
149,16,0
149,19,0
149,20,1
149,24,1
149,25,1
150,2,1
150,6,1
150,7,1
150,9,0
150,11,1
150,12,1
150,13,1
150,14,1
150,15,1
150,16,1
150,17,0
150,19,0
150,21,0
151,4,0
151,5,1
151,8,0
151,10,0
151,12,0
151,14,0
151,15,1
151,19,0
151,20,0
151,22,0
152,4,1
152,5,1
152,8,0
152,9,0
152,13,0
152,14,0
152,17,0
152,18,1
152,21,0
152,24,0
153,3,1
153,9,1
153,12,1
153,17,0
153,18,0
153,19,0
153,20,0
153,22,0
153,23,0
153,24,1
154,3,1
154,8,1
154,10,1
154,11,0
154,13,0
154,14,0
154,15,0
154,17,0
154,18,0
154,19,1
155,1,0
155,2,1
155,5,0
155,9,0
155,10,0
155,11,0
155,16,1
155,17,1
155,18,0
155,20,0
155,21,0
155,25,1
156,1,1
156,2,0
156,7,1
156,12,1
156,13,0
156,17,0
156,18,0
156,19,0
156,21,0
156,22,0
157,3,1
157,4,1
157,5,0
157,6,0
157,9,1
157,11,0
157,13,1
157,15,0
157,17,0
157,18,0
157,19,1
157,24,0
157,25,0
158,2,1
158,3,0
158,4,1
158,5,1
158,6,1
158,10,0
158,11,0
158,14,0
158,16,1
158,17,1
158,19,0
158,21,1
158,22,0
158,24,0
159,1,0
159,2,1
159,3,0
159,4,1
159,8,1
159,13,1
159,15,0
159,16,1
159,20,0
159,25,1
160,3,1
160,6,0
160,7,0
160,13,0
160,16,1
160,19,1
160,20,1
160,21,1
160,22,0
160,23,0
160,24,0
160,25,0
161,1,1
161,2,0
161,3,0
161,6,1
161,8,1
161,12,0
161,13,1
161,14,0
161,16,0
161,17,0
161,18,1
161,23,0
162,2,1
162,7,1
162,8,1
162,9,0
162,10,0
162,12,1
162,18,0
162,20,0
162,21,0
162,23,0
163,3,0
163,4,1
163,7,1
163,9,0
163,10,0
163,11,0
163,16,0
163,17,0
163,18,0
163,20,0
163,21,0
163,23,0
163,24,0
163,25,0
164,3,1
164,6,1
164,8,0
164,11,0
164,15,0
164,19,0
164,20,1
164,21,0
164,22,0
164,23,1
165,1,1
165,5,1
165,6,1
165,8,0
165,9,1
165,11,0
165,12,1
165,13,1
165,20,0
165,22,0
165,24,1
165,25,0
166,1,1
166,2,0
166,4,0
166,5,0
166,11,0
166,14,1
166,15,0
166,16,0
166,18,0
166,21,0
166,23,1
167,5,1
167,6,1
167,7,0
167,8,1
167,10,1
167,11,1
167,13,1
167,14,0
167,15,0
167,16,0
167,19,0
167,22,0
167,24,1
168,1,1
168,2,1
168,8,0
168,9,0
168,11,1
168,12,1
168,13,0
168,18,0
168,19,0
168,20,1
168,21,0
168,23,0
169,2,0
169,4,0
169,6,1
169,7,0
169,9,1
169,11,1
169,12,0
169,14,0
169,22,0
169,23,0
170,2,1
170,3,0
170,5,1
170,6,1
170,8,1
170,9,0
170,10,1
170,11,1
170,15,0
170,19,0
170,21,0
170,22,1
170,24,0
171,1,1
171,3,0
171,6,0
171,7,0
171,8,0
171,11,0
171,12,1
171,15,0
171,16,0
171,25,1
172,1,0
172,2,0
172,4,0
172,6,1
172,9,1
172,14,0
172,16,0
172,17,0
172,24,0
172,25,0
173,3,0
173,5,1
173,6,0
173,10,0
173,15,1
173,17,1
173,18,0
173,19,0
173,21,0
173,22,0
173,25,0
174,1,0
174,2,0
174,3,0
174,8,0
174,9,0
174,10,0
174,15,0
174,18,0
174,19,1
174,20,0
174,21,0
174,24,0
174,25,0
175,1,1
175,3,0
175,6,0
175,7,0
175,8,1
175,12,0
175,13,1
175,14,0
175,16,1
175,17,0
175,20,0
175,23,0
175,24,0
176,2,0
176,6,0
176,8,0
176,9,1
176,10,1
176,11,1
176,16,1
176,20,0
176,21,0
176,23,0
176,24,0
177,5,1
177,7,0
177,8,1
177,12,0
177,13,0
177,15,1
177,16,0
177,17,0
177,20,0
177,21,1
177,22,0
177,23,0
178,3,0
178,9,0
178,12,1
178,13,0
178,15,0
178,17,0
178,18,1
178,19,1
178,20,1
178,23,0
179,2,0
179,4,0
179,5,0
179,7,0
179,8,0
179,9,1
179,10,0
179,11,0
179,14,0
179,17,0
179,18,0
179,19,1
179,24,0
179,25,1
180,2,0
180,4,1
180,9,0
180,10,0
180,14,0
180,17,0
180,20,0
180,21,0
180,22,0
180,23,0
181,2,1
181,3,1
181,4,1
181,6,1
181,7,0
181,9,1
181,17,0
181,19,0
181,21,1
181,24,0
182,4,1
182,7,0
182,10,0
182,11,1
182,15,1
182,16,0
182,17,0
182,21,0
182,22,1
182,23,1
182,24,0
182,25,0
183,2,0
183,3,0
183,6,1
183,7,0
183,8,0
183,11,1
183,14,0
183,20,1
183,22,0
183,25,0
184,2,0
184,4,1
184,7,0
184,12,0
184,15,1
184,18,1
184,21,1
184,22,0
184,23,0
184,24,0
184,25,1
185,1,0
185,4,0
185,7,0
185,8,1
185,9,0
185,10,0
185,14,1
185,19,0
185,23,1
185,24,0
185,25,0
186,1,1
186,2,0
186,3,0
186,4,0
186,6,0
186,9,1
186,10,0
186,12,1
186,13,0
186,19,1
186,20,0
186,24,1
186,25,0
187,2,1
187,7,1
187,8,0
187,9,0
187,10,1
187,11,0
187,13,0
187,14,0
187,15,0
187,19,0
187,20,0
187,21,0
187,22,0
187,24,0
188,2,1
188,4,0
188,5,0
188,10,1
188,12,0
188,15,0
188,21,0
188,23,0
188,24,0
188,25,0
189,2,0
189,4,0
189,5,1
189,13,0
189,14,1
189,15,0
189,18,1
189,19,1
189,22,0
189,25,1
190,2,0
190,3,1
190,5,1
190,6,0
190,8,0
190,11,0
190,12,1
190,15,1
190,20,0
190,21,0
190,23,1
190,25,1
191,1,0
191,2,1
191,5,1
191,8,0
191,9,0
191,11,0
191,15,0
191,16,0
191,19,0
191,20,0
191,25,0
192,1,0
192,3,1
192,4,0
192,7,1
192,8,0
192,9,0
192,10,0
192,11,1
192,12,0
192,17,0
192,18,0
192,19,0
192,23,1
192,25,0
193,2,0
193,3,1
193,9,0
193,10,1
193,11,0
193,14,1
193,15,1
193,17,0
193,18,0
193,19,1
193,20,1
193,22,1
193,24,0
194,3,0
194,4,1
194,9,0
194,10,0
194,13,0
194,14,0
194,15,0
194,16,0
194,18,0
194,19,0
194,24,0
195,1,0
195,3,0
195,4,1
195,6,1
195,8,1
195,9,1
195,11,1
195,15,1
195,16,1
195,17,0
195,18,0
195,20,1
195,24,1
196,3,1
196,6,1
196,7,1
196,9,1
196,11,1
196,13,0
196,14,1
196,16,1
196,17,1
196,19,0
196,21,0
196,25,0
197,3,0
197,5,0
197,7,1
197,9,0
197,12,0
197,14,0
197,15,0
197,16,0
197,19,1
197,22,0
197,24,0
197,25,1
198,4,0
198,8,0
198,10,1
198,14,1
198,19,0
198,20,0
198,22,0
198,23,0
198,24,0
198,25,1
199,4,1
199,8,0
199,9,1
199,11,0
199,13,0
199,14,0
199,15,0
199,16,0
199,19,0
199,20,1
199,21,1
199,22,0
199,23,0
199,25,0
200,1,0
200,3,1
200,5,0
200,6,0
200,8,1
200,10,0
200,11,0
200,16,0
200,19,1
200,20,0
200,21,0
200,22,0
200,23,0
201,3,0
201,4,1
201,5,0
201,7,1
201,8,1
201,11,0
201,13,1
201,18,0
201,20,0
201,21,1
201,23,0
202,1,1
202,2,1
202,8,0
202,10,1
202,13,0
202,14,0
202,15,0
202,17,0
202,19,0
202,21,0
202,22,1
202,25,0
203,1,0
203,3,0
203,4,0
203,5,1
203,10,1
203,13,0
203,14,0
203,18,1
203,19,1
203,24,1
204,3,0
204,5,1
204,6,0
204,7,1
204,10,1
204,11,0
204,12,0
204,14,0
204,19,1
204,23,0
205,1,1
205,2,1
205,6,0
205,13,0
205,15,1
205,16,0
205,17,1
205,19,1
205,21,0
205,22,1
205,23,0
205,24,1
205,25,1
206,2,1
206,4,0
206,5,0
206,6,0
206,8,0
206,11,0
206,13,0
206,18,0
206,21,0
206,22,1
206,23,1
206,24,0
207,3,0
207,4,0
207,5,0
207,7,1
207,8,1
207,9,0
207,10,1
207,12,1
207,15,0
207,16,0
207,17,0
207,20,0
207,22,1
207,23,0
208,1,0
208,2,0
208,4,0
208,5,0
208,7,0
208,10,0
208,11,0
208,12,0
208,13,0
208,15,0
208,18,0
208,19,0
209,1,1
209,2,0
209,3,0
209,4,0
209,5,1
209,6,0
209,9,0
209,10,0
209,11,0
209,18,0
209,20,0
209,21,1
209,24,0
210,1,1
210,3,0
210,4,1
210,8,1
210,9,1
210,12,1
210,15,0
210,16,0
210,17,0
210,19,1
210,22,0
210,23,0
210,25,1
211,1,1
211,2,0
211,4,0
211,9,1
211,11,1
211,12,0
211,16,0
211,19,1
211,21,0
211,22,0
211,23,0
211,25,0
212,3,0
212,4,0
212,5,1
212,6,0
212,7,0
212,11,1
212,14,1
212,15,0
212,18,0
212,19,1
212,21,1
212,22,0
212,25,0
213,1,0
213,3,0
213,4,1
213,6,0
213,7,1
213,9,1
213,10,1
213,12,0
213,20,0
213,21,0
213,23,1
213,24,0
214,1,1
214,2,0
214,3,0
214,5,0
214,9,1
214,10,0
214,11,1
214,15,0
214,20,0
214,23,0
214,25,1
215,1,1
215,3,1
215,4,1
215,9,1
215,10,0
215,13,1
215,16,1
215,20,0
215,21,1
215,22,0
215,24,1
215,25,1
216,1,1
216,3,1
216,6,1
216,9,1
216,10,0
216,11,1
216,15,0
216,17,1
216,19,0
216,20,0
216,21,0
216,24,0
217,1,1
217,2,0
217,3,0
217,4,0
217,5,1
217,12,0
217,14,0
217,16,1
217,17,0
217,20,0
217,22,0
217,23,1
217,24,0
218,1,1
218,2,1
218,6,1
218,7,1
218,12,0
218,13,0
218,14,0
218,15,1
218,17,1
218,18,1
218,21,0
218,23,0
218,24,0
219,4,1
219,7,0
219,9,0
219,10,1
219,11,0
219,14,0
219,16,1
219,19,0
219,21,0
219,24,0
220,3,1
220,5,0
220,6,0
220,8,0
220,16,0
220,20,0
220,21,0
220,22,0
220,24,0
220,25,1
221,2,0
221,3,1
221,9,0
221,10,1
221,11,0
221,12,0
221,14,0
221,18,0
221,19,1
221,21,0
221,22,0
222,3,1
222,4,0
222,6,0
222,7,1
222,10,0
222,13,1
222,14,0
222,15,0
222,19,0
222,23,0
223,3,1
223,5,0
223,7,1
223,10,1
223,11,1
223,13,0
223,17,0
223,19,0
223,21,0
223,23,0
223,24,0
223,25,1
224,2,0
224,5,0
224,7,1
224,8,0
224,10,0
224,13,0
224,17,0
224,18,1
224,19,0
224,20,0
224,22,0
224,24,0
224,25,0
225,3,0
225,4,0
225,5,1
225,10,1
225,13,0
225,14,0
225,16,0
225,22,0
225,23,0
225,24,0
226,1,0
226,2,0
226,3,0
226,8,0
226,10,0
226,12,0
226,15,0
226,17,0
226,22,0
226,23,0
227,1,0
227,3,0
227,4,0
227,5,0
227,8,0
227,9,1
227,11,1
227,17,0
227,20,1
227,24,0
227,25,1
228,2,1
228,3,1
228,4,1
228,6,0
228,9,1
228,12,0
228,13,0
228,18,0
228,22,0
228,24,1
228,25,0
229,2,1
229,3,1
229,4,0
229,5,0
229,6,1
229,8,0
229,10,1
229,11,0
229,12,0
229,18,0
229,19,0
229,20,0
230,1,1
230,2,1
230,3,1
230,7,1
230,8,0
230,10,0
230,13,0
230,14,1
230,15,0
230,20,1
230,22,0
230,23,0
230,25,0
231,1,1
231,3,0
231,4,0
231,5,0
231,7,0
231,8,1
231,12,1
231,14,0
231,17,0
231,18,0
231,19,0
232,1,1
232,8,0
232,10,1
232,14,0
232,15,0
232,16,1
232,20,0
232,21,0
232,22,0
232,25,0
233,1,1
233,2,1
233,6,0
233,8,0
233,9,0
233,12,0
233,13,1
233,15,0
233,16,0
233,17,0
233,19,0
233,23,0
233,24,0
234,1,0
234,3,0
234,4,1
234,6,1
234,8,1
234,13,0
234,14,1
234,15,0
234,16,0
234,17,0
234,20,0
234,21,1
234,23,1
235,1,0
235,2,0
235,3,0
235,4,0
235,5,1
235,10,0
235,13,0
235,15,0
235,17,0
235,21,0
236,6,0
236,8,1
236,9,0
236,10,0
236,11,0
236,12,0
236,13,0
236,15,0
236,19,0
236,20,0
236,23,0
237,3,0
237,6,0
237,10,1
237,13,1
237,14,0
237,17,1
237,18,0
237,20,1
237,21,1
237,23,0
238,2,0
238,4,0
238,6,1
238,7,1
238,8,1
238,9,0
238,11,1
238,12,0
238,13,0
238,18,1
238,19,0
238,21,0
238,25,0
239,1,0
239,5,0
239,6,0
239,7,1
239,8,0
239,12,1
239,13,0
239,15,0
239,16,1
239,17,0
239,18,0
239,19,0
239,22,1
239,23,1
240,1,1
240,2,0
240,6,1
240,7,0
240,9,0
240,10,1
240,12,0
240,14,0
240,15,0
240,17,0
240,18,0
240,19,1
240,20,0
240,21,0
241,3,0
241,4,1
241,6,1
241,9,0
241,10,0
241,11,0
241,12,0
241,13,0
241,21,0
241,23,1
241,24,0
241,25,0
242,1,1
242,4,0
242,6,0
242,8,0
242,9,0
242,11,0
242,19,0
242,21,0
242,23,1
242,24,0
243,2,1
243,4,1
243,5,0
243,6,1
243,11,0
243,13,0
243,14,0
243,15,1
243,22,1
243,23,1
244,3,0
244,5,0
244,6,1
244,7,1
244,8,1
244,9,0
244,10,0
244,11,0
244,17,0
244,19,1
244,22,0
244,23,0
245,1,0
245,4,0
245,5,0
245,6,1
245,7,0
245,8,1
245,9,1
245,10,0
245,13,1
245,20,0
245,24,0
245,25,1
246,1,1
246,2,1
246,3,0
246,5,0
246,7,0
246,8,0
246,12,0
246,13,1
246,15,0
246,16,1
246,21,1
246,23,1
247,1,1
247,4,0
247,5,1
247,6,1
247,7,1
247,8,1
247,12,1
247,13,0
247,14,1
247,16,0
247,20,1
247,21,1
247,25,0
248,2,1
248,3,0
248,5,1
248,8,0
248,9,1
248,10,0
248,16,0
248,18,1
248,23,0
248,24,0
249,3,1
249,9,0
249,10,0
249,11,1
249,14,1
249,15,0
249,16,0
249,18,0
249,20,1
249,21,0
249,22,0
249,24,0
249,25,1
250,5,0
250,6,0
250,10,1
250,11,1
250,12,1
250,14,0
250,15,0
250,16,0
250,17,0
250,18,0
250,19,1
250,24,0
251,1,1
251,2,0
251,6,1
251,7,1
251,8,0
251,9,1
251,10,1
251,11,0
251,14,1
251,17,0
252,1,1
252,4,1
252,7,0
252,8,0
252,10,1
252,11,0
252,13,0
252,15,0
252,16,1
252,18,1
252,19,1
252,20,0
252,21,0
253,1,0
253,2,0
253,3,0
253,4,0
253,5,0
253,7,0
253,8,1
253,15,0
253,16,0
253,17,0
253,18,1
253,20,0
253,22,0
254,3,0
254,4,0
254,8,1
254,9,1
254,10,0
254,11,1
254,15,0
254,17,1
254,20,0
254,23,1
254,24,0
254,25,1
255,1,1
255,2,0
255,4,0
255,7,0
255,8,0
255,10,0
255,13,0
255,16,0
255,20,0
255,23,0
256,1,1
256,2,0
256,3,0
256,6,0
256,8,1
256,9,0
256,11,1
256,17,0
256,18,0
256,21,0
256,22,0
256,24,0
257,3,1
257,4,1
257,5,1
257,10,0
257,12,1
257,14,1
257,15,1
257,19,1
257,22,0
257,23,0
258,1,0
258,3,1
258,4,0
258,6,0
258,7,0
258,10,1
258,11,1
258,12,1
258,13,1
258,14,1
258,16,1
258,19,0
258,22,0
258,25,0
259,2,0
259,6,0
259,7,1
259,13,0
259,14,0
259,18,0
259,19,0
259,20,1
259,22,0
259,23,0
259,24,0
260,4,1
260,5,0
260,6,1
260,7,1
260,8,0
260,9,1
260,13,0
260,15,0
260,21,0
260,23,0
260,24,1
261,1,1
261,2,0
261,3,0
261,11,1
261,12,1
261,14,0
261,17,0
261,19,0
261,21,0
261,22,0
261,25,0
262,3,1
262,7,0
262,10,1
262,11,1
262,12,0
262,14,1
262,15,1
262,16,1
262,18,1
262,20,0
262,21,0
262,24,0
263,3,0
263,4,0
263,6,1
263,8,0
263,10,0
263,11,0
263,15,0
263,16,0
263,18,0
263,21,0
263,22,0
263,23,0
263,24,1
263,25,0
264,4,0
264,5,0
264,7,1
264,8,0
264,15,0
264,17,1
264,19,0
264,20,0
264,22,1
264,24,0
265,1,1
265,6,0
265,8,1
265,9,0
265,10,1
265,11,1
265,12,0
265,18,0
265,19,1
265,20,1
265,22,0
265,24,0
265,25,1
266,1,1
266,2,1
266,3,0
266,10,1
266,11,1
266,12,0
266,13,0
266,21,0
266,22,1
266,23,1
267,1,1
267,2,1
267,4,0
267,5,1
267,6,0
267,8,0
267,9,0
267,11,1
267,13,0
267,15,0
267,16,0
267,22,1
267,24,0
268,1,1
268,7,1
268,8,0
268,11,0
268,14,0
268,15,0
268,16,1
268,23,1
268,24,1
268,25,1
269,2,0
269,3,0
269,4,0
269,5,0
269,7,0
269,9,0
269,14,0
269,15,1
269,17,1
269,19,0
269,21,0
269,22,0
269,23,0
269,24,1
270,2,0
270,5,0
270,7,1
270,8,1
270,10,1
270,11,0
270,12,0
270,15,1
270,16,1
270,18,1
270,20,0
270,24,0
270,25,1
271,2,0
271,4,0
271,8,0
271,13,0
271,14,0
271,15,1
271,16,1
271,17,0
271,18,0
271,22,0
271,23,1
271,25,0
272,3,1
272,8,0
272,9,0
272,14,0
272,15,0
272,16,1
272,17,1
272,19,0
272,24,0
272,25,0
273,3,0
273,5,0
273,8,0
273,10,0
273,11,0
273,14,0
273,15,0
273,19,0
273,20,1
273,25,0
274,2,0
274,3,0
274,6,0
274,7,0
274,11,1
274,14,1
274,17,0
274,18,0
274,21,0
274,22,0
274,23,0
274,24,0
274,25,0
275,1,1
275,2,0
275,5,1
275,8,0
275,9,1
275,10,0
275,11,0
275,13,0
275,16,0
275,17,0
275,18,1
275,21,0
276,2,0
276,3,0
276,4,0
276,9,0
276,11,1
276,12,0
276,15,0
276,16,1
276,19,0
276,20,1
276,22,0
276,23,0
277,6,1
277,7,1
277,8,0
277,9,1
277,11,0
277,12,0
277,14,1
277,15,0
277,18,0
277,19,1
277,22,0
277,23,0
277,24,0
277,25,0
278,1,0
278,2,1
278,6,0
278,8,0
278,9,0
278,14,0
278,16,0
278,17,1
278,18,0
278,20,0
278,22,0
278,24,0
279,2,0
279,5,1
279,6,0
279,7,1
279,11,0
279,12,0
279,16,0
279,19,0
279,21,0
279,22,1
279,23,1
279,24,1
280,1,1
280,6,1
280,7,1
280,8,1
280,9,1
280,13,0
280,15,1
280,16,0
280,17,0
280,18,1
280,20,0
280,23,0
281,1,0
281,2,0
281,10,1
281,11,1
281,13,1
281,14,0
281,15,0
281,17,1
281,19,0
281,23,0
281,24,0
282,2,0
282,3,1
282,4,0
282,5,1
282,6,0
282,8,1
282,10,1
282,12,1
282,13,0
282,14,0
282,17,0
282,19,1
282,23,0
282,24,1
283,5,0
283,6,0
283,8,1
283,10,1
283,12,0
283,13,0
283,15,1
283,16,0
283,22,0
283,23,1
284,2,1
284,4,0
284,5,0
284,8,0
284,9,1
284,10,1
284,13,1
284,14,0
284,15,0
284,16,1
284,20,0
284,21,1
284,24,0
285,7,0
285,8,1
285,9,0
285,12,0
285,13,0
285,14,0
285,15,0
285,17,0
285,20,0
285,24,0
286,2,0
286,5,0
286,8,1
286,9,1
286,12,1
286,13,1
286,15,1
286,16,0
286,17,0
286,18,0
286,19,0
286,21,1
286,22,0
286,25,0
287,1,0
287,2,1
287,3,0
287,4,1
287,5,1
287,10,0
287,11,0
287,12,0
287,13,0
287,14,0
287,16,0
287,19,1
287,22,0
288,2,0
288,6,0
288,7,0
288,9,0
288,10,0
288,11,0
288,14,0
288,15,1
288,18,0
288,20,0
288,21,0
288,22,0
288,24,1
288,25,0
289,1,1
289,4,0
289,5,0
289,6,1
289,8,1
289,11,0
289,12,0
289,15,0
289,16,0
289,18,0
289,22,0
289,23,0
290,1,1
290,3,0
290,5,1
290,11,1
290,12,1
290,13,1
290,15,1
290,16,1
290,18,1
290,20,1
290,21,0
290,22,0
290,23,0
291,3,0
291,4,1
291,5,0
291,7,1
291,9,0
291,11,1
291,13,0
291,16,0
291,17,0
291,19,0
291,23,0
291,24,0
292,1,1
292,2,0
292,4,0
292,7,1
292,9,1
292,14,1
292,19,0
292,20,0
292,22,0
292,24,0
293,3,1
293,5,0
293,7,0
293,9,1
293,10,0
293,11,1
293,13,0
293,14,0
293,16,1
293,20,0
294,3,0
294,4,0
294,5,0
294,8,1
294,12,1
294,13,1
294,14,0
294,15,0
294,17,0
294,18,0
294,23,0
294,24,0
294,25,0
295,3,1
295,5,0
295,8,0
295,9,0
295,11,0
295,13,1
295,14,0
295,16,0
295,19,0
295,20,0
295,21,0
295,22,0
295,24,0
296,1,0
296,2,1
296,3,1
296,6,0
296,8,1
296,9,0
296,10,1
296,13,0
296,16,1
296,17,0
296,18,0
296,22,0
296,23,0
296,24,0
297,1,0
297,3,1
297,4,0
297,7,0
297,9,0
297,11,0
297,13,0
297,14,0
297,16,1
297,17,1
297,19,0
297,20,1
297,21,0
297,24,1
298,2,0
298,5,0
298,8,0
298,10,0
298,11,0
298,13,0
298,14,0
298,15,1
298,16,1
298,17,0
298,21,0
298,24,0
299,1,1
299,3,1
299,4,0
299,6,0
299,8,1
299,9,0
299,10,1
299,13,0
299,16,0
299,17,0
299,18,1
299,22,1
299,23,0
300,1,0
300,2,1
300,3,0
300,6,0
300,7,0
300,8,0
300,16,0
300,17,1
300,19,0
300,25,1
301,1,0
301,3,1
301,4,0
301,7,0
301,8,1
301,12,1
301,14,0
301,16,1
301,17,0
301,18,0
301,19,1
301,23,0
301,24,1
301,25,0
302,1,0
302,2,1
302,4,0
302,6,0
302,7,0
302,9,0
302,10,1
302,12,1
302,15,1
302,16,1
302,18,0
302,21,0
302,24,0
302,25,0
303,2,1
303,5,1
303,6,0
303,11,1
303,14,1
303,15,1
303,17,1
303,18,0
303,23,0
303,24,0
304,1,1
304,3,0
304,5,0
304,6,1
304,7,0
304,9,0
304,11,0
304,12,1
304,15,0
304,19,0
304,20,0
304,22,0
304,23,0
304,24,1
305,1,1
305,7,1
305,9,1
305,11,1
305,15,0
305,17,0
305,18,1
305,19,1
305,20,1
305,21,1
305,22,1
305,23,1
306,2,0
306,4,1
306,5,0
306,6,1
306,7,0
306,9,1
306,12,1
306,13,0
306,14,0
306,16,0
306,17,0
306,22,1
306,23,0
307,1,0
307,4,0
307,10,0
307,12,0
307,13,0
307,14,1
307,16,0
307,17,0
307,20,0
307,25,0
308,3,1
308,6,0
308,8,1
308,9,1
308,10,1
308,11,1
308,13,0
308,14,1
308,15,0
308,16,1
308,18,0
308,22,1
308,25,1
309,4,1
309,8,0
309,9,1
309,10,1
309,11,1
309,12,0
309,14,1
309,15,0
309,16,0
309,18,1
309,19,1
309,20,1
309,22,0
309,25,1
310,1,1
310,2,0
310,3,0
310,5,1
310,7,0
310,8,0
310,9,0
310,11,1
310,13,0
310,18,1
310,19,0
310,21,0
310,23,0
310,24,1
311,2,1
311,4,0
311,5,0
311,8,1
311,9,1
311,10,0
311,13,0
311,20,1
311,22,0
311,24,1
312,3,1
312,5,1
312,6,0
312,7,1
312,9,0
312,10,1
312,13,0
312,14,0
312,18,1
312,22,0
312,23,0
312,24,0
313,1,1
313,2,1
313,3,0
313,4,1
313,6,0
313,11,0
313,13,0
313,17,0
313,18,0
313,19,0
313,22,0
314,1,0
314,2,0
314,3,0
314,4,0
314,7,1
314,11,0
314,13,0
314,18,1
314,21,0
314,23,1
315,1,1
315,3,0
315,7,1
315,11,1
315,12,0
315,13,0
315,18,1
315,21,0
315,22,0
315,24,1
315,25,0
316,4,0
316,5,1
316,7,0
316,9,0
316,13,0
316,16,0
316,17,0
316,19,0
316,21,0
316,22,0
316,25,0
317,1,0
317,2,0
317,8,0
317,10,1
317,11,0
317,17,0
317,18,0
317,19,0
317,20,0
317,22,1
317,24,0
317,25,0
318,3,0
318,7,0
318,10,1
318,13,1
318,14,0
318,16,1
318,17,0
318,18,0
318,19,1
318,24,0
318,25,0
319,1,0
319,5,0
319,6,0
319,7,0
319,9,1
319,11,1
319,12,0
319,13,0
319,16,0
319,19,1
319,22,0
320,5,1
320,6,0
320,7,0
320,8,0
320,9,0
320,11,1
320,12,1
320,14,1
320,19,0
320,20,0
320,21,0
320,23,1
321,3,0
321,9,1
321,10,0
321,11,1
321,13,0
321,14,0
321,16,0
321,19,1
321,21,1
321,23,0
321,24,0
322,1,0
322,2,0
322,3,0
322,5,0
322,11,0
322,12,0
322,13,0
322,16,0
322,17,0
322,21,0
322,23,0
323,1,1
323,2,0
323,4,1
323,7,1
323,10,0
323,15,1
323,16,1
323,18,0
323,20,0
323,23,0
323,25,1
324,1,1
324,5,0
324,7,0
324,8,1
324,13,0
324,14,0
324,15,0
324,20,0
324,21,0
324,22,0
325,5,0
325,6,1
325,7,0
325,10,1
325,11,1
325,15,1
325,16,0
325,19,0
325,20,0
325,21,0
326,1,1
326,5,0
326,7,0
326,9,1
326,13,0
326,18,0
326,20,0
326,21,0
326,23,0
326,24,1
327,4,0
327,5,1
327,6,0
327,9,1
327,11,1
327,12,1
327,13,0
327,17,0
327,20,0
327,21,0
327,23,0
327,25,1
328,3,0
328,4,0
328,5,1
328,6,0
328,7,0
328,8,0
328,11,0
328,12,0
328,14,1
328,15,0
328,17,1
328,20,0
328,22,0
328,25,0
329,1,1
329,5,0
329,6,0
329,7,0
329,10,0
329,15,1
329,19,0
329,20,0
329,21,0
329,22,0
329,24,1
330,3,0
330,5,0
330,10,1
330,11,1
330,12,0
330,14,1
330,16,1
330,19,0
330,20,0
330,24,0
330,25,1
331,1,0
331,2,0
331,3,1
331,5,1
331,6,1
331,11,1
331,13,0
331,14,0
331,20,1
331,21,0
331,22,0
331,25,0
332,1,0
332,3,1
332,5,0
332,7,0
332,11,0
332,16,0
332,17,1
332,19,0
332,20,0
332,23,0
332,24,0
333,2,1
333,3,0
333,5,0
333,9,1
333,14,0
333,16,0
333,18,0
333,19,1
333,23,0
333,25,0
334,5,1
334,7,1
334,9,0
334,10,1
334,11,1
334,12,1
334,13,0
334,16,1
334,17,1
334,19,0
334,20,1
334,22,0
334,23,0
334,25,1
335,1,0
335,5,1
335,10,0
335,11,0
335,14,0
335,15,0
335,16,0
335,17,0
335,20,0
335,21,0
335,23,0
335,24,1
335,25,0
336,4,0
336,8,1
336,9,1
336,10,1
336,12,1
336,14,0
336,15,1
336,17,1
336,21,0
336,23,1
336,24,0
337,1,0
337,2,1
337,3,0
337,4,1
337,5,1
337,8,0
337,9,0
337,10,0
337,15,0
337,21,0
338,2,0
338,5,0
338,7,1
338,8,0
338,14,0
338,15,0
338,16,0
338,17,0
338,18,0
338,21,0
338,22,0
338,24,0
338,25,0
339,1,1
339,2,0
339,3,1
339,5,0
339,6,1
339,11,0
339,12,0
339,13,0
339,15,0
339,16,0
339,19,0
339,21,0
339,24,0
339,25,0
340,1,0
340,2,1
340,3,0
340,6,0
340,7,0
340,11,0
340,12,1
340,15,0
340,19,0
340,20,0
340,21,0
340,22,0
340,24,0
341,1,1
341,3,0
341,4,1
341,6,1
341,15,0
341,16,1
341,20,0
341,21,1
341,24,0
341,25,0
342,1,1
342,2,0
342,3,0
342,5,0
342,6,1
342,7,1
342,10,0
342,11,0
342,12,0
342,17,0
342,19,0
342,20,0
342,24,0
343,1,1
343,5,1
343,6,1
343,7,0
343,9,0
343,12,1
343,16,0
343,20,0
343,21,0
343,22,0
343,24,1
343,25,1
344,3,0
344,4,1
344,7,1
344,11,0
344,12,0
344,13,1
344,15,1
344,18,0
344,19,0
344,20,1
344,22,0
344,24,0
344,25,0
345,3,1
345,5,0
345,6,1
345,7,1
345,8,1
345,9,0
345,11,0
345,14,0
345,22,1
345,23,0
345,25,0
346,1,0
346,2,0
346,3,0
346,6,0
346,7,0
346,8,1
346,11,0
346,14,1
346,21,1
346,24,0
346,25,1
347,1,0
347,2,0
347,3,0
347,4,1
347,6,0
347,9,0
347,12,1
347,13,0
347,14,1
347,18,0
347,20,1
347,23,0
348,2,0
348,4,0
348,5,1
348,7,1
348,9,0
348,14,0
348,16,0
348,18,0
348,19,1
348,25,0
349,1,1
349,4,1
349,6,0
349,7,0
349,10,0
349,11,1
349,13,0
349,14,1
349,16,0
349,20,0
349,22,1
350,1,0
350,3,0
350,4,1
350,8,1
350,10,1
350,11,0
350,13,0
350,15,0
350,17,1
350,18,1
350,21,0
350,22,0
350,24,0
350,25,0
351,2,1
351,5,1
351,6,0
351,7,1
351,13,1
351,14,0
351,15,0
351,17,1
351,18,0
351,20,0
351,23,0
352,4,1
352,6,0
352,9,1
352,10,0
352,11,0
352,17,0
352,18,0
352,20,1
352,21,0
352,22,0
352,25,0
353,2,1
353,4,1
353,5,1
353,8,0
353,14,1
353,17,0
353,20,0
353,23,1
353,24,0
353,25,1
354,3,1
354,4,0
354,7,0
354,8,0
354,11,0
354,12,0
354,13,0
354,15,0
354,17,0
354,18,1
354,19,1
354,22,0
354,24,0
355,3,0
355,4,0
355,10,0
355,14,1
355,15,0
355,16,0
355,17,0
355,21,0
355,23,0
355,24,0
355,25,0
356,2,1
356,4,1
356,6,0
356,9,0
356,10,1
356,15,1
356,19,0
356,20,0
356,21,0
356,23,0
356,24,0
356,25,1
357,7,1
357,8,1
357,9,1
357,12,0
357,13,0
357,14,0
357,17,0
357,18,0
357,20,0
357,21,0
357,22,0
357,23,1
357,25,1
358,1,0
358,2,0
358,3,1
358,5,1
358,8,1
358,10,1
358,12,0
358,13,0
358,14,1
358,17,1
358,20,0
358,21,1
358,22,1
358,23,0
359,1,0
359,2,0
359,5,1
359,9,0
359,12,1
359,13,1
359,16,0
359,17,0
359,18,1
359,22,1
360,1,1
360,2,0
360,3,0
360,5,0
360,7,1
360,8,0
360,9,0
360,10,1
360,15,1
360,16,0
360,17,0
360,19,1
360,20,1
360,21,1
361,1,0
361,2,0
361,3,1
361,5,0
361,9,1
361,11,0
361,14,0
361,16,0
361,17,0
361,18,0
361,20,0
361,21,1
361,22,1
362,1,0
362,2,0
362,3,1
362,5,1
362,6,0
362,8,0
362,12,1
362,14,0
362,15,1
362,18,0
362,20,0
362,21,0
362,24,0
363,2,0
363,4,0
363,6,0
363,8,1
363,9,0
363,11,0
363,12,0
363,13,0
363,18,0
363,20,1
363,21,0
363,24,0
363,25,1
364,1,0
364,3,0
364,5,0
364,6,1
364,8,0
364,9,0
364,11,1
364,12,0
364,15,0
364,18,0
364,19,0
364,21,0
364,22,0
364,25,0
365,4,0
365,6,0
365,9,0
365,10,0
365,12,0
365,13,1
365,14,0
365,17,0
365,20,1
365,21,1
365,22,1
365,23,0
365,25,1
366,1,0
366,2,1
366,3,0
366,4,0
366,11,0
366,12,1
366,13,1
366,14,1
366,16,1
366,18,0
366,21,1
366,22,1
366,23,1
366,25,1
367,1,1
367,2,0
367,3,1
367,4,0
367,6,0
367,8,1
367,11,0
367,15,1
367,17,0
367,18,0
367,21,0
367,23,0
367,24,0
368,1,1
368,2,1
368,7,0
368,8,1
368,9,0
368,12,0
368,14,1
368,15,0
368,16,0
368,17,0
368,21,1
368,23,0
369,1,1
369,2,0
369,4,0
369,7,1
369,8,0
369,9,1
369,13,0
369,17,0
369,18,0
369,19,0
369,20,1
369,22,0
369,25,1
370,2,0
370,6,0
370,8,0
370,9,0
370,10,0
370,11,1
370,12,0
370,13,1
370,14,1
370,17,0
370,18,0
370,22,1
370,23,0
370,24,0
371,2,0
371,4,1
371,5,0
371,6,0
371,8,0
371,9,1
371,10,0
371,12,1
371,19,0
371,23,0
371,25,0
372,1,0
372,2,0
372,3,0
372,4,0
372,5,1
372,7,1
372,8,1
372,11,1
372,13,1
372,17,1
372,19,1
372,20,0
372,21,0
373,1,1
373,2,1
373,5,1
373,9,0
373,15,0
373,16,1
373,17,0
373,19,0
373,21,0
373,23,0
373,25,0
374,1,1
374,2,0
374,4,1
374,5,1
374,6,0
374,7,0
374,9,1
374,10,1
374,11,0
374,14,1
374,17,1
374,19,1
375,1,1
375,3,0
375,4,1
375,11,1
375,12,0
375,15,0
375,17,0
375,20,0
375,21,1
375,25,0
376,3,1
376,5,0
376,6,1
376,8,0
376,9,1
376,11,0
376,12,0
376,14,0
376,17,0
376,19,0
376,21,0
376,22,0
377,2,1
377,4,1
377,7,0
377,8,1
377,13,0
377,15,1
377,16,0
377,18,0
377,19,0
377,21,0
377,22,1
377,23,0
377,24,0
378,3,0
378,4,1
378,10,0
378,11,0
378,12,0
378,13,0
378,15,0
378,16,0
378,17,0
378,18,1
378,25,0
379,1,0
379,6,0
379,8,0
379,9,0
379,10,0
379,11,0
379,12,0
379,17,1
379,21,0
379,23,0
379,24,0
380,1,1
380,2,0
380,3,0
380,6,0
380,8,0
380,10,1
380,12,0
380,14,0
380,15,0
380,16,0
380,18,0
380,21,0
380,23,0
380,25,0
381,3,0
381,6,1
381,8,0
381,10,0
381,11,0
381,13,0
381,14,0
381,19,0
381,20,0
381,23,0
381,24,0
382,1,0
382,2,1
382,3,0
382,4,0
382,6,1
382,7,1
382,10,1
382,12,1
382,13,0
382,15,0
382,16,1
382,20,1
382,22,0
382,25,0
383,2,0
383,5,0
383,6,1
383,10,1
383,11,0
383,13,1
383,14,0
383,17,0
383,18,0
383,25,0
384,3,0
384,5,1
384,6,0
384,8,0
384,9,0
384,10,0
384,11,1
384,12,0
384,13,0
384,16,0
384,17,0
384,19,0
384,23,0
385,2,1
385,3,0
385,6,1
385,7,0
385,8,1
385,9,1
385,10,1
385,11,0
385,12,0
385,13,0
385,14,0
385,18,0
385,24,0
385,25,0
386,1,0
386,3,0
386,4,0
386,10,0
386,11,1
386,19,1
386,21,0
386,22,0
386,23,0
386,24,1
387,1,0
387,5,1
387,6,0
387,8,1
387,9,1
387,12,0
387,17,0
387,19,1
387,20,0
387,23,1
387,25,0
388,2,1
388,3,0
388,7,1
388,12,0
388,13,0
388,14,1
388,17,1
388,19,0
388,21,1
388,22,1
388,23,0
389,1,1
389,5,0
389,9,1
389,10,0
389,12,1
389,13,0
389,15,0
389,16,0
389,20,0
389,24,0
390,1,0
390,3,0
390,6,0
390,11,0
390,12,0
390,13,0
390,15,0
390,19,1
390,20,0
390,21,1
390,24,0
391,5,1
391,8,1
391,9,0
391,10,1
391,12,0
391,14,1
391,16,0
391,17,0
391,19,1
391,23,0
392,4,1
392,5,1
392,6,1
392,9,0
392,11,0
392,12,0
392,13,0
392,15,0
392,16,0
392,18,0
392,19,0
392,22,0
392,24,0
392,25,0
393,3,0
393,4,1
393,5,0
393,6,0
393,7,0
393,9,1
393,10,0
393,11,1
393,12,0
393,19,0
393,21,0
393,22,0
393,24,0
393,25,0
394,2,0
394,5,0
394,9,1
394,10,0
394,12,0
394,17,0
394,19,0
394,21,1
394,23,0
394,25,1
395,1,0
395,2,1
395,3,0
395,5,0
395,6,0
395,8,1
395,11,0
395,13,1
395,14,0
395,16,0
395,17,0
395,18,0
395,21,0
395,23,0
396,1,0
396,2,0
396,4,1
396,8,0
396,9,0
396,10,0
396,12,0
396,13,0
396,14,0
396,18,1
396,19,0
396,21,0
396,22,0
396,23,0
397,3,0
397,5,1
397,6,1
397,7,1
397,8,0
397,12,0
397,13,0
397,14,0
397,15,1
397,16,1
397,20,0
397,22,1
397,23,0
397,25,0
398,5,1
398,6,1
398,7,0
398,8,0
398,9,1
398,12,1
398,13,1
398,14,0
398,17,0
398,19,0
398,20,1
398,23,0
399,1,1
399,4,1
399,5,1
399,7,1
399,11,0
399,13,0
399,14,1
399,17,0
399,18,1
399,19,0
399,20,0
399,22,0
399,24,0
400,4,0
400,7,1
400,10,0
400,11,1
400,12,0
400,13,1
400,16,0
400,18,0
400,20,0
400,21,0
400,25,0
401,2,1
401,3,0
401,6,1
401,7,0
401,9,0
401,12,0
401,14,1
401,16,1
401,20,0
401,22,1
401,23,0
401,25,0
402,2,1
402,5,1
402,7,0
402,8,0
402,9,1
402,11,1
402,12,0
402,13,1
402,14,1
402,17,1
402,19,1
402,21,1
402,24,0
402,25,0
403,4,0
403,5,0
403,11,1
403,12,1
403,14,0
403,15,0
403,16,0
403,18,0
403,24,0
403,25,0
404,1,0
404,3,0
404,4,0
404,5,0
404,7,0
404,10,0
404,11,1
404,14,0
404,15,0
404,16,1
404,18,0
404,21,0
404,22,0
404,25,0
405,1,1
405,2,0
405,4,0
405,5,0
405,7,1
405,13,0
405,15,1
405,16,0
405,19,1
405,20,0
405,23,1
405,24,0
405,25,0
406,1,0
406,3,0
406,6,1
406,8,1
406,10,1
406,13,0
406,14,1
406,15,0
406,17,0
406,18,1
406,19,0
406,22,0
406,24,0
406,25,0
407,1,0
407,8,0
407,15,0
407,16,0
407,17,0
407,20,0
407,21,1
407,22,0
407,23,0
407,24,0
408,5,1
408,6,0
408,7,1
408,8,0
408,11,1
408,13,0
408,15,0
408,16,1
408,18,0
408,19,0
408,20,1
408,23,0
408,24,0
409,1,1
409,2,1
409,4,0
409,8,0
409,11,0
409,13,1
409,14,1
409,15,0
409,16,1
409,19,1
409,20,0
409,22,0
409,23,0
409,25,0
410,1,1
410,2,1
410,8,0
410,10,0
410,11,1
410,13,0
410,14,1
410,20,0
410,21,0
410,22,0
410,23,0
410,24,0
410,25,1
411,1,0
411,3,0
411,4,0
411,6,0
411,12,1
411,13,0
411,14,0
411,15,1
411,16,0
411,18,0
411,21,0
412,4,0
412,5,1
412,7,0
412,10,1
412,11,0
412,12,0
412,13,0
412,15,1
412,22,0
412,23,0
412,25,0
413,1,1
413,3,0
413,5,1
413,6,1
413,7,0
413,11,1
413,12,0
413,13,0
413,16,1
413,17,0
413,18,0
413,19,0
413,22,0
413,25,1
414,1,1
414,2,0
414,3,1
414,4,1
414,8,1
414,9,1
414,13,1
414,15,0
414,19,1
414,21,1
414,22,1
414,23,1
414,25,0
415,7,1
415,11,1
415,12,1
415,14,1
415,15,0
415,16,0
415,18,1
415,21,0
415,22,0
415,23,0
416,1,1
416,3,1
416,8,0
416,9,0
416,10,1
416,11,0
416,13,0
416,15,0
416,17,0
416,21,0
416,22,0
416,23,1
416,24,0
416,25,1
417,6,0
417,10,0
417,11,1
417,14,0
417,15,1
417,16,0
417,18,0
417,19,0
417,20,1
417,22,1
417,25,0
418,3,0
418,4,1
418,5,1
418,6,0
418,8,1
418,9,0
418,10,1
418,12,1
418,15,0
418,18,1
418,24,1
419,2,1
419,5,0
419,8,1
419,9,1
419,10,0
419,11,1
419,13,0
419,14,1
419,15,0
419,17,1
419,20,0
419,21,0
419,23,1
419,25,0
420,1,1
420,4,0
420,5,1
420,7,1
420,8,0
420,11,1
420,12,1
420,14,0
420,15,0
420,17,0
420,18,0
420,23,0
420,25,0
421,3,0
421,4,0
421,8,1
421,9,1
421,11,0
421,14,0
421,15,0
421,17,0
421,19,1
421,22,1
421,24,0
422,2,1
422,6,0
422,8,0
422,9,0
422,11,0
422,12,0
422,13,0
422,14,0
422,15,0
422,16,0
422,18,0
422,19,0
422,24,1
423,1,0
423,4,0
423,9,1
423,10,1
423,12,0
423,13,0
423,14,1
423,15,1
423,17,0
423,19,1
423,20,0
424,2,0
424,3,1
424,4,1
424,5,1
424,6,0
424,7,1
424,9,1
424,11,1
424,13,0
424,14,0
424,24,0
425,2,0
425,3,0
425,6,1
425,7,0
425,8,0
425,11,0
425,13,0
425,17,0
425,20,1
425,22,0
425,23,1
425,25,1
426,1,0
426,2,1
426,5,1
426,6,0
426,7,0
426,11,1
426,12,1
426,14,0
426,17,0
426,20,1
426,22,0
427,4,0
427,6,1
427,9,1
427,12,1
427,15,0
427,16,0
427,17,0
427,19,0
427,22,0
427,24,1
428,1,1
428,3,0
428,4,1
428,5,1
428,7,1
428,8,0
428,14,1
428,16,0
428,17,0
428,18,0
428,20,1
428,22,0
428,24,1
428,25,0
429,3,0
429,6,0
429,7,1
429,8,0
429,10,1
429,13,0
429,15,0
429,16,0
429,17,0
429,19,1
429,20,0
429,21,1
429,22,0
429,23,0
430,1,1
430,4,1
430,5,0
430,7,1
430,8,0
430,9,1
430,10,0
430,11,0
430,15,0
430,19,0
430,20,0
430,21,0
430,25,1
431,1,0
431,2,0
431,3,0
431,6,0
431,12,0
431,13,0
431,15,0
431,16,1
431,19,0
431,20,0
431,23,0
432,1,1
432,4,1
432,9,1
432,10,1
432,16,0
432,17,0
432,19,1
432,20,0
432,21,0
432,22,0
433,1,0
433,2,1
433,4,0
433,5,0
433,6,0
433,8,0
433,11,1
433,13,0
433,14,0
433,15,1
433,22,0
433,23,1
433,24,0
434,3,1
434,6,1
434,7,0
434,10,1
434,11,0
434,13,0
434,15,1
434,17,0
434,19,0
434,20,0
434,22,0
434,24,0
435,3,1
435,4,0
435,8,1
435,9,1
435,10,0
435,13,0
435,15,0
435,16,0
435,19,1
435,20,0
435,21,0
435,23,0
435,24,0
436,2,0
436,3,0
436,7,1
436,8,0
436,12,0
436,14,1
436,16,0
436,17,0
436,18,0
436,19,0
436,22,0
436,23,0
436,24,0
437,2,1
437,5,1
437,8,1
437,10,0
437,12,1
437,13,0
437,16,0
437,19,0
437,20,0
437,21,1
437,24,0
438,3,0
438,8,0
438,9,1
438,10,1
438,13,0
438,14,0
438,16,1
438,17,1
438,18,0
438,21,1
438,22,0
438,23,0
439,1,1
439,2,1
439,5,0
439,7,1
439,8,1
439,9,1
439,10,1
439,13,1
439,14,0
439,16,0
439,20,1
439,21,0
439,23,1
440,3,0
440,5,1
440,8,0
440,9,0
440,10,1
440,15,0
440,19,0
440,22,0
440,23,0
440,25,0
441,1,1
441,8,0
441,11,0
441,13,1
441,14,1
441,18,0
441,20,0
441,23,0
441,24,0
441,25,1
442,4,0
442,5,1
442,7,1
442,8,0
442,12,0
442,14,0
442,16,0
442,17,0
442,18,0
442,19,0
442,20,0
442,21,0
442,23,1
442,25,1
443,1,1
443,2,1
443,5,1
443,7,1
443,10,0
443,12,0
443,13,1
443,14,1
443,15,0
443,18,0
443,20,0
443,22,0
444,1,1
444,2,1
444,4,1
444,5,0
444,7,0
444,10,0
444,16,0
444,17,0
444,22,1
444,23,0
444,24,0
444,25,0
445,1,0
445,2,0
445,3,0
445,4,0
445,6,0
445,8,0
445,9,0
445,10,1
445,11,1
445,14,1
445,15,0
445,18,0
445,19,0
445,21,1
446,1,0
446,3,1
446,4,0
446,5,1
446,9,1
446,10,1
446,11,1
446,13,1
446,18,0
446,21,0
446,23,1
446,24,0
446,25,0
447,2,0
447,7,0
447,8,1
447,11,0
447,13,0
447,15,1
447,16,0
447,18,0
447,20,0
447,21,0
447,22,1
447,23,0
448,1,0
448,3,1
448,4,0
448,6,0
448,8,0
448,11,1
448,16,0
448,19,0
448,24,0
448,25,0
449,1,1
449,3,0
449,4,0
449,10,0
449,11,0
449,16,1
449,18,0
449,20,1
449,22,1
449,24,0
450,1,0
450,2,1
450,5,1
450,7,1
450,10,0
450,19,1
450,20,0
450,21,1
450,22,0
450,24,0
450,25,0
451,2,1
451,4,0
451,7,0
451,8,0
451,10,0
451,11,0
451,13,1
451,15,0
451,18,0
451,21,0
451,24,0
451,25,0
452,1,1
452,2,0
452,3,0
452,4,1
452,6,1
452,7,1
452,9,0
452,11,0
452,17,0
452,20,1
452,22,0
452,24,0
452,25,0
453,1,0
453,4,1
453,5,1
453,6,0
453,8,1
453,9,1
453,10,0
453,13,0
453,14,0
453,17,0
453,18,0
453,20,0
453,22,0
453,25,0
454,1,0
454,2,0
454,3,1
454,4,1
454,5,1
454,7,0
454,9,0
454,10,0
454,12,1
454,14,1
454,16,1
454,19,0
454,20,0
454,25,0
455,1,0
455,6,1
455,7,1
455,8,0
455,10,0
455,12,0
455,13,0
455,15,0
455,16,0
455,19,0
455,20,1
455,22,0
455,25,1
456,1,0
456,9,0
456,11,1
456,18,1
456,19,0
456,20,0
456,21,0
456,22,1
456,23,0
456,24,1
456,25,0
457,5,0
457,6,1
457,8,0
457,9,1
457,10,1
457,11,0
457,12,0
457,14,0
457,16,0
457,18,0
457,19,0
457,20,1
457,21,0
457,22,0
458,3,1
458,7,1
458,9,0
458,10,0
458,11,0
458,12,0
458,14,1
458,15,1
458,16,0
458,18,1
458,21,0
458,22,0
459,2,1
459,3,1
459,4,1
459,5,0
459,6,1
459,7,0
459,10,1
459,11,0
459,13,0
459,17,1
459,24,0
460,2,1
460,6,0
460,8,1
460,9,1
460,10,1
460,11,0
460,13,0
460,14,0
460,15,0
460,16,0
460,17,0
460,24,0
461,1,0
461,5,0
461,6,1
461,9,1
461,12,1
461,17,0
461,18,0
461,21,0
461,24,0
461,25,1
462,2,0
462,3,0
462,8,1
462,11,1
462,12,0
462,13,0
462,14,0
462,17,1
462,18,1
462,21,1
462,24,0
463,1,0
463,3,0
463,4,0
463,6,0
463,8,0
463,9,1
463,11,0
463,13,0
463,16,0
463,20,1
463,21,0
463,22,0
463,23,0
463,25,0
464,1,1
464,2,1
464,3,1
464,8,0
464,9,0
464,11,0
464,12,1
464,14,0
464,20,0
464,22,1
464,25,1
465,5,0
465,7,1
465,9,1
465,10,1
465,11,1
465,13,0
465,15,1
465,16,1
465,17,0
465,20,1
465,24,1
466,1,1
466,4,0
466,8,0
466,9,0
466,11,1
466,12,0
466,14,0
466,16,0
466,17,1
466,18,0
466,21,0
467,4,1
467,5,0
467,6,1
467,9,0
467,13,1
467,17,1
467,18,0
467,19,0
467,22,1
467,23,0
467,24,0
468,2,1
468,3,1
468,4,0
468,6,1
468,7,1
468,8,0
468,9,0
468,11,1
468,14,0
468,16,1
468,19,1
468,25,0
469,3,1
469,5,0
469,9,1
469,13,0
469,15,1
469,16,0
469,17,0
469,19,1
469,21,0
469,23,1
470,2,1
470,8,1
470,9,1
470,11,0
470,12,0
470,17,1
470,18,1
470,19,0
470,20,1
470,21,1
470,23,1
470,24,1
470,25,0
471,8,1
471,9,1
471,11,1
471,13,0
471,14,1
471,15,0
471,17,0
471,19,1
471,20,1
471,21,0
471,23,0
472,1,1
472,2,1
472,4,0
472,6,0
472,7,0
472,9,0
472,13,0
472,14,0
472,15,0
472,17,0
472,18,1
472,20,0
472,22,0
472,25,1
473,1,0
473,3,0
473,5,1
473,10,1
473,11,0
473,13,0
473,15,0
473,20,0
473,21,1
473,22,0
473,24,0
474,1,0
474,2,0
474,3,1
474,4,1
474,5,0
474,7,0
474,8,0
474,9,0
474,12,0
474,17,1
474,18,0
474,20,0
474,21,1
474,23,0
475,2,0
475,4,0
475,5,1
475,8,0
475,12,0
475,16,0
475,19,0
475,20,0
475,21,0
475,22,0
475,24,0
475,25,0
476,1,1
476,3,0
476,5,0
476,6,1
476,7,1
476,8,1
476,10,1
476,11,0
476,12,1
476,13,0
476,14,0
476,15,0
476,23,1
476,25,0
477,1,0
477,2,0
477,3,1
477,6,1
477,7,1
477,9,0
477,11,1
477,13,0
477,18,0
477,21,1
477,23,0
477,24,1
477,25,0
478,2,0
478,3,1
478,4,0
478,6,0
478,8,0
478,11,0
478,14,0
478,15,0
478,19,1
478,21,0
479,1,0
479,2,0
479,4,1
479,5,1
479,7,1
479,9,0
479,11,0
479,12,1
479,14,0
479,15,1
479,18,0
479,19,1
479,20,1
479,24,0
480,4,0
480,6,0
480,7,1
480,8,0
480,9,1
480,10,1
480,11,1
480,15,1
480,17,0
480,19,0
480,22,1
480,23,0
480,24,0
480,25,0
481,4,0
481,5,1
481,7,1
481,8,1
481,9,1
481,12,1
481,14,0
481,15,0
481,18,1
481,25,0
482,1,0
482,2,1
482,5,0
482,9,0
482,11,0
482,13,0
482,15,1
482,16,0
482,18,0
482,19,1
482,20,0
482,22,1
482,25,0
483,2,0
483,4,0
483,5,0
483,6,0
483,8,0
483,10,0
483,16,0
483,17,0
483,18,0
483,19,1
483,24,0
484,1,0
484,3,0
484,5,0
484,8,0
484,10,1
484,11,0
484,12,0
484,15,0
484,18,0
484,19,0
484,22,0
484,23,0
484,24,1
484,25,1
485,2,0
485,3,1
485,9,0
485,10,0
485,13,0
485,17,1
485,18,1
485,19,0
485,20,0
485,24,1
486,2,0
486,3,0
486,4,0
486,6,1
486,7,1
486,8,1
486,9,0
486,11,0
486,18,0
486,23,0
486,24,0
486,25,1
487,1,1
487,4,1
487,5,0
487,7,0
487,9,1
487,10,1
487,11,0
487,17,0
487,21,1
487,25,1
488,1,1
488,4,0
488,6,1
488,8,1
488,11,0
488,14,0
488,15,1
488,16,0
488,17,0
488,18,1
488,21,0
488,22,1
489,3,1
489,5,1
489,6,1
489,8,0
489,11,1
489,12,0
489,13,0
489,14,1
489,17,1
489,19,0
489,20,0
489,22,1
489,25,0
490,2,0
490,4,1
490,5,0
490,6,0
490,7,0
490,11,1
490,12,0
490,16,0
490,20,0
490,21,0
490,22,0
491,3,1
491,6,1
491,7,0
491,8,1
491,10,0
491,11,0
491,12,1
491,15,1
491,21,0
491,23,1
492,1,1
492,2,0
492,4,0
492,6,0
492,8,0
492,9,0
492,10,1
492,11,0
492,12,0
492,13,0
492,14,0
492,18,1
492,23,0
492,24,0
493,3,0
493,4,0
493,7,1
493,11,0
493,14,0
493,15,1
493,16,0
493,17,0
493,18,0
493,20,0
493,22,0
493,24,0
493,25,1
494,5,1
494,6,0
494,12,0
494,13,0
494,17,0
494,18,1
494,19,1
494,21,0
494,22,0
494,23,1
495,1,1
495,2,1
495,6,0
495,7,1
495,9,0
495,10,1
495,13,0
495,19,0
495,20,0
495,21,1
495,22,0
495,23,0
495,24,0
495,25,1
496,2,1
496,6,0
496,7,0
496,10,0
496,11,0
496,14,1
496,17,0
496,20,0
496,22,0
496,24,0
497,1,0
497,2,1
497,3,0
497,5,1
497,10,1
497,11,1
497,13,1
497,14,0
497,15,1
497,16,1
497,17,1
497,20,1
498,1,1
498,3,0
498,4,0
498,10,0
498,11,0
498,18,1
498,20,0
498,21,0
498,22,0
498,25,0
499,2,0
499,3,0
499,5,1
499,8,0
499,12,0
499,13,1
499,18,1
499,19,1
499,23,0
499,24,0
500,1,1
500,2,1
500,7,1
500,8,1
500,10,1
500,15,1
500,16,1
500,17,1
500,21,1
500,22,0
501,1,0
501,2,1
501,3,1
501,8,1
501,9,1
501,10,0
501,11,1
501,15,1
501,17,1
501,19,1
501,20,1
501,22,0
501,24,1
502,3,0
502,4,0
502,10,1
502,14,1
502,15,1
502,16,0
502,19,0
502,21,0
502,23,0
502,25,0
503,5,0
503,7,0
503,8,0
503,9,1
503,10,0
503,11,1
503,12,1
503,16,0
503,17,0
503,18,0
503,20,0
503,22,0
503,23,0
503,24,0
504,2,1
504,4,0
504,7,0
504,9,1
504,10,0
504,15,0
504,16,0
504,17,0
504,20,0
504,22,0
504,23,0
504,25,1
505,2,0
505,4,0
505,5,1
505,6,1
505,15,1
505,16,0
505,17,1
505,18,1
505,20,1
505,21,0
505,23,0
505,25,0
506,2,0
506,4,0
506,6,0
506,7,1
506,8,1
506,13,0
506,14,0
506,17,1
506,19,1
506,22,0
507,3,0
507,4,1
507,5,0
507,7,0
507,9,0
507,11,0
507,13,0
507,15,1
507,17,0
507,18,0
507,23,1
507,24,1
507,25,0
508,1,1
508,3,1
508,5,0
508,6,0
508,8,1
508,10,1
508,13,0
508,14,0
508,16,1
508,18,0
508,22,0
508,23,1
508,25,0
509,1,0
509,2,0
509,5,0
509,7,0
509,9,0
509,13,0
509,14,0
509,15,0
509,16,0
509,20,0
509,22,0
509,23,0
509,24,0
509,25,0
510,1,1
510,6,0
510,8,0
510,9,0
510,10,0
510,11,0
510,16,1
510,17,0
510,22,0
510,25,0
511,1,1
511,2,0
511,3,1
511,5,1
511,7,1
511,9,0
511,14,1
511,16,0
511,19,1
511,21,0
511,23,1
511,24,0
512,3,0
512,4,0
512,6,0
512,7,0
512,9,1
512,10,0
512,11,1
512,13,0
512,15,1
512,16,0
512,22,0
512,23,0
512,25,0
513,1,0
513,3,0
513,9,0
513,10,1
513,15,1
513,16,0
513,18,0
513,19,1
513,20,0
513,23,0
514,1,0
514,2,0
514,4,1
514,5,1
514,6,0
514,10,0
514,11,1
514,14,1
514,17,0
514,18,1
514,19,1
514,20,0
514,22,0
515,5,0
515,6,1
515,11,0
515,13,0
515,14,0
515,17,0
515,18,0
515,19,1
515,20,0
515,21,0
515,23,0
515,24,0
515,25,0
516,2,0
516,5,0
516,6,1
516,8,1
516,9,0
516,10,0
516,11,0
516,12,0
516,14,1
516,16,0
516,18,1
516,25,0
517,2,0
517,6,0
517,8,1
517,9,0
517,10,0
517,12,0
517,16,0
517,17,1
517,18,0
517,22,0
517,25,0
518,4,0
518,6,1
518,8,1
518,10,1
518,12,1
518,13,0
518,14,1
518,15,0
518,17,0
518,18,0
518,21,0
518,22,0
518,23,0
518,24,0
519,1,1
519,7,1
519,8,1
519,11,0
519,12,1
519,13,0
519,14,0
519,15,1
519,16,0
519,18,0
519,19,1
519,21,0
519,22,1
519,24,0
520,2,1
520,3,0
520,6,0
520,9,0
520,10,0
520,12,0
520,15,0
520,17,1
520,19,0
520,21,0
520,24,0
520,25,1
521,1,0
521,3,0
521,4,1
521,5,0
521,6,1
521,7,0
521,9,0
521,13,0
521,15,0
521,16,0
521,20,0
521,21,0
521,22,0
522,2,0
522,5,0
522,6,1
522,7,1
522,8,0
522,11,1
522,13,1
522,16,1
522,19,0
522,22,0
523,3,0
523,6,0
523,8,1
523,9,1
523,13,0
523,14,0
523,16,1
523,17,0
523,18,1
523,19,0
523,20,0
523,22,0
523,23,1
524,1,1
524,2,1
524,3,0
524,4,0
524,11,1
524,12,0
524,13,1
524,16,1
524,19,0
524,20,0
524,22,0
524,24,0
525,2,1
525,3,1
525,4,1
525,9,0
525,10,0
525,12,0
525,15,0
525,16,0
525,17,0
525,18,1
525,19,0
525,20,0
525,23,0
525,24,1
526,1,1
526,2,1
526,3,0
526,5,0
526,8,1
526,10,1
526,12,0
526,13,0
526,15,0
526,16,1
526,18,0
526,20,0
526,23,0
527,2,0
527,4,0
527,5,0
527,6,0
527,7,0
527,9,1
527,10,1
527,11,0
527,13,1
527,14,1
527,16,0
527,19,0
527,23,0
527,24,0
528,1,1
528,5,1
528,6,0
528,9,1
528,11,0
528,15,0
528,18,1
528,19,0
528,20,1
528,23,0
529,1,1
529,2,0
529,5,1
529,7,0
529,8,0
529,9,0
529,10,0
529,12,1
529,13,0
529,14,1
529,17,1
529,18,0
529,19,1
529,22,0
530,2,0
530,4,0
530,6,0
530,8,0
530,9,1
530,11,1
530,13,1
530,14,0
530,16,0
530,18,0
530,21,0
530,22,0
530,24,0
530,25,0
531,7,0
531,8,1
531,12,0
531,15,0
531,16,0
531,17,0
531,21,1
531,22,0
531,23,0
531,24,0
531,25,0
532,3,0
532,5,0
532,7,1
532,8,0
532,9,0
532,11,1
532,12,0
532,16,1
532,20,0
532,22,0
532,25,0
533,2,0
533,3,0
533,6,0
533,8,0
533,9,1
533,13,0
533,16,0
533,17,1
533,22,1
533,23,0
533,25,0
534,2,1
534,3,1
534,6,0
534,9,0
534,12,1
534,14,0
534,15,0
534,17,0
534,19,0
534,20,0
534,21,0
534,22,0
534,24,1
534,25,0
535,1,1
535,2,1
535,4,0
535,9,0
535,10,1
535,11,0
535,13,0
535,16,1
535,17,0
535,18,1
535,19,0
535,24,0
536,1,0
536,2,1
536,3,0
536,4,0
536,8,1
536,9,0
536,10,0
536,13,0
536,17,0
536,18,1
536,19,0
536,22,1
536,24,1
536,25,0
537,1,0
537,2,1
537,6,0
537,8,0
537,10,0
537,13,0
537,14,0
537,15,0
537,18,0
537,21,0
537,22,0
537,25,0
538,3,0
538,4,1
538,6,1
538,8,0
538,12,0
538,16,0
538,18,1
538,19,0
538,20,0
538,22,1
538,23,0
538,25,0
539,4,0
539,8,1
539,11,0
539,12,0
539,15,1
539,16,0
539,17,0
539,18,0
539,21,0
539,22,1
539,25,0
540,3,0
540,6,0
540,7,0
540,8,1
540,11,1
540,16,1
540,18,1
540,19,0
540,20,0
540,22,0
540,23,0
540,24,0
540,25,1
541,2,0
541,3,1
541,7,1
541,8,0
541,11,0
541,18,0
541,19,0
541,20,0
541,24,0
541,25,1
542,1,0
542,5,1
542,6,1
542,7,1
542,9,0
542,12,0
542,15,1
542,19,0
542,20,1
542,21,0
542,22,0
543,2,1
543,3,0
543,4,1
543,6,0
543,8,0
543,9,0
543,14,0
543,16,0
543,17,0
543,19,0
543,22,0
544,2,1
544,3,1
544,5,1
544,6,0
544,11,1
544,12,0
544,14,1
544,17,0
544,18,0
544,20,1
544,21,0
544,22,1
544,25,0
545,6,0
545,9,0
545,11,0
545,12,1
545,17,0
545,19,0
545,20,0
545,21,1
545,22,0
545,23,0
546,1,1
546,2,1
546,5,0
546,6,1
546,7,0
546,8,1
546,10,1
546,11,1
546,14,0
546,16,0
546,17,0
546,18,1
546,19,1
546,23,1
547,1,0
547,2,1
547,5,0
547,9,0
547,13,0
547,14,0
547,15,0
547,16,0
547,19,0
547,20,0
547,21,1
547,22,0
547,24,0
547,25,0
548,1,0
548,2,1
548,3,0
548,5,0
548,13,0
548,15,0
548,16,0
548,20,0
548,21,0
548,22,1
548,23,0
549,7,0
549,9,0
549,10,0
549,12,1
549,16,0
549,18,1
549,19,0
549,21,0
549,23,0
549,24,1
550,4,0
550,6,1
550,9,0
550,10,1
550,15,0
550,16,1
550,18,0
550,20,1
550,22,0
550,24,0
550,25,0
551,1,1
551,4,1
551,7,0
551,9,0
551,10,0
551,11,1
551,13,1
551,15,0
551,18,1
551,19,0
551,24,1
551,25,0
552,1,1
552,3,0
552,6,0
552,9,0
552,10,1
552,11,0
552,18,0
552,20,0
552,21,0
552,22,0
552,24,0
553,1,0
553,8,0
553,12,1
553,13,0
553,14,0
553,17,0
553,19,1
553,20,1
553,22,0
553,24,0
553,25,0
554,3,1
554,6,0
554,8,1
554,9,1
554,10,1
554,11,1
554,12,0
554,15,0
554,17,1
554,18,0
554,20,0
554,21,0
554,23,0
554,25,0
555,1,1
555,2,0
555,5,0
555,7,0
555,8,1
555,12,0
555,13,0
555,16,0
555,18,1
555,19,0
555,20,1
555,22,1
555,23,0
555,24,0
556,1,0
556,2,0
556,4,1
556,7,0
556,9,1
556,10,0
556,11,0
556,12,0
556,14,0
556,15,0
556,16,0
556,20,0
556,21,0
556,22,0
557,2,0
557,7,1
557,8,0
557,9,0
557,10,0
557,11,0
557,12,0
557,19,0
557,22,0
557,23,0
557,24,0
557,25,0
558,1,1
558,2,1
558,3,0
558,4,0
558,5,1
558,9,0
558,12,1
558,13,0
558,14,0
558,18,0
558,19,0
558,20,0
558,22,0
558,24,1
559,5,0
559,6,0
559,12,1
559,13,0
559,14,1
559,15,1
559,16,0
559,19,0
559,20,0
559,24,1
560,1,1
560,3,1
560,6,0
560,7,0
560,9,0
560,10,1
560,12,1
560,17,0
560,18,0
560,21,1
560,22,0
560,24,0
560,25,0
561,2,0
561,3,0
561,4,0
561,6,0
561,10,0
561,14,1
561,15,1
561,23,0
561,24,0
561,25,0
562,1,0
562,3,1
562,5,0
562,6,0
562,7,1
562,8,1
562,10,1
562,14,0
562,19,1
562,21,0
563,2,1
563,3,1
563,4,0
563,5,0
563,7,1
563,9,0
563,10,1
563,12,0
563,14,1
563,15,1
563,18,0
563,20,0
563,21,0
563,24,0
564,3,1
564,4,0
564,5,1
564,7,1
564,8,1
564,10,1
564,11,0
564,12,1
564,15,0
564,17,0
564,18,0
564,21,1
564,24,0
565,3,1
565,4,1
565,7,1
565,9,1
565,10,0
565,12,0
565,13,0
565,15,1
565,17,0
565,19,0
565,20,0
565,21,0
565,22,0
566,4,1
566,5,1
566,7,0
566,9,0
566,10,0
566,11,0
566,12,0
566,16,1
566,17,0
566,18,0
566,21,0
566,22,1
566,24,1
567,2,1
567,3,0
567,6,1
567,10,1
567,12,1
567,13,1
567,14,0
567,16,1
567,17,0
567,18,0
567,19,0
567,25,0
568,4,1
568,5,1
568,6,1
568,7,1
568,9,0
568,10,0
568,15,0
568,17,1
568,18,1
568,20,0
568,21,1
568,23,1
568,24,1
568,25,0
569,1,1
569,4,1
569,6,0
569,12,0
569,14,0
569,15,0
569,17,0
569,18,0
569,19,0
569,20,0
569,21,0
569,23,0
569,24,0
570,1,0
570,3,0
570,4,1
570,5,0
570,6,0
570,8,0
570,9,0
570,13,0
570,14,0
570,15,0
570,16,1
570,17,0
571,1,0
571,3,0
571,6,0
571,9,1
571,14,0
571,16,0
571,18,0
571,19,1
571,21,0
571,24,0
571,25,0
572,1,1
572,3,0
572,6,1
572,9,0
572,11,0
572,12,0
572,15,1
572,17,0
572,18,1
572,21,0
572,25,0
573,1,0
573,2,0
573,6,1
573,7,1
573,10,1
573,13,0
573,16,1
573,17,0
573,18,0
573,19,1
573,21,0
573,25,0
574,1,1
574,2,1
574,3,0
574,6,1
574,8,1
574,10,0
574,12,0
574,18,0
574,21,0
574,22,1
574,23,0
574,25,0
575,1,1
575,2,1
575,3,1
575,4,1
575,11,0
575,12,1
575,15,0
575,16,0
575,18,1
575,19,0
575,22,0
575,23,0
575,24,0
575,25,0
576,1,0
576,3,0
576,5,1
576,7,1
576,8,1
576,11,0
576,13,1
576,14,1
576,19,0
576,20,0
576,22,0
576,23,0
576,24,1
576,25,1
577,1,1
577,2,0
577,5,1
577,7,0
577,12,1
577,15,0
577,17,1
577,18,0
577,21,0
577,23,0
577,25,0
578,1,0
578,3,1
578,5,0
578,6,0
578,7,0
578,9,1
578,14,1
578,15,1
578,16,0
578,18,1
578,21,1
578,23,0
578,25,0
579,2,1
579,3,0
579,7,0
579,9,0
579,10,0
579,11,1
579,12,1
579,14,0
579,15,1
579,19,0
579,23,1
580,1,1
580,3,0
580,4,1
580,5,1
580,8,0
580,10,1
580,15,0
580,17,0
580,18,0
580,19,1
580,20,0
580,23,0
580,25,0
581,1,1
581,2,1
581,3,1
581,4,0
581,5,0
581,6,0
581,9,1
581,10,1
581,12,0
581,13,1
581,16,1
581,17,0
581,18,0
582,3,0
582,4,1
582,5,1
582,6,0
582,9,1
582,13,0
582,16,0
582,17,1
582,18,0
582,20,0
582,21,0
582,22,0
582,23,0
582,24,0
583,1,0
583,5,0
583,7,0
583,10,0
583,12,1
583,15,0
583,16,0
583,17,0
583,18,0
583,24,1
584,1,0
584,4,0
584,7,0
584,10,1
584,12,0
584,14,0
584,19,0
584,20,0
584,22,0
584,23,0
585,1,1
585,2,1
585,6,0
585,7,1
585,10,0
585,14,0
585,16,1
585,18,0
585,19,0
585,20,0
585,22,0
585,23,0
586,1,0
586,4,0
586,7,1
586,8,1
586,10,0
586,11,0
586,12,1
586,15,1
586,17,0
586,18,0
586,19,1
586,21,0
586,22,0
586,24,0
587,1,0
587,3,1
587,6,0
587,7,0
587,10,0
587,13,0
587,14,0
587,15,0
587,16,0
587,17,1
587,22,0
587,23,0
587,24,0
588,1,1
588,2,0
588,4,1
588,10,1
588,11,1
588,15,0
588,16,1
588,18,0
588,20,0
588,23,0
589,1,1
589,2,1
589,4,1
589,10,0
589,11,1
589,12,1
589,16,0
589,17,0
589,19,0
589,20,0
589,21,1
589,22,0
589,25,0
590,2,0
590,4,1
590,6,0
590,9,1
590,10,0
590,13,0
590,15,1
590,17,0
590,21,1
590,23,1
591,7,1
591,9,0
591,10,1
591,12,0
591,13,1
591,14,0
591,20,1
591,21,0
591,22,0
591,24,1
592,2,0
592,5,0
592,6,1
592,7,0
592,11,1
592,12,0
592,13,0
592,14,0
592,17,0
592,25,0
593,5,0
593,6,1
593,7,0
593,8,1
593,9,0
593,10,1
593,11,0
593,12,0
593,14,0
593,17,1
593,18,1
593,19,0
593,22,1
593,24,1
594,2,1
594,3,1
594,7,1
594,8,0
594,10,1
594,11,1
594,15,0
594,18,1
594,21,1
594,22,0
594,23,0
595,1,1
595,2,1
595,4,1
595,6,0
595,8,1
595,10,1
595,15,0
595,17,0
595,18,1
595,19,0
595,20,1
595,24,0
595,25,0
596,1,0
596,4,0
596,6,1
596,7,0
596,8,0
596,9,0
596,10,0
596,12,0
596,13,1
596,15,0
596,19,0
596,20,0
596,24,0
596,25,0
597,2,1
597,5,0
597,8,0
597,11,1
597,13,1
597,16,0
597,17,1
597,18,0
597,19,0
597,20,1
597,21,1
597,23,0
597,24,0
597,25,0
598,1,1
598,2,0
598,6,1
598,8,0
598,9,1
598,12,0
598,13,0
598,14,0
598,16,0
598,17,1
598,19,0
598,20,0
598,21,0
598,23,1
599,1,1
599,2,0
599,6,0
599,8,0
599,10,0
599,12,0
599,13,0
599,14,0
599,17,0
599,18,0
599,19,0
599,21,0
599,23,0
599,25,0
600,1,1
600,2,0
600,3,1
600,5,0
600,7,1
600,11,0
600,12,1
600,14,0
600,15,1
600,18,1
600,19,1
600,21,0
600,24,0
600,25,0
601,1,1
601,4,1
601,6,1
601,8,0
601,9,0
601,10,1
601,15,0
601,16,1
601,20,0
601,21,1
601,22,1
601,25,1
602,1,1
602,3,1
602,4,1
602,5,0
602,8,1
602,9,0
602,12,0
602,14,0
602,16,1
602,19,0
602,20,0
602,24,0
602,25,0
603,1,1
603,2,1
603,5,0
603,6,0
603,8,0
603,9,1
603,10,0
603,13,1
603,14,0
603,18,0
603,19,1
603,20,1
603,22,0
603,25,1
604,1,1
604,3,0
604,5,1
604,6,0
604,7,1
604,10,0
604,13,0
604,14,1
604,15,1
604,17,1
604,18,0
604,21,0
604,22,1
605,1,0
605,2,0
605,5,0
605,6,1
605,7,1
605,10,0
605,12,1
605,13,0
605,17,0
605,20,0
605,22,1
605,25,0
606,1,1
606,3,0
606,4,1
606,5,1
606,6,0
606,12,0
606,15,0
606,16,1
606,19,1
606,20,0
606,23,1
606,25,0
607,1,1
607,3,1
607,5,1
607,7,0
607,9,0
607,10,1
607,15,0
607,16,0
607,17,0
607,18,0
607,20,0
607,21,0
607,23,1
608,2,0
608,5,1
608,6,0
608,7,0
608,9,0
608,10,0
608,15,0
608,17,1
608,20,1
608,25,0
609,1,0
609,2,1
609,3,0
609,5,0
609,11,0
609,16,0
609,17,1
609,18,0
609,22,0
609,24,0
609,25,0
610,1,1
610,8,0
610,11,0
610,12,0
610,13,0
610,14,0
610,21,1
610,22,0
610,24,0
610,25,0
611,4,0
611,6,0
611,8,0
611,11,0
611,12,0
611,15,0
611,16,0
611,19,0
611,20,1
611,22,0
612,2,0
612,7,0
612,8,1
612,10,1
612,11,1
612,12,1
612,15,1
612,16,1
612,23,0
612,24,0
613,1,0
613,2,1
613,3,1
613,5,1
613,6,1
613,8,1
613,10,1
613,13,1
613,15,1
613,17,0
613,18,1
613,20,1
613,21,1
613,22,1
614,1,0
614,2,1
614,5,0
614,6,1
614,7,1
614,10,0
614,14,0
614,15,0
614,17,0
614,19,1
614,20,0
614,22,0
615,3,1
615,6,1
615,7,0
615,9,0
615,12,0
615,13,1
615,15,0
615,16,1
615,20,1
615,23,1
616,1,0
616,2,0
616,3,0
616,4,0
616,9,0
616,13,0
616,14,0
616,16,0
616,19,0
616,21,0
616,23,0
616,25,0
617,1,0
617,3,0
617,6,1
617,8,1
617,9,0
617,10,1
617,11,0
617,12,0
617,14,0
617,19,0
617,20,1
617,22,1
617,24,1
618,1,0
618,4,0
618,7,0
618,9,0
618,10,0
618,13,0
618,14,0
618,17,0
618,19,0
618,22,0
618,24,0
619,1,0
619,2,1
619,4,1
619,6,0
619,8,0
619,9,0
619,10,0
619,11,0
619,14,0
619,16,0
619,18,1
619,19,0
619,20,1
620,1,0
620,2,0
620,3,1
620,7,1
620,8,1
620,9,0
620,10,0
620,12,0
620,13,1
620,16,0
620,19,0
620,21,0
620,22,0
621,2,0
621,3,0
621,5,0
621,6,0
621,7,0
621,9,1
621,10,1
621,11,1
621,12,0
621,14,0
621,18,0
621,21,0
621,24,0
621,25,0
622,1,1
622,6,1
622,7,0
622,10,0
622,11,0
622,16,0
622,17,0
622,18,1
622,19,0
622,20,0
622,23,0
623,2,0
623,3,0
623,5,0
623,9,0
623,10,0
623,13,0
623,14,0
623,15,0
623,17,0
623,18,0
623,20,0
623,21,0
623,23,0
624,3,1
624,4,0
624,6,0
624,9,1
624,13,1
624,14,0
624,15,0
624,18,0
624,19,1
624,20,0
624,21,0
624,22,0
624,24,0
625,2,0
625,7,0
625,8,0
625,9,1
625,11,0
625,12,0
625,13,1
625,14,0
625,17,0
625,18,0
625,25,0
626,1,0
626,3,0
626,6,0
626,7,1
626,8,0
626,14,0
626,15,0
626,17,0
626,21,0
626,24,0
626,25,0
627,1,1
627,2,1
627,3,0
627,8,1
627,9,1
627,10,0
627,14,0
627,15,0
627,17,0
627,19,0
627,21,0
627,22,0
627,25,0
628,2,1
628,3,0
628,5,0
628,8,1
628,9,1
628,10,0
628,13,1
628,16,1
628,18,0
628,19,0
628,24,1
629,1,1
629,2,1
629,3,0
629,6,0
629,8,1
629,13,1
629,14,1
629,15,0
629,16,0
629,17,0
629,19,1
629,21,0
629,23,0
630,1,0
630,2,1
630,3,1
630,4,0
630,5,1
630,8,0
630,10,0
630,12,0
630,14,0
630,16,0
630,20,1
630,23,0
630,25,1
631,1,1
631,3,1
631,6,0
631,8,0
631,9,1
631,10,1
631,11,1
631,12,0
631,13,0
631,15,0
631,19,0
631,20,0
631,21,0
631,23,0
632,2,0
632,4,1
632,5,1
632,8,0
632,9,1
632,11,1
632,14,1
632,18,0
632,22,0
632,25,1
633,2,1
633,3,1
633,4,0
633,5,0
633,6,1
633,7,1
633,12,0
633,13,0
633,14,0
633,19,0
633,20,0
633,23,0
633,24,0
634,3,1
634,4,1
634,5,0
634,6,1
634,7,0
634,13,0
634,14,0
634,15,0
634,16,1
634,17,0
634,18,0
634,25,0
635,1,0
635,4,1
635,6,0
635,8,1
635,13,0
635,18,0
635,20,0
635,21,0
635,22,0
635,25,0
636,1,1
636,2,0
636,3,0
636,5,0
636,6,0
636,8,1
636,12,0
636,18,0
636,20,0
636,22,0
637,2,1
637,10,0
637,11,1
637,12,0
637,16,0
637,18,1
637,19,0
637,21,0
637,23,0
637,25,0
638,1,1
638,3,0
638,8,1
638,9,0
638,10,1
638,11,1
638,12,1
638,15,1
638,16,0
638,20,1
638,21,0
638,22,1
638,23,0
638,24,1
639,3,0
639,5,1
639,6,1
639,7,1
639,8,0
639,9,1
639,11,0
639,14,0
639,15,0
639,17,0
639,19,1
639,20,0
639,21,0
640,1,1
640,2,1
640,3,0
640,8,0
640,10,1
640,11,0
640,12,0
640,14,0
640,15,1
640,17,0
640,22,0
640,23,0
640,24,0
640,25,1
641,3,0
641,5,1
641,6,1
641,8,0
641,9,0
641,11,1
641,12,0
641,14,1
641,18,0
641,19,0
641,23,0
641,24,0
641,25,0
642,1,0
642,2,0
642,3,0
642,4,1
642,5,0
642,7,0
642,8,0
642,10,1
642,12,0
642,14,0
642,15,0
642,20,0
642,21,1
642,25,0
643,1,0
643,2,0
643,4,0
643,6,0
643,7,0
643,9,0
643,10,1
643,11,0
643,13,0
643,15,0
643,20,0
643,21,0
643,22,0
643,23,0
644,2,0
644,3,1
644,4,1
644,7,1
644,8,0
644,9,0
644,12,0
644,14,0
644,16,1
644,18,1
644,22,0
644,24,0
645,2,1
645,3,0
645,4,0
645,5,1
645,6,0
645,9,0
645,11,0
645,12,1
645,13,0
645,15,1
645,16,0
645,20,0
645,23,0
645,24,0
646,2,1
646,4,1
646,8,0
646,9,1
646,11,1
646,12,1
646,13,1
646,16,1
646,20,0
646,21,1
646,25,0
647,2,1
647,4,0
647,5,1
647,8,1
647,9,0
647,14,1
647,16,0
647,17,0
647,19,0
647,22,1
647,23,0
647,24,0
648,2,0
648,5,0
648,7,0
648,11,0
648,12,0
648,13,0
648,14,0
648,15,0
648,16,0
648,21,1
648,22,0
648,23,0
648,24,0
648,25,0
649,1,0
649,2,1
649,5,0
649,7,0
649,8,1
649,11,0
649,12,0
649,16,0
649,22,0
649,23,0
650,2,1
650,6,0
650,8,0
650,10,0
650,15,0
650,19,0
650,20,0
650,21,0
650,22,0
650,23,0
650,24,0
651,2,0
651,3,1
651,6,0
651,10,1
651,11,1
651,15,1
651,16,0
651,18,0
651,21,0
651,22,0
651,25,1
652,2,0
652,7,0
652,8,0
652,9,0
652,10,0
652,11,0
652,17,0
652,18,0
652,19,0
652,22,0
652,24,0
653,2,0
653,4,0
653,5,0
653,7,0
653,9,1
653,12,0
653,16,0
653,17,0
653,18,0
653,21,0
653,23,0
653,25,1
654,2,0
654,5,0
654,7,1
654,9,1
654,10,0
654,11,0
654,12,1
654,13,1
654,18,0
654,19,0
654,20,1
654,23,1
654,24,0
654,25,0
655,4,0
655,6,0
655,7,0
655,9,0
655,11,1
655,12,0
655,14,1
655,16,1
655,17,0
655,19,1
655,20,0
655,21,1
655,23,0
655,25,1
656,1,1
656,4,0
656,9,0
656,12,0
656,15,0
656,17,1
656,19,0
656,20,0
656,22,0
656,23,0
657,2,1
657,3,0
657,5,1
657,8,0
657,9,1
657,13,0
657,19,0
657,21,0
657,23,1
657,24,0
658,3,0
658,4,0
658,5,1
658,9,0
658,11,0
658,14,0
658,15,0
658,16,0
658,18,1
658,19,1
658,24,0
659,1,0
659,3,0
659,6,0
659,7,1
659,16,1
659,21,0
659,22,0
659,23,0
659,24,0
659,25,0
660,2,1
660,4,1
660,5,1
660,9,0
660,10,0
660,11,0
660,13,0
660,14,1
660,15,0
660,16,0
660,22,1
660,23,0
661,2,1
661,3,1
661,4,0
661,6,1
661,7,1
661,8,1
661,12,1
661,13,1
661,14,0
661,15,1
661,16,0
661,20,0
661,21,0
661,24,1
662,3,1
662,4,0
662,6,0
662,9,0
662,11,0
662,12,1
662,14,0
662,17,0
662,21,1
662,24,0
662,25,0
663,5,1
663,7,1
663,8,0
663,10,0
663,11,1
663,12,1
663,15,0
663,19,0
663,21,0
663,24,1
664,1,0
664,3,1
664,4,1
664,8,1
664,9,1
664,10,0
664,11,1
664,16,0
664,18,1
664,23,1
664,24,0
664,25,0
665,1,0
665,4,1
665,5,1
665,6,0
665,9,1
665,10,1
665,11,0
665,14,1
665,16,0
665,17,0
665,19,1
665,25,0
666,1,1
666,3,1
666,4,0
666,7,1
666,9,0
666,10,0
666,11,1
666,20,0
666,21,0
666,23,0
667,1,1
667,4,0
667,6,1
667,7,1
667,8,1
667,9,0
667,12,0
667,15,0
667,18,0
667,19,1
667,21,0
667,23,0
667,24,0
667,25,0
668,1,1
668,2,1
668,3,0
668,7,0
668,8,0
668,17,1
668,18,0
668,20,1
668,21,0
668,25,0
669,2,1
669,4,1
669,7,0
669,11,1
669,14,0
669,18,0
669,19,0
669,20,0
669,21,0
669,22,1
669,24,1
670,2,0
670,4,1
670,7,0
670,10,1
670,13,0
670,15,0
670,18,1
670,20,0
670,23,0
670,25,1
671,2,1
671,4,0
671,5,0
671,6,1
671,8,1
671,10,0
671,11,0
671,14,0
671,18,0
671,19,1
671,21,0
671,25,0
672,1,1
672,3,0
672,6,0
672,8,0
672,9,1
672,15,0
672,17,1
672,18,0
672,22,0
672,24,0
673,1,0
673,3,1
673,4,1
673,7,0
673,8,1
673,9,1
673,11,0
673,14,0
673,15,0
673,16,0
673,18,0
673,22,1
673,23,0
673,25,0
674,1,1
674,3,1
674,4,1
674,6,0
674,12,0
674,13,1
674,14,0
674,15,1
674,16,0
674,17,1
674,19,1
674,22,0
674,23,1
675,1,0
675,6,0
675,7,1
675,11,0
675,12,1
675,15,1
675,16,0
675,19,0
675,22,0
675,25,0
676,2,0
676,4,0
676,6,0
676,7,1
676,8,0
676,13,0
676,15,0
676,16,1
676,17,1
676,18,0
676,19,1
676,22,0
676,23,0
676,24,0
677,1,1
677,2,0
677,3,1
677,5,1
677,7,1
677,9,1
677,11,1
677,12,1
677,14,0
677,19,1
677,21,0
677,22,0
677,24,0
677,25,0
678,5,0
678,7,1
678,9,0
678,10,1
678,14,0
678,15,0
678,16,0
678,17,0
678,18,0
678,22,1
678,23,1
678,25,0
679,3,0
679,5,0
679,6,0
679,7,1
679,8,1
679,10,1
679,11,1
679,13,1
679,14,1
679,15,1
679,16,1
679,18,0
679,22,0
679,25,0
680,2,0
680,5,0
680,7,0
680,8,0
680,10,1
680,14,0
680,16,1
680,17,0
680,18,0
680,19,1
680,21,1
680,23,1
680,24,0
680,25,0
681,2,0
681,4,1
681,5,0
681,7,1
681,8,0
681,9,1
681,11,0
681,13,0
681,14,1
681,15,1
681,18,0
681,20,0
681,21,1
681,25,0
682,2,0
682,5,1
682,6,0
682,8,1
682,10,0
682,11,0
682,12,0
682,15,0
682,17,1
682,19,1
682,20,0
682,23,0
682,24,1
682,25,1
683,2,1
683,4,1
683,6,1
683,12,1
683,14,1
683,15,0
683,19,0
683,21,0
683,22,1
683,23,0
683,24,0
684,3,1
684,4,1
684,7,1
684,8,0
684,9,1
684,10,1
684,11,0
684,15,0
684,17,0
684,19,0
684,25,1
685,1,0
685,2,0
685,3,0
685,7,1
685,9,0
685,11,0
685,13,0
685,14,0
685,16,0
685,20,0
685,21,0
685,24,0
686,1,1
686,2,1
686,3,1
686,7,1
686,8,0
686,12,0
686,13,1
686,19,1
686,21,0
686,24,0
687,2,0
687,3,0
687,5,0
687,6,0
687,7,0
687,8,0
687,11,1
687,13,0
687,15,1
687,17,1
687,20,0
687,21,0
687,22,1
687,23,0
688,2,1
688,4,0
688,8,1
688,9,0
688,11,0
688,16,0
688,17,0
688,19,0
688,23,0
688,25,0
689,2,0
689,6,0
689,9,0
689,10,0
689,11,0
689,12,0
689,13,0
689,18,0
689,21,0
689,25,1
690,2,0
690,3,0
690,6,0
690,7,1
690,8,0
690,10,1
690,12,0
690,14,1
690,16,0
690,18,0
690,20,0
690,24,1
691,1,0
691,2,1
691,3,1
691,4,0
691,5,1
691,7,0
691,8,1
691,9,0
691,10,0
691,14,0
691,18,1
691,20,1
691,22,1
691,23,0
692,2,1
692,3,1
692,7,0
692,11,0
692,13,1
692,14,0
692,16,0
692,17,1
692,18,0
692,19,0
692,22,0
692,23,0
692,24,0
692,25,0
693,1,1
693,2,1
693,6,0
693,7,0
693,8,1
693,10,1
693,11,0
693,14,0
693,15,0
693,16,0
693,17,1
693,18,0
693,21,0
694,1,0
694,3,0
694,9,1
694,12,1
694,13,0
694,14,0
694,15,0
694,16,1
694,20,1
694,22,0
695,7,0
695,8,0
695,13,0
695,14,0
695,18,0
695,20,1
695,21,0
695,23,0
695,24,0
695,25,0
696,1,1
696,8,0
696,11,0
696,13,0
696,17,0
696,18,0
696,19,0
696,22,0
696,23,0
696,24,0
696,25,0
697,1,1
697,2,0
697,4,0
697,5,0
697,7,0
697,8,1
697,10,1
697,14,0
697,17,1
697,18,1
697,20,0
697,21,0
697,22,0
698,2,1
698,3,0
698,5,1
698,6,1
698,10,0
698,14,1
698,16,0
698,19,0
698,20,0
698,22,0
698,25,0
699,1,1
699,5,1
699,6,1
699,8,0
699,11,0
699,12,1
699,16,0
699,19,1
699,21,0
699,22,0
699,24,1
700,3,0
700,4,0
700,6,1
700,12,1
700,14,1
700,16,0
700,17,0
700,22,1
700,23,0
700,24,0
700,25,1
701,1,0
701,2,0
701,3,0
701,9,0
701,11,0
701,12,1
701,13,0
701,14,1
701,16,0
701,19,0
701,20,0
701,21,0
702,2,0
702,5,0
702,7,1
702,10,0
702,12,1
702,16,0
702,17,0
702,19,0
702,20,0
702,21,1
702,22,0
702,24,0
703,5,1
703,6,0
703,9,0
703,10,1
703,13,0
703,16,0
703,17,0
703,18,0
703,19,1
703,22,0
703,25,1
704,1,0
704,2,0
704,5,1
704,7,0
704,11,0
704,13,0
704,14,0
704,15,0
704,16,0
704,17,0
704,19,0
704,22,0
704,24,0
705,1,0
705,2,0
705,3,1
705,4,0
705,5,1
705,9,0
705,12,1
705,14,0
705,18,1
705,19,0
706,2,0
706,4,1
706,9,0
706,11,0
706,12,0
706,14,1
706,15,0
706,17,0
706,18,0
706,19,0
706,21,0
706,22,0
706,23,0
707,1,1
707,3,1
707,6,1
707,7,1
707,10,0
707,11,1
707,12,1
707,13,0
707,16,0
707,17,0
707,18,1
707,20,1
707,21,0
707,23,0
708,1,1
708,4,0
708,6,0
708,10,1
708,13,1
708,15,0
708,17,0
708,21,0
708,22,0
708,23,0
708,24,0
708,25,0
709,1,0
709,2,0
709,5,0
709,6,1
709,10,0
709,13,0
709,15,1
709,17,0
709,20,0
709,25,0
710,1,0
710,2,0
710,5,0
710,7,1
710,9,1
710,13,0
710,14,0
710,15,0
710,17,0
710,20,1
711,1,0
711,3,1
711,5,0
711,7,1
711,8,0
711,10,1
711,11,0
711,12,0
711,13,0
711,14,0
711,17,0
711,19,0
711,24,0
711,25,0
712,4,0
712,6,1
712,8,1
712,9,1
712,10,0
712,13,0
712,14,0
712,16,1
712,17,0
712,18,0
712,19,1
712,20,1
712,23,1
712,25,0
713,3,0
713,4,1
713,7,1
713,9,0
713,10,0
713,11,0
713,12,0
713,22,0
713,23,0
713,24,0
713,25,0
714,3,1
714,6,0
714,7,1
714,8,0
714,13,1
714,14,1
714,15,0
714,16,0
714,17,1
714,20,0
714,23,0
714,24,0
715,1,0
715,2,0
715,3,0
715,7,0
715,9,0
715,10,1
715,12,0
715,13,0
715,17,0
715,18,0
715,23,0
715,24,0
716,2,0
716,3,0
716,6,0
716,10,1
716,11,0
716,12,1
716,13,0
716,14,0
716,15,0
716,19,0
716,21,1
716,24,1
716,25,0
717,2,1
717,3,1
717,4,0
717,5,0
717,13,1
717,17,0
717,18,0
717,19,0
717,22,0
717,24,0
717,25,0
718,3,1
718,5,1
718,6,1
718,10,0
718,13,0
718,14,0
718,15,1
718,16,1
718,20,1
718,22,1
718,23,0
719,2,1
719,5,0
719,6,1
719,7,0
719,8,1
719,14,0
719,16,0
719,22,0
719,23,0
719,24,1
719,25,0
720,3,0
720,4,0
720,5,0
720,7,0
720,9,0
720,12,0
720,14,0
720,16,0
720,18,1
720,20,0
720,23,0
721,1,0
721,3,0
721,5,0
721,6,0
721,7,1
721,9,0
721,11,0
721,14,0
721,15,1
721,17,0
721,22,0
721,23,1
722,1,1
722,6,0
722,8,0
722,10,0
722,11,1
722,12,1
722,13,0
722,14,0
722,18,0
722,19,1
722,20,1
722,22,0
723,1,0
723,2,1
723,6,0
723,7,0
723,9,1
723,13,0
723,15,0
723,17,0
723,18,0
723,20,1
723,23,1
724,1,0
724,2,1
724,4,1
724,6,0
724,10,1
724,12,1
724,13,0
724,17,0
724,18,0
724,19,0
724,22,0
724,24,0
724,25,0
725,1,0
725,2,0
725,4,1
725,7,0
725,8,0
725,9,0
725,10,1
725,15,0
725,21,0
725,24,1
726,1,1
726,4,1
726,5,1
726,10,0
726,12,0
726,15,0
726,19,0
726,20,0
726,21,0
726,22,1
727,1,0
727,2,0
727,4,1
727,5,0
727,6,0
727,10,0
727,11,0
727,12,0
727,13,0
727,17,0
727,20,0
727,24,0
727,25,0
728,2,1
728,4,1
728,5,0
728,7,1
728,9,0
728,10,0
728,11,0
728,12,0
728,14,0
728,19,1
728,22,0
729,1,0
729,2,1
729,3,1
729,8,1
729,9,0
729,11,1
729,13,1
729,14,1
729,21,1
729,23,0
729,24,1
729,25,0
730,3,1
730,4,0
730,6,0
730,9,1
730,10,1
730,18,0
730,20,0
730,21,0
730,23,0
730,25,0
731,1,0
731,2,0
731,3,0
731,4,1
731,6,1
731,8,0
731,9,1
731,15,1
731,17,0
731,19,0
731,20,0
731,23,0
731,24,0
731,25,0
732,1,0
732,3,0
732,6,0
732,9,0
732,10,1
732,11,0
732,12,1
732,13,0
732,15,0
732,18,0
732,19,0
732,20,0
732,21,0
732,24,0
733,1,0
733,6,0
733,7,1
733,8,0
733,11,0
733,12,0
733,16,0
733,17,0
733,19,1
733,20,0
733,21,0
733,23,0
733,25,0
734,5,0
734,6,1
734,9,0
734,13,1
734,14,0
734,15,0
734,19,0
734,21,0
734,22,0
734,24,0
734,25,1
735,2,1
735,3,0
735,8,0
735,9,0
735,15,0
735,16,1
735,20,0
735,22,0
735,23,0
735,24,0
736,1,1
736,2,0
736,3,1
736,6,1
736,8,0
736,14,1
736,17,1
736,18,0
736,19,0
736,21,1
736,22,0
737,2,1
737,7,1
737,10,1
737,15,0
737,16,0
737,18,0
737,22,0
737,23,0
737,24,1
737,25,0
738,1,0
738,3,0
738,6,1
738,8,0
738,9,1
738,10,1
738,13,1
738,14,0
738,15,1
738,16,1
738,18,0
738,20,0
738,22,0
739,1,1
739,6,0
739,8,1
739,9,1
739,15,1
739,16,1
739,17,0
739,19,1
739,20,1
739,22,0
739,23,0
739,24,0
739,25,0
740,4,0
740,5,0
740,7,0
740,11,0
740,12,0
740,14,0
740,15,0
740,16,0
740,17,0
740,18,0
740,19,0
740,20,0
740,21,1
740,22,0
741,1,0
741,2,1
741,5,0
741,6,1
741,11,1
741,12,0
741,15,0
741,16,0
741,17,0
741,19,1
741,22,1
742,1,1
742,2,0
742,6,0
742,8,1
742,10,0
742,11,1
742,14,0
742,16,1
742,17,0
742,21,1
742,22,0
742,23,1
742,24,0
742,25,0
743,1,1
743,2,1
743,4,1
743,6,0
743,12,0
743,16,0
743,17,1
743,18,0
743,19,0
743,20,1
743,21,0
744,1,0
744,2,0
744,5,0
744,6,0
744,7,1
744,9,1
744,11,1
744,14,0
744,16,0
744,17,0
744,20,0
744,21,0
744,22,0
744,24,0
745,1,0
745,3,0
745,8,1
745,9,1
745,11,0
745,12,0
745,13,1
745,15,1
745,17,1
745,18,1
745,21,0
745,23,0
746,1,0
746,2,0
746,3,0
746,4,1
746,5,0
746,9,1
746,15,0
746,16,0
746,17,0
746,21,0
746,23,1
746,25,0
747,3,0
747,4,1
747,5,0
747,6,0
747,8,0
747,9,0
747,10,1
747,12,0
747,16,0
747,21,0
747,24,0
747,25,1
748,2,0
748,3,0
748,5,1
748,6,0
748,11,0
748,14,1
748,15,0
748,16,0
748,17,0
748,19,0
748,20,0
748,24,0
749,2,0
749,5,0
749,6,1
749,7,1
749,14,0
749,15,1
749,17,0
749,19,0
749,20,1
749,21,0
750,2,0
750,4,0
750,8,1
750,10,0
750,11,0
750,15,0
750,16,0
750,17,1
750,20,0
750,21,0
750,22,1
750,23,0
751,1,0
751,2,0
751,6,0
751,7,1
751,9,0
751,10,0
751,11,0
751,12,0
751,19,0
751,20,0
751,21,0
751,22,0
751,24,0
752,1,0
752,2,1
752,3,1
752,4,1
752,5,0
752,8,0
752,12,0
752,14,0
752,16,0
752,19,1
752,21,1
752,23,1
752,24,0
753,1,0
753,3,0
753,12,0
753,13,0
753,14,1
753,15,0
753,18,1
753,19,1
753,23,1
753,24,1
754,5,1
754,6,0
754,7,1
754,8,0
754,12,1
754,14,1
754,17,1
754,18,0
754,20,0
754,21,1
754,23,0
754,25,1
755,2,0
755,4,0
755,5,1
755,6,1
755,7,1
755,10,1
755,15,1
755,16,0
755,18,0
755,21,0
755,22,0
755,25,0
756,2,1
756,3,0
756,4,1
756,9,1
756,10,1
756,11,1
756,13,0
756,14,0
756,15,0
756,16,0
756,21,0
756,25,0
757,1,0
757,3,0
757,4,0
757,5,0
757,7,0
757,8,0
757,12,1
757,16,0
757,19,0
757,20,1
757,22,0
757,23,0
757,24,0
757,25,0
758,1,1
758,3,0
758,9,0
758,10,1
758,11,0
758,12,1
758,13,0
758,15,1
758,18,0
758,23,1
758,24,0
759,2,0
759,3,0
759,5,1
759,6,0
759,7,1
759,10,0
759,13,0
759,14,1
759,17,1
759,18,0
759,19,0
759,21,1
759,23,0
759,24,0
760,2,0
760,3,1
760,6,1
760,9,0
760,13,1
760,15,0
760,16,0
760,17,0
760,18,0
760,22,0
760,23,1
761,1,1
761,3,0
761,4,1
761,5,0
761,9,0
761,11,0
761,12,1
761,16,0
761,17,0
761,18,0
761,20,0
761,24,1
762,1,0
762,2,0
762,4,1
762,5,1
762,6,1
762,12,1
762,14,1
762,16,0
762,17,0
762,21,1
762,22,1
762,24,1
763,1,0
763,2,1
763,5,1
763,6,1
763,8,1
763,9,1
763,10,1
763,11,1
763,15,0
763,17,1
763,19,1
763,20,0
763,22,1
763,23,1
764,1,1
764,2,0
764,4,0
764,5,0
764,7,0
764,8,1
764,9,1
764,11,0
764,13,0
764,15,0
764,16,1
764,19,0
764,22,1
764,24,0
765,2,0
765,3,0
765,9,0
765,11,1
765,12,0
765,13,0
765,14,0
765,15,0
765,20,0
765,22,0
765,25,0
766,5,1
766,6,0
766,8,0
766,10,0
766,11,0
766,13,0
766,14,0
766,15,0
766,16,0
766,18,0
766,19,1
766,23,0
766,24,0
767,1,0
767,3,1
767,5,1
767,10,0
767,11,0
767,13,0
767,16,0
767,20,0
767,21,0
767,24,1
767,25,0
768,1,1
768,2,1
768,3,0
768,5,1
768,7,0
768,8,0
768,10,1
768,12,0
768,16,0
768,17,0
768,18,0
768,23,0
768,24,0
768,25,0
769,2,0
769,3,0
769,4,1
769,6,0
769,8,0
769,9,1
769,10,0
769,11,1
769,12,1
769,18,0
769,21,1
769,22,0
769,23,0
769,25,0
770,4,0
770,7,0
770,10,0
770,11,0
770,14,1
770,15,1
770,17,1
770,18,0
770,22,0
770,23,0
771,1,0
771,2,1
771,3,0
771,5,0
771,8,1
771,9,0
771,10,1
771,12,1
771,14,0
771,16,1
771,18,1
771,19,0
771,20,1
771,23,0
772,1,1
772,2,1
772,4,0
772,7,1
772,10,1
772,14,0
772,15,1
772,16,0
772,19,0
772,23,1
773,2,0
773,3,0
773,4,1
773,6,0
773,8,0
773,9,0
773,11,0
773,12,0
773,13,1
773,14,1
773,19,0
773,21,1
773,24,0
774,2,0
774,3,1
774,5,1
774,7,0
774,10,1
774,11,1
774,12,1
774,13,0
774,15,1
774,21,1
774,24,1
775,3,0
775,5,0
775,7,1
775,8,0
775,12,0
775,15,1
775,18,0
775,19,1
775,21,0
775,24,1
775,25,0
776,1,1
776,2,0
776,4,1
776,12,0
776,15,0
776,17,0
776,20,0
776,22,0
776,23,0
776,24,0
777,2,1
777,3,0
777,6,0
777,9,0
777,10,0
777,11,0
777,14,0
777,16,0
777,18,1
777,19,1
777,21,0
778,1,1
778,2,0
778,3,0
778,4,1
778,6,0
778,9,0
778,10,0
778,13,1
778,14,0
778,15,0
778,16,1
778,20,1
778,21,0
778,23,1
779,2,1
779,4,0
779,5,0
779,6,0
779,8,1
779,9,0
779,10,1
779,12,1
779,14,0
779,16,0
779,19,0
779,21,0
780,4,1
780,6,1
780,9,0
780,11,1
780,14,1
780,16,0
780,17,0
780,18,0
780,23,0
780,24,0
781,1,0
781,2,0
781,4,1
781,5,0
781,6,0
781,10,0
781,11,1
781,12,0
781,16,0
781,17,0
781,23,0
782,1,0
782,4,0
782,9,1
782,10,1
782,14,0
782,19,0
782,20,0
782,22,0
782,23,0
782,24,0
783,2,0
783,8,1
783,10,1
783,12,0
783,14,1
783,17,0
783,18,1
783,19,0
783,22,0
783,23,0
784,1,1
784,3,1
784,6,1
784,8,0
784,12,0
784,14,0
784,15,1
784,16,0
784,19,1
784,20,0
784,23,0
784,25,0
785,2,0
785,6,1
785,8,0
785,9,0
785,12,0
785,15,0
785,16,0
785,17,1
785,18,0
785,19,0
785,22,0
785,23,0
785,24,1
785,25,0
786,1,1
786,4,0
786,6,1
786,7,1
786,8,0
786,10,1
786,13,0
786,15,0
786,20,0
786,22,0
787,1,0
787,3,0
787,4,0
787,5,0
787,8,0
787,9,1
787,10,0
787,11,1
787,15,1
787,18,0
787,20,1
788,2,0
788,3,0
788,5,1
788,6,1
788,7,1
788,10,1
788,11,0
788,14,0
788,17,0
788,18,1
788,23,0
788,24,1
788,25,0
789,1,1
789,6,0
789,9,1
789,11,1
789,15,0
789,16,1
789,17,0
789,18,0
789,19,0
789,23,1
790,3,1
790,4,1
790,5,1
790,9,0
790,10,1
790,11,1
790,15,0
790,18,1
790,19,0
790,22,0
791,2,1
791,4,1
791,5,1
791,7,1
791,8,0
791,10,1
791,12,0
791,15,0
791,16,0
791,19,0
791,20,0
791,24,0
792,1,0
792,2,0
792,3,0
792,4,1
792,7,0
792,8,1
792,10,0
792,12,1
792,14,1
792,16,0
792,17,1
792,21,0
792,22,0
792,25,0
793,1,1
793,4,1
793,7,1
793,9,0
793,11,1
793,14,0
793,15,0
793,16,1
793,18,0
793,19,0
793,22,0
793,24,0
793,25,0
794,1,1
794,2,1
794,3,1
794,7,1
794,8,1
794,10,0
794,13,0
794,16,0
794,17,1
794,18,0
794,19,0
795,2,1
795,4,0
795,6,1
795,11,0
795,13,1
795,15,0
795,16,0
795,18,0
795,19,0
795,20,0
795,21,0
795,22,0
795,25,0
796,3,0
796,10,1
796,13,1
796,14,0
796,15,0
796,19,1
796,20,0
796,21,0
796,22,0
796,24,0
796,25,0
797,3,0
797,5,0
797,8,1
797,9,1
797,10,0
797,12,1
797,13,0
797,15,1
797,19,1
797,20,1
797,21,0
797,22,0
797,23,0
797,25,0
798,1,1
798,3,0
798,5,0
798,9,0
798,10,0
798,11,1
798,14,0
798,16,1
798,18,0
798,21,0
798,25,0
799,1,0
799,5,0
799,6,1
799,10,1
799,13,0
799,15,0
799,16,0
799,17,1
799,18,0
799,19,1
799,22,1
799,25,0
800,1,0
800,5,0
800,6,1
800,7,0
800,8,0
800,10,0
800,11,1
800,14,1
800,17,0
800,19,0
800,20,0
800,22,0
801,1,1
801,8,0
801,9,1
801,12,0
801,13,0
801,16,0
801,18,0
801,19,0
801,20,0
801,21,0
801,24,1
801,25,0
802,2,1
802,4,0
802,5,1
802,10,0
802,12,0
802,13,1
802,14,1
802,17,0
802,19,1
802,20,0
802,22,0
802,25,1
803,1,0
803,3,0
803,6,0
803,8,1
803,12,0
803,14,0
803,15,0
803,16,0
803,17,1
803,21,0
803,22,0
803,24,1
803,25,0
804,3,0
804,5,0
804,6,0
804,7,1
804,8,0
804,10,1
804,11,1
804,12,0
804,14,0
804,15,1
804,17,0
804,19,0
804,20,0
804,23,0
805,3,1
805,4,0
805,6,0
805,8,1
805,10,1
805,14,1
805,17,0
805,18,1
805,21,0
805,22,1
805,25,1
806,1,1
806,3,0
806,7,1
806,8,0
806,12,0
806,13,0
806,15,1
806,18,0
806,19,0
806,21,0
806,25,0
807,1,1
807,3,0
807,4,1
807,7,1
807,8,0
807,10,0
807,11,0
807,16,0
807,17,0
807,18,0
807,19,0
807,25,0
808,1,0
808,2,0
808,3,1
808,6,0
808,7,0
808,10,0
808,11,0
808,15,1
808,18,0
808,19,0
808,20,0
808,25,0
809,2,1
809,3,1
809,10,1
809,15,1
809,16,0
809,19,1
809,20,0
809,21,1
809,22,0
809,23,0
810,4,1
810,8,0
810,9,0
810,11,1
810,12,0
810,14,0
810,15,1
810,16,0
810,18,0
810,20,0
810,21,0
810,23,0
810,24,0
810,25,1
811,3,0
811,4,0
811,6,1
811,11,0
811,12,0
811,13,0
811,14,0
811,15,0
811,17,0
811,21,0
811,22,0
811,23,0
811,24,0
812,2,1
812,3,1
812,4,1
812,7,1
812,8,1
812,10,0
812,11,0
812,12,1
812,19,1
812,20,0
812,22,0
813,1,0
813,2,0
813,3,1
813,4,0
813,6,0
813,9,0
813,10,1
813,21,1
813,22,0
813,23,0
814,1,1
814,2,0
814,4,0
814,5,1
814,10,0
814,13,0
814,16,0
814,19,1
814,22,0
814,24,1
815,1,0
815,4,0
815,5,0
815,7,1
815,14,0
815,15,1
815,18,0
815,19,0
815,20,0
815,22,0
815,25,1
816,2,1
816,3,0
816,5,0
816,6,0
816,8,1
816,9,0
816,11,1
816,12,0
816,14,0
816,15,1
816,17,0
816,18,1
816,24,0
817,6,1
817,7,0
817,13,1
817,15,0
817,19,0
817,20,0
817,21,0
817,23,0
817,24,0
817,25,0
818,3,0
818,6,1
818,7,1
818,8,1
818,9,1
818,10,0
818,11,0
818,14,0
818,16,0
818,18,1
819,2,0
819,3,0
819,5,1
819,6,1
819,8,1
819,9,1
819,11,0
819,12,1
819,15,0
819,18,1
819,20,0
819,23,0
819,24,1
819,25,0
820,3,0
820,4,1
820,7,1
820,10,1
820,11,1
820,12,0
820,13,0
820,15,0
820,18,0
820,22,1
820,23,0
820,24,0
820,25,0
821,1,1
821,3,0
821,6,1
821,7,0
821,9,0
821,14,0
821,15,1
821,20,0
821,21,0
821,22,0
822,4,1
822,6,1
822,9,1
822,11,1
822,12,0
822,13,0
822,14,0
822,16,0
822,17,0
822,18,0
822,19,0
822,23,0
822,24,0
823,3,0
823,4,0
823,7,0
823,10,0
823,12,1
823,13,1
823,14,1
823,16,1
823,18,0
823,21,0
823,22,0
824,1,1
824,3,1
824,4,0
824,6,0
824,7,1
824,16,1
824,17,0
824,18,1
824,20,1
824,21,0
824,24,0
824,25,1
825,2,0
825,4,0
825,6,0
825,9,0
825,10,1
825,12,1
825,14,1
825,19,0
825,22,0
825,24,1
826,3,1
826,4,0
826,7,0
826,8,1
826,11,1
826,12,0
826,14,0
826,15,0
826,16,0
826,17,0
826,21,0
826,22,0
826,23,0
826,24,0
827,1,0
827,3,1
827,4,1
827,6,1
827,7,0
827,9,0
827,11,1
827,14,0
827,18,1
827,22,0
827,25,0
828,1,0
828,2,0
828,3,1
828,5,0
828,8,0
828,10,1
828,13,0
828,17,1
828,18,0
828,19,0
828,20,0
828,21,0
828,25,0
829,2,0
829,4,1
829,6,0
829,8,1
829,9,0
829,13,0
829,14,0
829,19,1
829,20,0
829,21,0
829,24,0
830,5,0
830,6,0
830,13,1
830,14,0
830,16,0
830,18,0
830,19,1
830,20,0
830,21,0
830,24,0
831,1,1
831,4,1
831,5,1
831,12,0
831,14,0
831,16,1
831,17,0
831,19,0
831,20,0
831,21,0
831,22,1
831,24,0
831,25,0
832,1,1
832,4,1
832,5,1
832,6,0
832,7,1
832,11,0
832,12,1
832,17,0
832,20,1
832,21,0
832,23,0
832,24,0
833,2,0
833,4,1
833,5,0
833,7,1
833,8,0
833,11,0
833,12,0
833,15,0
833,16,0
833,17,0
833,19,1
834,2,0
834,7,1
834,8,1
834,12,0
834,13,0
834,14,0
834,17,0
834,20,1
834,22,1
834,24,0
835,2,1
835,7,1
835,8,0
835,9,1
835,10,1
835,11,1
835,12,0
835,13,0
835,16,0
835,17,1
835,18,0
835,19,0
835,20,0
835,21,0
836,1,1
836,3,1
836,4,0
836,6,0
836,7,0
836,9,0
836,11,0
836,12,0
836,14,0
836,17,0
836,18,1
836,22,0
836,24,0
837,1,0
837,3,1
837,4,0
837,5,0
837,7,0
837,8,0
837,12,1
837,13,0
837,16,0
837,17,1
837,19,0
838,3,1
838,10,0
838,11,0
838,12,0
838,14,0
838,18,0
838,19,0
838,22,1
838,23,1
838,24,0
838,25,0
839,1,0
839,4,1
839,5,1
839,9,1
839,10,0
839,11,1
839,12,0
839,15,0
839,16,0
839,17,0
839,21,0
839,24,0
840,1,1
840,5,1
840,6,1
840,10,0
840,12,0
840,13,0
840,16,0
840,17,1
840,18,1
840,20,1
840,21,1
840,23,0
841,4,0
841,5,0
841,7,0
841,8,1
841,9,0
841,10,0
841,12,0
841,13,0
841,16,0
841,17,1
841,19,0
841,22,0
841,23,0
841,25,0
842,1,1
842,4,0
842,6,0
842,9,1
842,10,1
842,11,0
842,13,1
842,14,0
842,15,0
842,16,0
842,17,1
842,19,0
842,23,1
842,24,0
843,5,0
843,9,1
843,10,0
843,11,0
843,13,1
843,16,0
843,21,0
843,23,0
843,24,1
843,25,0
844,5,1
844,9,1
844,12,1
844,13,0
844,15,0
844,16,1
844,19,0
844,22,0
844,24,0
844,25,0
845,1,1
845,2,0
845,3,1
845,5,0
845,6,1
845,7,1
845,13,1
845,14,0
845,15,0
845,16,0
845,17,1
845,19,0
845,20,1
845,25,0
846,1,0
846,4,1
846,6,1
846,7,1
846,8,1
846,10,0
846,12,0
846,14,1
846,15,0
846,16,1
846,17,1
846,18,0
846,20,0
846,22,1
847,2,0
847,3,0
847,6,0
847,8,0
847,9,0
847,10,0
847,11,0
847,15,0
847,19,1
847,21,0
847,23,0
847,24,1
847,25,0
848,2,1
848,3,1
848,6,0
848,7,0
848,10,0
848,11,0
848,12,0
848,16,0
848,18,0
848,19,1
848,22,0
848,23,1
849,5,1
849,8,1
849,12,0
849,13,0
849,14,0
849,20,0
849,22,1
849,23,0
849,24,0
849,25,0
850,5,1
850,7,0
850,8,1
850,11,1
850,13,0
850,14,0
850,16,0
850,17,0
850,18,0
850,20,0
850,22,0
850,23,0
851,2,1
851,3,1
851,4,0
851,5,0
851,7,1
851,8,1
851,9,0
851,15,1
851,16,1
851,19,0
851,21,1
851,23,0
852,3,0
852,6,0
852,7,1
852,8,1
852,9,0
852,11,0
852,12,1
852,13,0
852,14,0
852,16,0
852,18,0
852,20,1
852,21,0
852,24,0
853,2,1
853,3,0
853,6,0
853,10,1
853,12,0
853,15,0
853,17,0
853,19,0
853,20,0
853,21,0
853,22,0
853,23,0
853,24,0
854,6,0
854,7,1
854,8,1
854,11,1
854,13,1
854,15,0
854,17,0
854,21,0
854,22,0
854,23,0
854,25,0
855,1,1
855,2,1
855,5,1
855,6,0
855,10,1
855,11,1
855,13,1
855,14,1
855,15,0
855,16,1
855,20,0
855,21,1
855,25,0
856,1,0
856,2,1
856,4,0
856,5,0
856,8,0
856,9,0
856,11,0
856,12,0
856,14,0
856,15,0
856,19,0
856,21,1
856,25,0
857,2,0
857,3,0
857,6,0
857,11,0
857,13,0
857,14,0
857,15,1
857,19,0
857,20,0
857,22,1
857,23,0
857,25,0
858,1,1
858,2,0
858,5,1
858,8,1
858,11,1
858,12,0
858,14,1
858,15,0
858,17,1
858,20,0
858,22,0
858,23,0
858,25,0
859,2,0
859,3,1
859,5,0
859,8,0
859,11,0
859,12,1
859,16,1
859,20,0
859,22,0
859,25,0
860,1,0
860,2,0
860,5,0
860,9,0
860,10,0
860,11,1
860,18,0
860,19,0
860,21,1
860,23,0
860,24,0
860,25,1
861,1,0
861,4,1
861,9,1
861,10,1
861,11,0
861,14,0
861,15,0
861,16,1
861,21,0
861,25,0
862,2,0
862,5,0
862,7,1
862,10,0
862,11,0
862,12,0
862,14,0
862,15,1
862,17,1
862,20,0
862,21,0
863,1,1
863,3,0
863,6,1
863,7,0
863,10,0
863,12,1
863,14,0
863,15,0
863,18,0
863,23,0
863,24,0
863,25,1
864,1,1
864,3,0
864,5,0
864,9,0
864,10,0
864,11,1
864,16,1
864,17,1
864,22,0
864,23,0
864,25,0
865,6,1
865,8,0
865,10,1
865,14,1
865,17,1
865,18,1
865,19,0
865,20,1
865,21,0
865,22,0
865,24,0
865,25,0
866,1,1
866,3,1
866,4,0
866,5,1
866,6,1
866,7,0
866,9,0
866,10,1
866,13,1
866,15,0
866,17,1
866,22,0
866,24,0
866,25,1
867,1,0
867,2,1
867,3,0
867,4,1
867,5,0
867,6,0
867,8,0
867,10,1
867,16,0
867,17,0
867,20,0
867,21,0
867,22,0
868,1,0
868,3,0
868,5,0
868,7,1
868,10,1
868,12,1
868,13,0
868,14,0
868,17,0
868,18,0
868,19,1
868,20,0
868,24,1
868,25,0
869,2,0
869,5,1
869,6,0
869,9,0
869,12,1
869,14,1
869,16,0
869,18,0
869,20,0
869,22,0
869,23,0
870,2,1
870,3,1
870,5,0
870,7,0
870,8,1
870,10,0
870,15,0
870,16,0
870,17,1
870,21,1
870,22,0
870,24,0
870,25,0
871,3,0
871,4,1
871,5,1
871,6,0
871,8,1
871,9,0
871,10,1
871,14,0
871,15,0
871,16,1
871,17,0
871,22,0
872,2,0
872,3,0
872,4,1
872,5,0
872,6,0
872,8,1
872,11,0
872,13,0
872,14,0
872,15,0
872,19,1
872,20,0
872,22,0
873,1,1
873,3,0
873,5,0
873,6,0
873,13,1
873,14,0
873,17,0
873,19,0
873,22,0
873,23,0
874,1,1
874,2,0
874,3,1
874,4,0
874,5,1
874,6,0
874,9,0
874,10,0
874,14,0
874,16,1
874,20,0
874,21,0
874,22,0
875,2,1
875,3,0
875,5,0
875,8,0
875,9,0
875,12,1
875,17,0
875,18,0
875,23,0
875,24,1
876,1,0
876,2,1
876,5,0
876,8,1
876,10,0
876,11,1
876,13,1
876,14,0
876,17,0
876,22,0
876,23,0
876,24,0
876,25,0
877,2,0
877,9,1
877,10,0
877,13,1
877,14,0
877,15,0
877,16,1
877,19,1
877,20,0
877,22,1
878,2,0
878,3,0
878,5,0
878,7,0
878,11,1
878,15,1
878,17,0
878,18,0
878,23,0
878,24,0
878,25,0
879,3,0
879,4,1
879,5,0
879,7,0
879,8,1
879,9,0
879,14,0
879,15,0
879,16,0
879,19,1
879,20,0
879,22,0
879,23,0
879,25,0
880,4,0
880,8,0
880,10,0
880,13,1
880,14,0
880,17,1
880,18,1
880,20,0
880,21,0
880,23,1
880,24,0
880,25,0
881,2,0
881,3,0
881,4,0
881,5,0
881,9,1
881,12,0
881,13,1
881,14,0
881,15,0
881,16,0
881,18,1
881,24,0
881,25,0
882,1,1
882,2,1
882,4,1
882,5,1
882,7,0
882,9,0
882,10,0
882,11,0
882,12,0
882,13,0
882,14,1
882,20,0
882,21,1
882,23,0
883,2,0
883,3,1
883,6,0
883,9,1
883,11,0
883,12,1
883,14,0
883,16,0
883,20,0
883,21,0
883,24,1
883,25,0
884,1,0
884,2,0
884,4,0
884,5,0
884,6,0
884,8,1
884,17,0
884,18,0
884,19,0
884,23,0
884,24,0
884,25,0
885,2,1
885,5,0
885,8,1
885,12,1
885,13,1
885,15,1
885,18,0
885,19,0
885,20,1
885,25,0
886,5,1
886,7,1
886,8,0
886,11,0
886,12,0
886,13,0
886,16,1
886,18,1
886,21,0
886,22,0
886,23,0
887,2,0
887,5,1
887,8,0
887,10,0
887,11,0
887,12,1
887,13,0
887,15,0
887,19,0
887,23,1
887,24,1
888,2,0
888,5,0
888,7,1
888,8,0
888,9,0
888,11,0
888,14,0
888,15,0
888,16,0
888,18,0
888,19,0
888,20,0
888,23,1
888,24,0
889,1,1
889,3,1
889,6,0
889,7,0
889,9,1
889,10,1
889,14,0
889,15,0
889,17,0
889,18,0
889,20,0
890,1,0
890,4,1
890,6,1
890,7,1
890,8,1
890,9,0
890,10,0
890,12,0
890,15,1
890,17,0
890,19,1
890,22,0
890,23,0
891,1,1
891,2,0
891,5,1
891,6,0
891,7,0
891,9,0
891,12,0
891,15,0
891,16,1
891,17,0
891,24,0
892,1,0
892,2,1
892,3,1
892,6,0
892,7,0
892,9,1
892,10,1
892,11,0
892,14,1
892,16,1
892,20,1
892,21,0
892,22,0
892,25,0
893,1,0
893,3,1
893,4,0
893,5,1
893,6,0
893,8,0
893,10,1
893,12,0
893,17,0
893,19,1
893,20,0
894,2,0
894,3,0
894,4,1
894,5,1
894,6,1
894,7,1
894,9,0
894,10,1
894,12,0
894,19,0
894,21,0
894,22,0
894,23,0
895,2,1
895,6,0
895,8,0
895,10,0
895,12,1
895,15,0
895,16,0
895,17,0
895,19,0
895,22,0
896,1,0
896,4,0
896,5,1
896,7,1
896,9,0
896,10,0
896,17,1
896,18,1
896,19,0
896,20,1
896,21,0
896,23,0
896,24,1
896,25,1
897,1,1
897,6,0
897,8,0
897,10,0
897,11,1
897,16,1
897,20,1
897,21,1
897,22,0
897,25,0
898,4,0
898,5,1
898,6,0
898,7,1
898,11,0
898,16,0
898,17,0
898,18,0
898,21,0
898,23,0
899,1,0
899,2,0
899,6,0
899,9,1
899,10,1
899,11,0
899,12,0
899,15,1
899,18,0
899,23,1
900,3,1
900,4,1
900,5,0
900,7,0
900,9,0
900,14,1
900,15,1
900,18,0
900,19,0
900,22,1
900,24,0
900,25,0
901,1,1
901,2,1
901,3,1
901,4,1
901,7,1
901,10,0
901,14,0
901,16,0
901,17,1
901,18,0
901,22,1
901,24,0
902,1,0
902,2,0
902,3,1
902,4,0
902,8,1
902,10,0
902,11,0
902,16,0
902,18,0
902,24,0
903,2,0
903,3,0
903,4,0
903,5,1
903,7,1
903,9,1
903,13,0
903,14,0
903,15,1
903,17,0
903,18,0
903,19,1
903,24,0
903,25,0
904,1,1
904,3,0
904,5,0
904,9,0
904,12,0
904,13,1
904,14,0
904,15,1
904,17,1
904,19,0
904,20,0
904,21,1
904,25,0
905,1,1
905,2,1
905,3,1
905,5,0
905,6,1
905,7,1
905,9,1
905,13,0
905,14,1
905,15,0
905,16,0
905,18,0
905,20,1
906,2,0
906,3,1
906,5,1
906,11,1
906,12,1
906,16,0
906,19,0
906,20,0
906,21,0
906,23,0
906,25,0
907,4,1
907,5,0
907,6,0
907,10,0
907,12,1
907,13,0
907,14,0
907,15,0
907,17,1
907,20,0
907,21,0
907,22,0
907,23,1
907,24,1
908,3,0
908,5,0
908,6,1
908,10,1
908,11,0
908,12,1
908,15,0
908,16,0
908,18,1
908,21,0
908,22,0
908,25,1
909,2,0
909,10,1
909,13,1
909,16,0
909,17,1
909,18,0
909,19,1
909,21,0
909,24,0
909,25,1
910,2,1
910,3,0
910,4,0
910,12,1
910,15,0
910,16,0
910,17,0
910,18,1
910,20,0
910,21,1
910,24,1
911,2,0
911,4,0
911,6,1
911,7,0
911,9,0
911,11,0
911,12,1
911,15,0
911,17,0
911,18,0
911,19,0
911,21,0
911,22,1
912,2,0
912,3,0
912,7,0
912,8,0
912,9,0
912,10,0
912,11,0
912,13,0
912,16,0
912,17,0
912,23,0
912,25,0
913,3,1
913,4,1
913,5,0
913,12,1
913,13,1
913,14,0
913,17,1
913,18,0
913,19,0
913,20,0
913,24,0
913,25,1
914,1,0
914,2,1
914,6,0
914,7,1
914,12,1
914,14,0
914,16,0
914,17,1
914,18,1
914,24,0
915,1,0
915,5,0
915,7,0
915,8,1
915,10,1
915,11,0
915,12,1
915,13,0
915,17,0
915,20,0
915,21,0
915,23,1
915,25,0
916,1,0
916,6,0
916,9,1
916,10,1
916,11,1
916,12,1
916,14,0
916,15,1
916,16,1
916,17,1
916,18,1
916,20,0
916,22,0
916,24,0
917,2,0
917,7,1
917,8,1
917,11,1
917,15,0
917,19,0
917,20,0
917,21,0
917,22,0
917,23,0
917,24,0
917,25,1
918,1,1
918,5,0
918,11,0
918,12,0
918,13,0
918,15,1
918,16,0
918,19,0
918,21,0
918,24,0
919,2,1
919,6,0
919,8,0
919,9,0
919,10,0
919,11,0
919,13,0
919,14,0
919,15,0
919,16,0
919,19,1
919,20,0
919,23,0
919,25,0
920,5,0
920,8,1
920,10,1
920,11,0
920,12,0
920,13,1
920,15,0
920,17,0
920,19,1
920,21,0
920,23,0
920,24,0
920,25,0
921,2,0
921,3,0
921,4,0
921,5,0
921,8,0
921,9,0
921,11,1
921,14,0
921,16,1
921,17,1
921,21,0
921,25,1
922,1,1
922,2,1
922,5,1
922,8,1
922,12,0
922,13,1
922,15,0
922,17,0
922,18,0
922,19,0
922,20,0
922,22,1
922,23,0
922,25,0
923,2,1
923,4,1
923,7,0
923,8,0
923,10,0
923,12,0
923,13,0
923,14,1
923,17,0
923,18,0
923,19,0
923,20,0
923,22,0
923,23,1
924,1,1
924,3,0
924,4,0
924,5,0
924,6,0
924,10,0
924,13,0
924,14,0
924,15,1
924,17,0
924,19,0
924,20,0
924,24,0
924,25,0
925,1,0
925,2,1
925,3,0
925,7,1
925,8,1
925,11,0
925,16,0
925,17,0
925,20,0
925,23,1
925,24,0
925,25,0
926,1,0
926,2,0
926,4,0
926,7,0
926,11,0
926,12,1
926,13,1
926,14,1
926,17,0
926,20,0
926,21,0
926,25,1
927,2,0
927,4,0
927,6,1
927,8,1
927,9,0
927,10,0
927,13,0
927,18,1
927,19,0
927,21,0
927,22,0
928,1,1
928,4,1
928,5,0
928,6,0
928,10,0
928,13,1
928,15,1
928,17,0
928,18,0
928,20,0
928,21,0
928,23,0
928,25,0
929,1,0
929,2,0
929,5,0
929,8,0
929,10,1
929,11,0
929,12,1
929,16,0
929,20,1
929,24,0
930,1,0
930,4,1
930,6,0
930,8,1
930,9,0
930,10,0
930,12,1
930,14,1
930,15,0
930,16,0
930,18,1
930,20,0
930,24,1
930,25,0
931,1,0
931,2,0
931,3,0
931,7,1
931,9,1
931,12,1
931,13,0
931,17,0
931,18,0
931,23,1
931,25,0
932,1,1
932,3,1
932,5,0
932,7,1
932,8,0
932,9,1
932,12,1
932,13,0
932,19,0
932,20,1
933,3,1
933,6,0
933,7,0
933,11,1
933,13,0
933,14,1
933,15,0
933,16,1
933,18,0
933,19,0
933,24,0
934,5,0
934,6,0
934,7,1
934,8,0
934,12,0
934,13,0
934,14,0
934,15,0
934,19,0
934,20,1
934,21,0
934,22,0
935,1,0
935,2,1
935,3,0
935,4,1
935,5,1
935,8,0
935,11,0
935,12,1
935,13,1
935,15,0
935,17,0
935,19,0
935,21,1
935,24,1
936,1,1
936,3,1
936,4,0
936,8,0
936,9,0
936,13,0
936,18,1
936,21,0
936,22,0
936,24,0
937,1,0
937,2,1
937,3,0
937,4,1
937,5,0
937,7,0
937,15,0
937,18,1
937,21,1
937,23,0
938,1,1
938,2,1
938,4,1
938,5,1
938,6,1
938,9,1
938,10,0
938,11,0
938,22,0
938,24,0
939,6,1
939,9,0
939,10,0
939,12,0
939,14,1
939,18,1
939,19,0
939,21,1
939,23,0
939,24,0
940,2,0
940,7,1
940,8,0
940,9,1
940,12,0
940,15,0
940,18,1
940,19,1
940,22,0
940,23,1
941,1,1
941,2,1
941,3,0
941,8,1
941,10,1
941,14,0
941,15,1
941,16,1
941,18,1
941,20,0
941,21,0
942,3,0
942,4,0
942,5,0
942,9,1
942,11,0
942,12,1
942,13,1
942,14,1
942,15,0
942,16,0
942,17,0
942,20,1
942,21,1
942,23,0
943,11,0
943,12,0
943,14,0
943,15,0
943,17,0
943,18,0
943,19,0
943,21,0
943,22,0
943,23,0
943,24,0
943,25,0
944,2,1
944,4,0
944,5,0
944,7,1
944,10,0
944,12,1
944,13,1
944,15,1
944,16,0
944,20,0
944,21,0
944,25,0
945,6,0
945,7,0
945,10,1
945,11,0
945,12,0
945,13,0
945,19,0
945,20,0
945,21,0
945,22,0
945,23,0
945,25,0
946,1,1
946,2,0
946,8,1
946,10,0
946,11,0
946,12,1
946,14,1
946,18,0
946,21,0
946,22,0
946,23,0
946,25,0
947,4,0
947,5,0
947,10,0
947,14,0
947,18,0
947,19,0
947,20,0
947,21,1
947,22,0
947,23,0
947,25,0
948,1,0
948,2,1
948,3,1
948,4,0
948,6,0
948,11,0
948,14,0
948,16,1
948,18,1
948,19,0
948,22,0
948,24,0
948,25,1
949,1,1
949,2,0
949,3,0
949,4,1
949,5,0
949,6,1
949,8,0
949,15,0
949,17,0
949,19,0
949,20,0
949,21,1
949,23,0
949,25,0
950,1,1
950,2,0
950,4,0
950,6,0
950,10,0
950,11,0
950,12,1
950,16,1
950,19,0
950,22,0
951,1,1
951,3,0
951,4,0
951,5,1
951,6,0
951,8,0
951,14,0
951,15,0
951,16,0
951,20,1
951,21,1
951,23,1
951,24,0
952,1,0
952,3,0
952,6,1
952,7,1
952,8,0
952,9,0
952,10,0
952,12,0
952,17,0
952,20,1
952,21,0
952,25,0
953,3,0
953,4,0
953,5,1
953,6,1
953,7,1
953,8,1
953,9,0
953,10,0
953,13,0
953,14,0
953,16,1
953,17,0
953,23,0
954,1,0
954,2,0
954,5,1
954,6,0
954,7,0
954,8,0
954,13,0
954,14,1
954,15,0
954,16,1
954,20,1
954,22,0
954,23,0
954,25,1
955,4,1
955,6,0
955,8,1
955,11,1
955,14,1
955,15,0
955,16,1
955,18,0
955,19,0
955,22,0
956,1,0
956,4,1
956,6,0
956,8,1
956,9,0
956,11,0
956,15,1
956,18,1
956,20,0
956,22,0
957,2,0
957,3,1
957,5,0
957,8,1
957,10,1
957,11,0
957,13,0
957,14,0
957,16,0
957,17,0
957,19,0
957,21,1
957,24,1
957,25,1
958,1,1
958,3,0
958,4,0
958,5,1
958,6,1
958,12,1
958,14,0
958,16,0
958,18,1
958,20,0
958,22,1
958,23,0
958,24,1
958,25,0
959,3,1
959,5,0
959,6,1
959,8,0
959,9,1
959,13,0
959,16,0
959,18,0
959,19,1
959,20,0
959,22,0
959,25,0
960,3,1
960,4,1
960,8,0
960,10,0
960,13,0
960,15,0
960,18,0
960,20,1
960,21,0
960,22,0
961,3,0
961,4,0
961,5,0
961,9,1
961,10,0
961,15,0
961,17,0
961,18,0
961,20,0
961,21,0
961,22,0
961,23,0
961,25,0
962,4,0
962,7,0
962,8,0
962,10,0
962,11,1
962,18,0
962,19,1
962,20,1
962,23,1
962,24,0
962,25,0
963,4,1
963,7,1
963,8,0
963,12,0
963,13,0
963,18,0
963,20,1
963,21,0
963,22,0
963,23,0
963,25,0
964,1,1
964,3,0
964,4,0
964,6,1
964,10,0
964,11,1
964,12,1
964,13,1
964,16,1
964,17,0
964,18,1
964,21,0
964,24,0
964,25,0
965,3,0
965,5,1
965,6,0
965,8,1
965,12,0
965,14,0
965,16,0
965,21,0
965,22,0
965,23,0
965,24,1
965,25,0
966,1,1
966,2,0
966,3,1
966,4,1
966,5,0
966,6,0
966,7,0
966,8,1
966,9,0
966,16,0
966,19,0
967,1,0
967,2,0
967,10,1
967,13,0
967,17,0
967,18,0
967,19,0
967,21,0
967,22,1
967,24,0
968,1,0
968,4,1
968,5,0
968,8,1
968,12,1
968,13,0
968,15,0
968,16,1
968,18,0
968,19,1
968,21,1
968,22,1
968,24,0
968,25,0
969,1,0
969,2,1
969,6,1
969,9,0
969,11,0
969,13,0
969,14,0
969,19,0
969,20,0
969,21,0
969,22,0
969,23,0
969,25,0
970,1,0
970,2,1
970,3,0
970,4,1
970,8,1
970,9,1
970,11,0
970,13,0
970,15,0
970,17,0
970,18,0
970,22,0
970,24,0
970,25,0
971,1,1
971,3,0
971,6,0
971,10,1
971,11,0
971,12,0
971,13,1
971,15,0
971,16,1
971,19,0
971,20,0
971,22,0
971,25,1
972,1,0
972,2,1
972,5,1
972,6,0
972,7,0
972,8,1
972,9,0
972,10,0
972,11,0
972,14,0
972,16,0
972,18,0
972,21,1
972,25,0
973,6,1
973,8,1
973,9,1
973,10,0
973,12,0
973,13,0
973,15,0
973,16,0
973,17,0
973,19,1
973,20,0
973,23,1
973,24,0
973,25,0
974,4,1
974,6,0
974,7,0
974,8,1
974,10,0
974,11,1
974,12,1
974,13,0
974,14,0
974,16,0
974,18,0
974,20,1
974,21,0
974,22,0
975,3,0
975,4,0
975,7,1
975,10,0
975,12,0
975,13,0
975,15,1
975,19,1
975,21,1
975,22,1
975,23,0
975,24,0
975,25,0
976,3,0
976,4,1
976,6,0
976,7,0
976,11,0
976,12,0
976,14,0
976,15,0
976,18,0
976,20,0
976,21,0
976,22,0
976,24,1
977,3,0
977,4,1
977,7,1
977,8,1
977,11,1
977,12,1
977,15,1
977,16,0
977,17,1
977,18,0
977,19,1
977,20,0
977,23,0
977,25,1
978,2,1
978,5,1
978,6,1
978,7,0
978,13,1
978,17,1
978,18,0
978,19,0
978,20,0
978,23,1
978,25,0
979,3,1
979,6,1
979,9,1
979,11,0
979,12,1
979,13,1
979,14,0
979,15,0
979,18,0
979,22,1
979,23,1
979,25,1
980,2,0
980,3,0
980,5,0
980,9,1
980,10,0
980,11,1
980,13,0
980,15,1
980,16,0
980,18,0
980,22,0
980,25,0
981,1,1
981,2,0
981,4,1
981,5,1
981,7,0
981,12,1
981,13,0
981,15,0
981,18,0
981,23,0
981,24,1
981,25,1
982,1,0
982,2,1
982,6,0
982,7,0
982,9,1
982,10,1
982,13,1
982,14,0
982,15,0
982,17,0
982,18,0
982,20,1
982,21,0
983,1,0
983,3,1
983,4,0
983,5,1
983,6,1
983,8,1
983,10,0
983,11,1
983,12,0
983,13,0
983,16,1
983,21,1
983,25,0
984,2,0
984,7,1
984,10,1
984,13,0
984,15,0
984,16,0
984,17,0
984,18,0
984,20,0
984,22,0
984,23,0
985,2,0
985,3,0
985,5,0
985,6,0
985,7,1
985,12,0
985,13,0
985,15,1
985,19,1
985,20,0
985,21,0
985,24,0
986,1,1
986,3,1
986,4,0
986,9,1
986,10,1
986,11,1
986,15,1
986,19,1
986,20,1
986,22,0
986,24,1
986,25,0
987,1,1
987,2,0
987,5,1
987,6,1
987,10,1
987,12,1
987,14,0
987,15,0
987,16,0
987,18,1
987,21,0
987,22,0
987,24,0
987,25,0
988,1,1
988,2,1
988,9,0
988,10,1
988,11,1
988,12,0
988,15,1
988,16,1
988,17,0
988,18,0
988,19,0
988,22,0
988,23,0
989,3,1
989,5,0
989,6,0
989,7,1
989,9,1
989,11,0
989,13,1
989,15,1
989,17,1
989,21,0
989,22,0
989,23,0
990,1,1
990,2,0
990,3,0
990,8,0
990,10,0
990,12,0
990,15,0
990,18,1
990,21,1
990,22,0
990,24,0
991,1,1
991,3,0
991,4,0
991,5,1
991,7,0
991,12,0
991,13,0
991,14,0
991,16,0
991,18,1
991,24,0
992,1,0
992,2,0
992,4,1
992,6,0
992,8,1
992,10,0
992,14,0
992,15,0
992,20,1
992,21,0
992,22,0
992,24,0
993,3,0
993,4,1
993,5,0
993,6,1
993,10,0
993,11,1
993,12,0
993,13,0
993,14,0
993,17,0
993,19,1
993,22,0
993,25,0
994,2,0
994,3,1
994,5,0
994,12,0
994,13,0
994,14,0
994,17,0
994,18,1
994,22,0
994,23,0
994,24,0
995,1,0
995,4,0
995,8,0
995,9,1
995,10,0
995,13,0
995,14,1
995,15,0
995,16,1
995,19,0
995,21,0
995,22,0
995,23,0
995,25,0
996,1,0
996,2,1
996,3,0
996,4,0
996,8,1
996,10,0
996,11,1
996,12,1
996,16,1
996,24,0
996,25,0
997,1,1
997,2,1
997,4,0
997,5,1
997,10,1
997,16,0
997,17,0
997,19,0
997,22,0
997,24,0
998,1,1
998,7,0
998,9,1
998,13,0
998,14,0
998,16,0
998,17,0
998,18,1
998,19,1
998,20,0
999,1,0
999,2,1
999,3,1
999,5,1
999,6,1
999,7,1
999,9,0
999,13,0
999,17,1
999,20,0
999,21,1
999,23,1
999,24,0
1000,2,0
1000,3,0
1000,6,0
1000,7,0
1000,8,0
1000,9,1
1000,10,0
1000,11,0
1000,12,1
1000,14,0
1000,15,0
1000,24,1
1001,3,0
1001,7,1
1001,8,1
1001,9,1
1001,10,1
1001,13,1
1001,14,1
1001,16,0
1001,17,0
1001,18,1
1001,19,1
1001,23,0
1001,24,1
1002,1,0
1002,3,0
1002,5,0
1002,7,1
1002,8,0
1002,9,0
1002,11,0
1002,14,0
1002,15,0
1002,16,1
1002,19,0
1002,20,0
1002,24,0
1003,3,0
1003,4,1
1003,5,0
1003,6,0
1003,7,1
1003,9,0
1003,10,0
1003,12,1
1003,15,0
1003,17,0
1003,21,1
1003,24,0
1003,25,0
1004,1,1
1004,2,1
1004,5,1
1004,6,0
1004,7,0
1004,8,1
1004,9,1
1004,11,0
1004,13,0
1004,14,0
1004,19,1
1004,20,0
1004,25,0
1005,1,0
1005,2,0
1005,3,1
1005,9,0
1005,10,0
1005,14,0
1005,16,0
1005,17,1
1005,18,0
1005,19,0
1005,20,1
1005,21,0
1005,22,0
1005,23,1
1006,3,1
1006,4,1
1006,5,0
1006,6,1
1006,8,0
1006,9,1
1006,11,0
1006,12,1
1006,15,1
1006,18,0
1006,20,0
1006,21,0
1006,24,0
1006,25,0
1007,2,1
1007,3,1
1007,5,1
1007,8,0
1007,9,0
1007,14,0
1007,19,0
1007,20,0
1007,21,1
1007,24,1
1007,25,0
1008,2,1
1008,3,1
1008,4,0
1008,8,0
1008,10,0
1008,11,1
1008,13,0
1008,14,0
1008,16,0
1008,18,1
1009,1,0
1009,3,1
1009,6,1
1009,7,0
1009,9,0
1009,13,1
1009,14,0
1009,16,1
1009,17,0
1009,18,0
1009,19,0
1009,22,0
1009,23,0
1010,3,1
1010,7,0
1010,11,0
1010,12,0
1010,14,0
1010,15,0
1010,16,1
1010,21,0
1010,22,1
1010,23,0
1010,25,0
1011,1,1
1011,11,1
1011,13,0
1011,14,1
1011,15,0
1011,16,1
1011,17,0
1011,21,0
1011,22,1
1011,25,0
1012,1,0
1012,4,0
1012,5,1
1012,12,0
1012,15,1
1012,16,0
1012,18,0
1012,19,0
1012,20,0
1012,21,0
1012,24,0
1012,25,0
1013,1,0
1013,4,0
1013,7,0
1013,8,0
1013,9,1
1013,12,0
1013,13,0
1013,15,0
1013,16,0
1013,17,0
1013,18,1
1013,20,0
1013,22,0
1013,25,0
1014,3,0
1014,4,1
1014,9,1
1014,11,0
1014,14,0
1014,15,0
1014,16,1
1014,18,0
1014,19,0
1014,22,0
1015,2,0
1015,4,1
1015,6,1
1015,11,1
1015,12,0
1015,13,0
1015,15,1
1015,16,0
1015,18,1
1015,20,0
1015,22,0
1015,25,1
1016,3,0
1016,6,1
1016,7,0
1016,9,0
1016,15,0
1016,16,0
1016,17,0
1016,20,1
1016,21,0
1016,22,1
1017,2,1
1017,3,1
1017,5,1
1017,7,1
1017,8,1
1017,11,1
1017,12,1
1017,14,0
1017,15,1
1017,17,1
1017,18,0
1017,20,0
1017,21,1
1017,23,1
1018,1,0
1018,3,1
1018,4,0
1018,6,0
1018,8,1
1018,9,1
1018,11,0
1018,12,0
1018,13,1
1018,14,0
1018,19,1
1018,20,0
1018,22,0
1018,24,0
1019,2,1
1019,6,1
1019,7,0
1019,8,0
1019,11,0
1019,13,0
1019,18,0
1019,20,1
1019,22,0
1019,23,0
1019,25,0
1020,2,0
1020,3,1
1020,6,0
1020,7,1
1020,8,1
1020,12,0
1020,13,0
1020,15,1
1020,16,1
1020,18,0
1020,19,0
1020,20,0
1020,21,0
1021,3,0
1021,6,0
1021,8,1
1021,9,0
1021,11,0
1021,13,0
1021,14,0
1021,15,0
1021,19,0
1021,21,0
1022,2,0
1022,3,1
1022,4,0
1022,8,0
1022,9,0
1022,14,0
1022,15,0
1022,17,0
1022,21,0
1022,23,1
1023,3,1
1023,5,1
1023,7,0
1023,9,0
1023,10,0
1023,12,0
1023,14,1
1023,15,1
1023,16,0
1023,19,0
1023,21,0
1023,23,0
1024,1,1
1024,2,1
1024,4,1
1024,5,0
1024,6,0
1024,7,1
1024,9,0
1024,12,1
1024,15,0
1024,18,1
1024,19,0
1024,20,0
1024,23,1
1024,24,0
1025,1,1
1025,3,0
1025,7,1
1025,11,1
1025,12,0
1025,15,0
1025,16,0
1025,18,0
1025,21,0
1025,24,1
1026,3,0
1026,4,1
1026,5,1
1026,7,0
1026,8,0
1026,9,0
1026,12,0
1026,15,0
1026,17,0
1026,18,1
1026,19,1
1026,20,0
1026,22,0
1026,25,1
1027,2,1
1027,3,0
1027,4,0
1027,9,0
1027,10,1
1027,13,1
1027,15,0
1027,17,0
1027,18,1
1027,23,0
1028,1,0
1028,8,0
1028,9,0
1028,14,1
1028,16,1
1028,17,0
1028,18,1
1028,20,1
1028,22,0
1028,23,0
1028,25,0
1029,1,1
1029,2,0
1029,3,1
1029,4,0
1029,6,0
1029,15,0
1029,17,1
1029,19,0
1029,20,0
1029,21,0
1029,22,1
1029,23,1
1029,24,1
1030,4,1
1030,5,0
1030,10,0
1030,11,0
1030,18,1
1030,19,0
1030,20,1
1030,21,0
1030,22,0
1030,24,0
1031,2,0
1031,4,0
1031,5,0
1031,7,1
1031,9,1
1031,12,1
1031,13,0
1031,14,0
1031,15,1
1031,16,0
1031,18,0
1031,19,0
1031,21,0
1031,24,0
1032,2,0
1032,4,1
1032,5,0
1032,7,0
1032,11,1
1032,13,0
1032,18,0
1032,21,0
1032,22,0
1032,23,0
1032,24,1
1033,3,1
1033,5,1
1033,7,0
1033,8,1
1033,9,1
1033,12,0
1033,17,0
1033,21,0
1033,22,0
1033,23,1
1034,1,1
1034,4,0
1034,6,1
1034,9,1
1034,10,0
1034,12,0
1034,13,0
1034,14,0
1034,15,1
1034,17,0
1034,18,1
1034,25,0
1035,1,1
1035,2,1
1035,4,0
1035,7,0
1035,11,0
1035,12,1
1035,13,0
1035,15,0
1035,16,0
1035,18,0
1035,20,0
1035,22,0
1035,24,0
1036,3,0
1036,5,1
1036,6,0
1036,8,0
1036,11,0
1036,12,0
1036,14,0
1036,15,1
1036,21,1
1036,23,1
1037,1,1
1037,3,0
1037,5,0
1037,6,0
1037,7,1
1037,11,0
1037,12,1
1037,20,0
1037,21,0
1037,22,1
1037,23,0
1038,1,0
1038,2,0
1038,4,0
1038,5,0
1038,6,0
1038,10,1
1038,12,0
1038,14,1
1038,17,0
1038,19,0
1038,21,0
1038,24,1
1039,1,0
1039,3,1
1039,6,1
1039,11,0
1039,14,0
1039,15,1
1039,17,0
1039,18,1
1039,20,0
1039,23,0
1039,24,0
1040,1,1
1040,2,0
1040,3,0
1040,8,1
1040,9,0
1040,15,0
1040,16,0
1040,17,0
1040,18,0
1040,22,0
1040,24,0
1041,1,0
1041,2,0
1041,3,0
1041,6,0
1041,7,1
1041,10,1
1041,11,1
1041,14,0
1041,18,1
1041,20,0
1041,23,1
1041,25,0
1042,2,0
1042,3,1
1042,4,1
1042,8,0
1042,9,0
1042,17,1
1042,18,1
1042,19,0
1042,20,1
1042,22,1
1042,23,1
1043,1,1
1043,3,0
1043,6,1
1043,8,0
1043,14,0
1043,15,1
1043,16,0
1043,17,0
1043,19,0
1043,20,1
1043,22,1
1043,23,0
1044,2,1
1044,6,0
1044,8,1
1044,9,1
1044,11,1
1044,15,0
1044,17,1
1044,20,0
1044,22,0
1044,24,1
1045,6,0
1045,7,1
1045,9,1
1045,11,1
1045,12,1
1045,13,0
1045,14,0
1045,15,1
1045,18,0
1045,20,1
1045,22,0
1045,24,0
1046,2,1
1046,5,0
1046,8,1
1046,9,1
1046,10,1
1046,13,0
1046,15,1
1046,16,1
1046,20,1
1046,21,0
1046,23,0
1046,24,0
1047,1,0
1047,2,0
1047,4,0
1047,7,0
1047,8,0
1047,9,0
1047,10,1
1047,14,0
1047,17,0
1047,18,0
1047,21,0
1047,22,1
1047,25,0
1048,1,0
1048,3,1
1048,5,1
1048,6,0
1048,8,1
1048,13,0
1048,14,0
1048,16,0
1048,20,0
1048,22,0
1048,23,1
1048,24,0
1049,2,0
1049,4,0
1049,5,1
1049,8,1
1049,11,0
1049,15,0
1049,16,0
1049,17,1
1049,18,0
1049,19,1
1049,22,0
1049,24,1
1050,2,0
1050,4,0
1050,5,1
1050,6,1
1050,7,1
1050,9,0
1050,13,0
1050,16,0
1050,19,1
1050,24,0
1051,3,0
1051,5,1
1051,8,1
1051,9,1
1051,10,1
1051,11,1
1051,14,1
1051,15,0
1051,17,1
1051,19,0
1051,20,0
1051,21,1
1051,24,0
1052,1,0
1052,3,0
1052,5,0
1052,6,1
1052,7,1
1052,10,1
1052,12,0
1052,13,0
1052,15,0
1052,17,0
1052,19,1
1052,20,0
1052,21,0
1052,24,0
1053,4,0
1053,6,0
1053,8,0
1053,11,1
1053,14,0
1053,16,1
1053,17,0
1053,18,0
1053,23,0
1053,25,0
1054,2,0
1054,8,0
1054,10,0
1054,11,1
1054,12,0
1054,14,0
1054,15,0
1054,18,0
1054,22,0
1054,23,0
1055,1,0
1055,3,1
1055,4,0
1055,5,0
1055,7,0
1055,8,1
1055,10,1
1055,13,0
1055,14,1
1055,17,0
1055,20,0
1055,21,1
1055,22,0
1055,23,0
1056,1,0
1056,2,1
1056,4,0
1056,6,1
1056,7,0
1056,9,0
1056,11,0
1056,14,0
1056,15,0
1056,16,0
1056,19,1
1056,24,1
1057,3,0
1057,5,0
1057,7,0
1057,8,1
1057,10,0
1057,12,0
1057,14,0
1057,19,0
1057,20,0
1057,22,1
1057,25,0
1058,1,0
1058,2,1
1058,6,0
1058,8,1
1058,9,0
1058,11,1
1058,12,0
1058,13,0
1058,14,1
1058,16,1
1058,20,0
1058,21,1
1058,24,0
1059,1,0
1059,5,0
1059,6,0
1059,10,1
1059,17,0
1059,18,1
1059,19,0
1059,20,0
1059,22,0
1059,23,0
1059,24,0
1060,1,0
1060,2,0
1060,3,1
1060,5,0
1060,7,0
1060,8,1
1060,9,1
1060,11,1
1060,13,0
1060,16,1
1060,17,1
1060,18,1
1060,20,0
1060,25,1
1061,1,1
1061,2,1
1061,3,0
1061,6,0
1061,15,0
1061,17,1
1061,18,1
1061,19,0
1061,22,0
1061,23,1
1062,3,1
1062,4,0
1062,5,1
1062,8,0
1062,13,0
1062,15,0
1062,16,0
1062,21,0
1062,22,0
1062,24,0
1063,1,1
1063,3,1
1063,4,0
1063,8,1
1063,11,0
1063,13,0
1063,19,0
1063,20,0
1063,21,0
1063,22,0
1063,23,0
1063,24,0
1063,25,0
1064,1,1
1064,4,0
1064,10,1
1064,11,1
1064,13,0
1064,18,1
1064,19,0
1064,22,0
1064,23,0
1064,25,0
1065,1,1
1065,2,1
1065,5,0
1065,8,1
1065,13,1
1065,17,1
1065,18,1
1065,19,1
1065,22,0
1065,25,0
1066,2,0
1066,3,1
1066,4,0
1066,5,1
1066,8,1
1066,11,1
1066,14,1
1066,15,0
1066,16,1
1066,19,0
1066,21,0
1066,22,0
1066,23,0
1067,2,1
1067,4,0
1067,5,0
1067,8,0
1067,9,0
1067,10,0
1067,11,1
1067,13,0
1067,14,1
1067,17,1
1067,19,0
1067,20,1
1067,23,0
1068,1,1
1068,2,0
1068,3,1
1068,5,1
1068,6,0
1068,8,1
1068,10,0
1068,11,1
1068,13,1
1068,17,0
1068,20,1
1068,21,0
1068,23,0
1068,25,0
1069,3,0
1069,6,1
1069,8,0
1069,9,0
1069,14,0
1069,17,0
1069,18,1
1069,19,0
1069,20,0
1069,22,1
1070,1,0
1070,3,0
1070,4,0
1070,5,0
1070,9,1
1070,11,0
1070,14,0
1070,17,1
1070,23,1
1070,24,0
1071,2,1
1071,3,0
1071,4,0
1071,6,0
1071,7,1
1071,12,0
1071,16,0
1071,17,0
1071,19,0
1071,20,0
1071,21,0
1071,23,0
1071,24,0
1071,25,0
1072,1,0
1072,2,1
1072,4,0
1072,7,1
1072,8,0
1072,9,0
1072,14,1
1072,17,0
1072,18,0
1072,21,0
1072,23,0
1072,25,1
1073,4,0
1073,5,1
1073,6,0
1073,7,0
1073,10,1
1073,11,0
1073,13,0
1073,14,0
1073,20,0
1073,21,0
1073,23,0
1073,24,0
1074,1,0
1074,3,0
1074,6,0
1074,10,1
1074,15,0
1074,16,0
1074,17,1
1074,19,0
1074,22,0
1074,23,0
1074,24,0
1074,25,0
1075,1,1
1075,2,0
1075,3,0
1075,4,0
1075,6,1
1075,7,1
1075,9,1
1075,11,0
1075,16,0
1075,17,0
1075,18,1
1075,21,0
1075,22,0
1075,24,1
1076,2,0
1076,6,0
1076,8,0
1076,10,1
1076,13,0
1076,14,1
1076,17,0
1076,18,1
1076,22,0
1076,23,0
1077,1,1
1077,2,0
1077,3,0
1077,6,0
1077,7,0
1077,9,1
1077,10,1
1077,16,0
1077,17,0
1077,18,1
1077,19,0
1077,22,1
1077,23,0
1077,25,0
1078,1,0
1078,3,0
1078,6,1
1078,8,1
1078,10,1
1078,11,1
1078,13,0
1078,14,0
1078,16,1
1078,17,0
1078,18,0
1078,19,0
1078,21,0
1078,25,0
1079,1,0
1079,3,0
1079,5,1
1079,6,1
1079,7,0
1079,8,1
1079,12,1
1079,13,1
1079,16,0
1079,17,0
1079,23,0
1079,25,0
1080,1,1
1080,5,0
1080,8,1
1080,9,1
1080,10,1
1080,14,1
1080,16,0
1080,19,1
1080,22,0
1080,24,0
1080,25,0
1081,1,0
1081,2,1
1081,6,0
1081,13,0
1081,15,0
1081,19,0
1081,20,0
1081,21,0
1081,24,0
1081,25,0
1082,1,0
1082,2,1
1082,4,0
1082,7,0
1082,9,0
1082,11,0
1082,12,0
1082,14,1
1082,15,0
1082,21,1
1082,22,1
1082,23,0
1083,2,0
1083,4,0
1083,5,1
1083,8,1
1083,9,0
1083,10,0
1083,11,0
1083,12,1
1083,17,1
1083,20,0
1083,21,0
1084,4,0
1084,5,0
1084,6,0
1084,7,0
1084,8,0
1084,10,1
1084,11,1
1084,12,0
1084,14,0
1084,19,0
1084,23,1
1085,2,0
1085,3,1
1085,4,0
1085,5,0
1085,9,1
1085,11,1
1085,14,1
1085,17,0
1085,19,0
1085,20,1
1085,22,0
1085,23,0
1085,25,0
1086,1,0
1086,5,1
1086,6,1
1086,8,0
1086,13,0
1086,16,0
1086,17,0
1086,21,1
1086,22,0
1086,24,0
1087,1,1
1087,4,0
1087,5,1
1087,6,1
1087,8,0
1087,9,1
1087,14,1
1087,15,0
1087,17,0
1087,19,1
1087,20,1
1088,2,1
1088,4,1
1088,5,0
1088,7,0
1088,9,0
1088,12,1
1088,15,0
1088,16,1
1088,18,0
1088,19,0
1088,20,0
1088,21,0
1089,1,0
1089,5,0
1089,7,0
1089,8,1
1089,10,1
1089,11,1
1089,12,1
1089,16,0
1089,17,0
1089,18,1
1089,19,1
1089,21,1
1089,24,0
1090,1,1
1090,2,1
1090,7,0
1090,14,1
1090,16,0
1090,19,1
1090,20,0
1090,23,0
1090,24,1
1090,25,1
1091,4,1
1091,6,0
1091,7,1
1091,11,1
1091,12,0
1091,13,1
1091,14,0
1091,15,1
1091,16,0
1091,17,1
1091,19,0
1091,22,0
1091,23,0
1091,25,0
1092,1,0
1092,3,1
1092,5,0
1092,7,1
1092,8,0
1092,9,1
1092,11,0
1092,12,1
1092,14,0
1092,18,0
1092,22,0
1092,25,1
1093,1,0
1093,2,0
1093,3,0
1093,5,0
1093,8,0
1093,11,1
1093,13,0
1093,16,0
1093,17,0
1093,18,0
1093,20,1
1094,4,1
1094,5,1
1094,6,0
1094,7,0
1094,10,1
1094,11,1
1094,12,0
1094,14,0
1094,16,1
1094,21,0
1094,22,0
1095,2,0
1095,4,1
1095,10,1
1095,11,0
1095,12,0
1095,13,0
1095,14,0
1095,15,0
1095,20,0
1095,22,1
1095,23,0
1095,25,0
1096,2,1
1096,3,0
1096,7,0
1096,8,0
1096,11,1
1096,12,0
1096,16,0
1096,18,1
1096,19,1
1096,20,0
1096,25,0
1097,2,1
1097,3,0
1097,4,0
1097,5,1
1097,6,0
1097,8,1
1097,11,1
1097,13,1
1097,14,0
1097,16,0
1097,18,0
1097,22,0
1097,25,0
1098,3,0
1098,10,1
1098,11,1
1098,14,0
1098,15,1
1098,16,1
1098,18,1
1098,19,0
1098,22,0
1098,23,0
1099,3,0
1099,5,1
1099,6,0
1099,9,1
1099,10,1
1099,11,1
1099,13,0
1099,14,1
1099,15,1
1099,18,0
1099,19,1
1099,21,0
1099,25,1
1100,1,0
1100,2,0
1100,3,0
1100,5,1
1100,10,0
1100,11,0
1100,15,0
1100,16,0
1100,21,0
1100,22,0
1100,24,0
1101,3,0
1101,5,1
1101,7,0
1101,8,0
1101,9,0
1101,12,0
1101,13,0
1101,14,1
1101,16,1
1101,18,0
1101,19,1
1101,20,0
1101,23,0
1101,24,0
1102,3,1
1102,5,0
1102,8,0
1102,9,0
1102,10,0
1102,11,1
1102,18,0
1102,19,1
1102,23,0
1102,24,0
1103,1,0
1103,2,0
1103,6,0
1103,8,1
1103,9,0
1103,14,0
1103,16,0
1103,19,0
1103,21,0
1103,24,0
1104,1,1
1104,2,0
1104,4,1
1104,5,1
1104,9,0
1104,10,0
1104,13,0
1104,21,0
1104,22,0
1104,23,1
1104,24,0
1104,25,0
1105,3,0
1105,5,1
1105,7,1
1105,8,0
1105,9,0
1105,10,1
1105,14,1
1105,18,0
1105,19,1
1105,20,0
1105,21,1
1105,25,0
1106,2,0
1106,3,1
1106,5,0
1106,6,1
1106,7,1
1106,8,1
1106,12,0
1106,14,0
1106,16,0
1106,18,0
1106,19,0
1106,22,0
1106,24,0
1106,25,0
1107,4,0
1107,5,1
1107,8,1
1107,9,1
1107,10,1
1107,13,0
1107,19,0
1107,20,0
1107,21,0
1107,24,0
1108,1,1
1108,2,0
1108,6,1
1108,7,0
1108,8,0
1108,10,1
1108,12,1
1108,13,1
1108,15,0
1108,20,1
1108,22,0
1108,23,0
1108,24,0
1108,25,1
1109,1,0
1109,2,0
1109,3,0
1109,5,0
1109,6,1
1109,7,1
1109,8,1
1109,10,1
1109,13,0
1109,14,1
1109,15,1
1109,24,0
1110,5,0
1110,6,0
1110,7,0
1110,11,1
1110,13,0
1110,16,0
1110,17,0
1110,18,0
1110,19,0
1110,21,0
1110,23,1
1110,25,0
1111,1,0
1111,3,1
1111,4,0
1111,5,0
1111,6,0
1111,12,0
1111,13,0
1111,19,1
1111,22,1
1111,25,0
1112,2,0
1112,4,1
1112,5,0
1112,7,1
1112,8,0
1112,10,0
1112,13,0
1112,15,1
1112,16,1
1112,18,0
1112,20,0
1112,23,0
1112,25,0
1113,2,0
1113,7,0
1113,9,1
1113,11,1
1113,13,0
1113,14,0
1113,15,0
1113,18,1
1113,19,0
1113,22,0
1113,25,1
1114,1,0
1114,2,0
1114,5,0
1114,7,0
1114,10,1
1114,13,0
1114,16,0
1114,18,0
1114,19,0
1114,21,1
1114,22,1
1114,24,0
1115,1,0
1115,4,1
1115,7,1
1115,8,0
1115,9,1
1115,10,0
1115,14,0
1115,15,1
1115,16,0
1115,19,0
1115,22,1
1115,23,1
1116,1,1
1116,2,1
1116,3,0
1116,6,1
1116,7,1
1116,9,0
1116,10,1
1116,13,1
1116,14,0
1116,19,0
1116,20,1
1116,22,0
1116,24,1
1117,1,1
1117,4,1
1117,5,1
1117,6,0
1117,10,0
1117,11,0
1117,14,0
1117,15,0
1117,17,0
1117,18,1
1117,20,1
1117,21,0
1117,23,1
1118,2,1
1118,4,1
1118,5,0
1118,6,0
1118,7,0
1118,10,1
1118,11,0
1118,12,1
1118,13,0
1118,15,0
1118,18,1
1118,19,0
1118,20,0
1118,22,0
1119,1,1
1119,2,1
1119,6,1
1119,7,1
1119,8,1
1119,9,0
1119,10,1
1119,11,0
1119,13,0
1119,16,0
1119,18,1
1119,21,1
1119,23,0
1119,24,0
1120,1,0
1120,4,1
1120,5,1
1120,6,0
1120,7,1
1120,8,0
1120,12,1
1120,13,1
1120,17,0
1120,20,1
1120,22,0
1121,2,0
1121,8,1
1121,12,0
1121,13,0
1121,14,0
1121,17,0
1121,18,0
1121,20,0
1121,21,1
1121,24,0
1121,25,1
1122,2,0
1122,3,1
1122,5,1
1122,10,1
1122,12,1
1122,13,0
1122,15,0
1122,18,0
1122,21,0
1122,25,1
1123,1,1
1123,2,0
1123,3,0
1123,4,1
1123,7,1
1123,9,0
1123,10,1
1123,12,0
1123,14,1
1123,17,0
1123,18,0
1123,20,1
1123,23,0
1123,25,0
1124,1,1
1124,2,0
1124,3,0
1124,4,0
1124,8,0
1124,12,0
1124,13,1
1124,15,0
1124,16,0
1124,17,1
1124,22,0
1124,24,0
1125,2,0
1125,3,0
1125,6,0
1125,7,1
1125,9,1
1125,10,1
1125,12,1
1125,14,1
1125,17,0
1125,19,1
1125,21,0
1125,22,0
1125,23,0
1125,24,1
1126,1,1
1126,2,0
1126,4,0
1126,7,0
1126,9,0
1126,13,1
1126,15,0
1126,17,1
1126,19,1
1126,22,0
1126,24,0
1126,25,0
1127,1,0
1127,2,1
1127,3,0
1127,5,1
1127,6,0
1127,9,0
1127,11,0
1127,12,1
1127,18,0
1127,19,1
1127,21,0
1127,22,0
1127,24,0
1128,2,0
1128,3,0
1128,4,1
1128,5,1
1128,6,0
1128,11,0
1128,12,0
1128,14,1
1128,15,1
1128,17,0
1128,18,0
1128,19,0
1128,24,0
1128,25,0
1129,1,0
1129,2,1
1129,4,0
1129,6,0
1129,8,0
1129,10,1
1129,11,1
1129,13,0
1129,14,0
1129,18,0
1129,20,1
1129,22,0
1129,24,0
1130,1,0
1130,3,0
1130,7,0
1130,8,1
1130,9,1
1130,11,0
1130,14,0
1130,17,1
1130,18,0
1130,23,0
1130,24,0
1131,1,0
1131,2,1
1131,4,0
1131,7,0
1131,10,0
1131,11,0
1131,18,0
1131,19,0
1131,20,1
1131,21,0
1131,22,0
1132,2,0
1132,7,0
1132,10,0
1132,11,0
1132,13,0
1132,16,0
1132,19,0
1132,20,0
1132,21,0
1132,22,0
1133,2,1
1133,3,1
1133,4,0
1133,6,1
1133,7,1
1133,10,0
1133,11,0
1133,15,1
1133,16,0
1133,17,0
1133,18,0
1133,19,0
1133,21,0
1133,22,0
1134,1,1
1134,3,0
1134,5,1
1134,6,1
1134,7,0
1134,8,1
1134,11,1
1134,12,1
1134,13,1
1134,14,1
1134,20,1
1134,21,1
1134,24,1
1135,1,0
1135,3,1
1135,4,1
1135,6,1
1135,7,0
1135,8,1
1135,11,1
1135,13,0
1135,14,1
1135,15,0
1135,16,0
1135,18,0
1136,1,1
1136,4,0
1136,5,1
1136,6,0
1136,8,1
1136,9,0
1136,11,1
1136,14,0
1136,18,0
1136,19,1
1136,20,1
1137,2,0
1137,5,1
1137,6,0
1137,8,0
1137,11,1
1137,13,1
1137,14,0
1137,16,1
1137,17,1
1137,22,1
1137,24,1
1138,1,1
1138,4,0
1138,5,0
1138,6,0
1138,9,1
1138,10,1
1138,12,0
1138,15,1
1138,16,1
1138,17,0
1138,20,0
1138,21,1
1139,1,0
1139,3,0
1139,5,0
1139,6,0
1139,7,1
1139,8,1
1139,9,1
1139,10,1
1139,11,0
1139,12,0
1139,14,0
1139,15,1
1139,17,1
1140,2,0
1140,3,1
1140,6,0
1140,7,0
1140,9,0
1140,10,1
1140,12,1
1140,14,0
1140,16,1
1140,18,0
1140,19,1
1140,21,0
1140,24,0
1141,1,0
1141,2,0
1141,9,1
1141,10,0
1141,11,0
1141,13,1
1141,14,0
1141,16,0
1141,17,0
1141,18,0
1141,19,1
1141,20,1
1141,21,0
1141,22,0
1142,1,0
1142,4,1
1142,5,0
1142,6,1
1142,9,1
1142,11,0
1142,12,0
1142,14,0
1142,15,0
1142,16,0
1142,19,1
1142,21,0
1142,22,0
1142,24,0
1143,2,0
1143,7,1
1143,10,1
1143,11,0
1143,14,1
1143,15,0
1143,17,1
1143,21,0
1143,24,0
1143,25,0
1144,1,0
1144,3,0
1144,4,1
1144,8,0
1144,10,1
1144,11,1
1144,13,0
1144,17,0
1144,18,1
1144,19,0
1144,20,1
1145,1,0
1145,2,1
1145,7,1
1145,9,1
1145,10,0
1145,11,0
1145,12,0
1145,13,0
1145,15,0
1145,17,1
1145,19,0
1145,21,1
1145,22,0
1145,23,0
1146,2,1
1146,5,1
1146,6,1
1146,8,0
1146,10,0
1146,11,1
1146,12,0
1146,14,1
1146,15,0
1146,19,0
1146,20,0
1146,23,0
1146,25,0
1147,2,0
1147,3,0
1147,5,1
1147,7,1
1147,8,1
1147,10,1
1147,15,0
1147,17,0
1147,21,0
1147,23,1
1147,24,1
1147,25,1
1148,3,1
1148,4,1
1148,5,0
1148,7,0
1148,10,0
1148,13,0
1148,14,0
1148,16,0
1148,17,0
1148,19,0
1148,21,0
1148,22,1
1148,23,0
1149,1,1
1149,2,1
1149,6,1
1149,7,1
1149,8,0
1149,9,1
1149,10,0
1149,11,0
1149,16,0
1149,17,1
1149,20,1
1150,2,1
1150,3,0
1150,5,0
1150,6,0
1150,8,1
1150,9,1
1150,11,1
1150,12,0
1150,15,1
1150,18,0
1150,21,0
1150,22,0
1150,23,0
1151,4,1
1151,6,0
1151,8,0
1151,10,0
1151,11,1
1151,13,0
1151,15,1
1151,20,1
1151,24,0
1151,25,0
1152,4,0
1152,6,1
1152,12,0
1152,14,0
1152,17,1
1152,18,0
1152,20,0
1152,21,0
1152,23,0
1152,24,1
1152,25,0
1153,1,1
1153,3,1
1153,6,0
1153,7,0
1153,8,0
1153,12,0
1153,13,0
1153,15,0
1153,19,0
1153,20,0
1153,23,0
1153,25,0
1154,1,1
1154,6,1
1154,7,0
1154,8,0
1154,9,0
1154,10,0
1154,15,0
1154,19,0
1154,24,0
1154,25,0
1155,2,0
1155,3,1
1155,8,0
1155,9,1
1155,10,0
1155,11,1
1155,12,1
1155,13,1
1155,16,1
1155,19,0
1155,21,0
1156,3,1
1156,4,1
1156,7,0
1156,12,0
1156,15,0
1156,16,0
1156,18,0
1156,19,0
1156,21,1
1156,22,1
1156,24,0
1156,25,0
1157,2,1
1157,5,1
1157,6,0
1157,12,0
1157,14,0
1157,16,0
1157,17,0
1157,19,0
1157,21,0
1157,25,0
1158,3,0
1158,5,1
1158,6,0
1158,12,0
1158,13,1
1158,14,0
1158,16,0
1158,18,1
1158,21,0
1158,25,0
1159,5,1
1159,7,1
1159,10,0
1159,12,1
1159,13,1
1159,14,0
1159,15,0
1159,17,0
1159,20,0
1159,23,0
1159,25,1
1160,1,1
1160,3,1
1160,7,0
1160,8,0
1160,11,1
1160,12,1
1160,13,1
1160,14,0
1160,15,0
1160,19,1
1160,22,1
1160,23,1
1160,24,0
1160,25,1
1161,1,1
1161,4,1
1161,8,0
1161,10,0
1161,13,0
1161,15,0
1161,18,0
1161,19,0
1161,22,0
1161,23,1
1162,1,1
1162,3,0
1162,4,0
1162,6,0
1162,7,0
1162,11,0
1162,14,0
1162,17,0
1162,20,0
1162,22,0
1163,1,0
1163,3,0
1163,5,0
1163,9,0
1163,11,0
1163,13,0
1163,15,0
1163,16,1
1163,19,1
1163,21,0
1163,22,1
1163,25,0
1164,5,1
1164,6,0
1164,7,0
1164,8,1
1164,10,1
1164,12,0
1164,14,0
1164,15,0
1164,16,0
1164,18,0
1164,20,1
1164,22,0
1164,24,1
1165,3,0
1165,6,0
1165,8,0
1165,10,1
1165,13,0
1165,15,1
1165,18,0
1165,21,1
1165,22,0
1165,23,0
1165,24,0
1166,1,0
1166,3,1
1166,4,1
1166,5,1
1166,8,1
1166,9,1
1166,19,1
1166,22,1
1166,23,1
1166,24,0
1166,25,0
1167,2,1
1167,3,0
1167,4,0
1167,5,0
1167,8,1
1167,11,1
1167,12,0
1167,13,0
1167,15,1
1167,17,0
1167,19,1
1167,20,1
1167,23,1
1167,24,0
1168,1,1
1168,2,0
1168,3,0
1168,6,1
1168,7,1
1168,9,0
1168,11,1
1168,16,0
1168,17,0
1168,18,1
1168,19,1
1168,20,0
1168,21,0
1168,23,0
1169,1,0
1169,2,1
1169,3,0
1169,5,1
1169,8,0
1169,11,1
1169,13,0
1169,17,0
1169,18,0
1169,19,0
1169,23,1
1170,1,0
1170,2,1
1170,3,0
1170,4,0
1170,5,1
1170,6,0
1170,9,0
1170,16,0
1170,17,1
1170,18,0
1170,19,0
1170,20,0
1170,22,0
1170,23,0
1171,1,0
1171,2,1
1171,3,0
1171,5,1
1171,6,0
1171,8,0
1171,11,0
1171,13,1
1171,17,0
1171,18,0
1171,21,0
1171,22,0
1172,1,1
1172,5,0
1172,6,1
1172,9,0
1172,13,0
1172,16,0
1172,19,0
1172,20,1
1172,21,0
1172,22,0
1172,25,1
1173,1,0
1173,3,0
1173,6,1
1173,9,0
1173,10,0
1173,11,0
1173,12,1
1173,15,0
1173,16,0
1173,17,0
1173,19,0
1173,22,0
1173,24,1
1173,25,0
1174,2,0
1174,4,1
1174,5,0
1174,7,0
1174,8,0
1174,13,0
1174,14,0
1174,15,0
1174,16,0
1174,20,0
1174,25,0
1175,1,0
1175,2,0
1175,3,1
1175,4,1
1175,6,1
1175,8,1
1175,9,0
1175,10,0
1175,12,1
1175,14,0
1175,16,0
1175,19,1
1175,20,0
1176,2,1
1176,4,0
1176,6,0
1176,9,0
1176,11,0
1176,15,0
1176,19,0
1176,20,0
1176,23,0
1176,24,1
1177,2,0
1177,3,0
1177,6,0
1177,9,1
1177,12,1
1177,13,0
1177,16,0
1177,17,0
1177,19,0
1177,20,1
1177,22,1
1178,3,0
1178,6,0
1178,7,0
1178,8,1
1178,9,0
1178,14,0
1178,15,0
1178,16,1
1178,22,0
1178,23,1
1179,4,1
1179,5,1
1179,7,0
1179,8,0
1179,9,0
1179,13,0
1179,14,1
1179,15,0
1179,17,1
1179,18,0
1179,21,1
1179,22,0
1179,23,0
1179,25,0
1180,5,0
1180,7,1
1180,8,1
1180,11,0
1180,13,1
1180,16,1
1180,20,1
1180,21,0
1180,23,0
1180,24,0
1181,1,0
1181,4,0
1181,5,0
1181,9,0
1181,10,0
1181,12,1
1181,13,0
1181,18,0
1181,19,0
1181,23,0
1181,25,1
1182,5,0
1182,6,1
1182,7,0
1182,9,1
1182,10,1
1182,11,1
1182,13,1
1182,15,1
1182,17,0
1182,18,0
1182,19,0
1182,21,0
1182,24,0
1183,2,0
1183,3,1
1183,7,0
1183,9,0
1183,11,1
1183,13,1
1183,14,1
1183,15,0
1183,16,1
1183,19,0
1183,20,0
1183,21,0
1183,22,1
1183,23,1
1184,3,0
1184,7,1
1184,10,1
1184,11,0
1184,13,0
1184,14,1
1184,19,0
1184,20,0
1184,22,0
1184,23,0
1184,24,0
1185,2,1
1185,3,1
1185,4,1
1185,6,1
1185,11,0
1185,12,1
1185,13,1
1185,14,0
1185,15,0
1185,16,0
1185,17,0
1185,19,0
1185,20,0
1185,24,1
1186,1,1
1186,2,1
1186,6,1
1186,7,0
1186,11,0
1186,12,0
1186,14,0
1186,16,0
1186,19,0
1186,21,0
1186,22,1
1186,23,0
1187,3,1
1187,4,0
1187,5,1
1187,6,0
1187,7,0
1187,9,0
1187,10,1
1187,12,1
1187,14,0
1187,23,1
1188,1,0
1188,6,1
1188,8,0
1188,9,1
1188,11,1
1188,14,0
1188,15,1
1188,16,1
1188,17,1
1188,23,0
1188,24,1
1188,25,0
1189,2,1
1189,3,1
1189,5,0
1189,6,0
1189,9,0
1189,11,0
1189,12,1
1189,16,0
1189,18,0
1189,21,0
1189,22,0
1190,4,0
1190,6,0
1190,8,1
1190,10,0
1190,12,0
1190,14,0
1190,15,0
1190,17,0
1190,18,1
1190,20,1
1190,21,1
1190,22,1
1190,24,1
1191,4,0
1191,5,1
1191,8,1
1191,9,1
1191,10,0
1191,12,0
1191,13,0
1191,15,0
1191,17,0
1191,18,1
1191,19,0
1191,20,0
1191,22,0
1191,24,1
1192,1,1
1192,2,0
1192,6,0
1192,10,1
1192,13,0
1192,17,0
1192,18,0
1192,19,0
1192,21,0
1192,22,0
1193,1,0
1193,3,0
1193,5,0
1193,7,0
1193,8,0
1193,10,0
1193,11,1
1193,14,0
1193,15,0
1193,16,1
1193,18,0
1193,19,0
1193,21,1
1193,25,0
1194,1,0
1194,4,1
1194,5,0
1194,7,1
1194,12,1
1194,13,0
1194,15,1
1194,16,0
1194,20,0
1194,22,0
1194,23,0
1195,1,0
1195,2,0
1195,3,0
1195,5,0
1195,6,0
1195,7,1
1195,10,1
1195,12,0
1195,14,0
1195,16,0
1195,17,0
1195,19,0
1195,21,0
1195,24,0
1196,3,0
1196,5,0
1196,12,0
1196,14,1
1196,15,1
1196,16,0
1196,18,1
1196,19,0
1196,20,0
1196,21,0
1197,1,1
1197,2,1
1197,5,1
1197,6,0
1197,7,1
1197,8,1
1197,9,0
1197,12,1
1197,15,0
1197,22,0
1197,24,1
1198,1,0
1198,4,0
1198,6,0
1198,7,0
1198,8,1
1198,9,1
1198,10,0
1198,11,1
1198,12,0
1198,15,0
1198,18,0
1198,22,1
1198,23,1
1198,24,0
1199,3,0
1199,4,1
1199,5,0
1199,6,0
1199,7,0
1199,8,1
1199,10,1
1199,11,0
1199,14,1
1199,16,0
1199,21,0
1199,23,0
1199,24,0
1200,2,0
1200,4,0
1200,6,0
1200,7,1
1200,9,1
1200,12,1
1200,13,0
1200,16,0
1200,19,0
1200,22,1
1200,23,0
1201,1,0
1201,2,0
1201,3,0
1201,5,1
1201,6,0
1201,9,1
1201,12,0
1201,15,0
1201,17,0
1201,21,1
1201,24,0
1202,4,0
1202,5,1
1202,6,0
1202,7,0
1202,9,1
1202,10,1
1202,12,1
1202,13,0
1202,20,1
1202,21,0
1202,23,1
1202,24,1
1202,25,0
1203,3,0
1203,4,0
1203,6,0
1203,9,0
1203,10,1
1203,12,1
1203,14,1
1203,18,1
1203,19,1
1203,20,0
1203,21,1
1203,23,0
1204,1,0
1204,3,0
1204,6,1
1204,9,1
1204,11,1
1204,13,0
1204,18,1
1204,19,1
1204,24,1
1204,25,0
1205,1,0
1205,4,0
1205,5,1
1205,7,1
1205,9,1
1205,14,1
1205,15,0
1205,21,1
1205,22,1
1205,23,0
1205,24,0
1205,25,0
1206,2,1
1206,9,1
1206,10,1
1206,12,0
1206,13,1
1206,15,0
1206,16,1
1206,18,0
1206,19,0
1206,20,0
1206,21,0
1206,22,1
1206,23,0
1206,24,0
1207,1,1
1207,5,1
1207,7,1
1207,9,1
1207,11,0
1207,12,0
1207,13,0
1207,16,0
1207,17,0
1207,18,1
1207,19,0
1207,24,0
1207,25,0
1208,2,0
1208,7,0
1208,8,0
1208,12,0
1208,14,0
1208,16,0
1208,18,0
1208,20,0
1208,21,1
1208,22,0
1208,23,0
1208,24,0
1209,5,0
1209,7,0
1209,8,0
1209,9,1
1209,10,1
1209,16,0
1209,18,0
1209,19,0
1209,20,1
1209,22,0
1209,25,0
1210,1,0
1210,2,0
1210,3,0
1210,5,1
1210,6,1
1210,7,1
1210,10,0
1210,12,0
1210,18,1
1210,19,1
1210,20,0
1210,23,1
1210,24,0
1210,25,0
1211,4,0
1211,5,1
1211,6,1
1211,7,1
1211,9,1
1211,10,0
1211,11,1
1211,14,0
1211,16,0
1211,17,0
1211,18,1
1211,20,0
1211,23,1
1211,24,1
1212,2,0
1212,5,1
1212,6,0
1212,8,0
1212,9,0
1212,12,0
1212,14,0
1212,17,0
1212,18,1
1212,20,1
1212,22,0
1212,23,1
1213,1,1
1213,2,1
1213,3,1
1213,4,0
1213,6,0
1213,7,0
1213,10,0
1213,12,1
1213,13,0
1213,17,0
1213,18,0
1213,24,1
1214,2,0
1214,3,0
1214,5,0
1214,7,0
1214,8,0
1214,11,0
1214,12,1
1214,16,0
1214,19,0
1214,22,0
1214,23,0
1214,24,0
1214,25,0
1215,1,0
1215,2,1
1215,5,0
1215,6,0
1215,10,1
1215,12,0
1215,19,0
1215,20,0
1215,22,0
1215,25,0
1216,2,1
1216,5,0
1216,6,0
1216,7,1
1216,10,0
1216,12,0
1216,16,0
1216,17,1
1216,18,0
1216,21,0
1216,22,0
1216,24,0
1217,3,0
1217,4,1
1217,5,1
1217,6,0
1217,10,1
1217,11,0
1217,13,1
1217,14,1
1217,15,0
1217,16,0
1217,17,0
1217,20,0
1218,2,1
1218,3,1
1218,5,1
1218,7,0
1218,9,0
1218,11,0
1218,16,1
1218,19,0
1218,21,1
1218,23,0
1218,24,0
1219,2,1
1219,3,1
1219,7,1
1219,9,0
1219,10,1
1219,11,0
1219,12,0
1219,18,0
1219,19,0
1219,20,0
1219,21,0
1219,22,0
1219,23,0
1219,25,0
1220,1,0
1220,7,0
1220,10,0
1220,11,0
1220,14,1
1220,15,1
1220,17,0
1220,20,0
1220,22,0
1220,23,0
1221,7,0
1221,8,1
1221,13,1
1221,15,0
1221,16,0
1221,17,1
1221,21,0
1221,22,0
1221,23,1
1221,24,0
1221,25,0
1222,2,0
1222,4,0
1222,5,0
1222,6,0
1222,7,1
1222,8,0
1222,11,1
1222,13,0
1222,15,0
1222,16,1
1222,17,0
1222,20,0
1222,25,0
1223,3,0
1223,4,1
1223,6,1
1223,9,0
1223,10,1
1223,12,1
1223,13,1
1223,18,0
1223,19,0
1223,21,1
1223,22,0
1223,24,0
1223,25,0
1224,1,1
1224,3,0
1224,7,1
1224,10,0
1224,11,1
1224,14,1
1224,15,0
1224,16,0
1224,19,0
1224,20,1
1224,21,1
1224,25,0
1225,2,0
1225,3,0
1225,4,0
1225,7,0
1225,9,0
1225,11,1
1225,13,1
1225,14,0
1225,16,0
1225,17,0
1225,19,0
1225,21,0
1226,1,1
1226,5,1
1226,6,1
1226,9,0
1226,10,0
1226,13,1
1226,14,0
1226,15,1
1226,20,1
1226,21,0
1226,22,1
1226,24,1
1226,25,0
1227,1,1
1227,2,0
1227,3,1
1227,7,0
1227,8,0
1227,14,0
1227,15,0
1227,16,0
1227,22,0
1227,23,0
1227,24,0
1227,25,0
1228,1,0
1228,3,0
1228,4,1
1228,6,0
1228,13,0
1228,14,1
1228,16,0
1228,18,1
1228,20,1
1228,25,0
1229,2,1
1229,3,0
1229,6,0
1229,12,0
1229,13,0
1229,16,0
1229,17,0
1229,19,0
1229,20,1
1229,21,1
1229,22,0
1229,25,0
1230,1,1
1230,3,1
1230,4,0
1230,5,1
1230,6,1
1230,8,0
1230,9,0
1230,10,1
1230,11,1
1230,16,0
1230,17,0
1230,19,0
1230,21,1
1230,25,0
1231,1,0
1231,2,0
1231,5,0
1231,6,0
1231,9,1
1231,11,1
1231,13,0
1231,16,0
1231,17,0
1231,20,0
1231,22,0
1231,23,0
1232,1,0
1232,4,0
1232,9,1
1232,10,1
1232,11,0
1232,12,1
1232,16,1
1232,17,0
1232,18,0
1232,22,1
1232,23,0
1233,1,1
1233,2,0
1233,3,0
1233,9,0
1233,15,1
1233,16,1
1233,17,1
1233,18,1
1233,22,1
1233,24,1
1234,1,0
1234,2,0
1234,4,1
1234,7,1
1234,8,1
1234,12,1
1234,13,0
1234,15,1
1234,18,0
1234,21,0
1234,25,0
1235,1,1
1235,2,0
1235,6,0
1235,7,0
1235,8,1
1235,13,0
1235,16,0
1235,18,0
1235,21,1
1235,23,0
1235,25,0
1236,2,1
1236,3,1
1236,4,0
1236,5,0
1236,8,0
1236,9,1
1236,11,1
1236,16,1
1236,17,0
1236,18,1
1236,19,1
1236,21,0
1236,24,1
1236,25,0
1237,2,1
1237,4,0
1237,5,0
1237,7,1
1237,8,1
1237,11,1
1237,13,0
1237,16,0
1237,19,0
1237,21,0
1238,3,0
1238,4,1
1238,10,1
1238,12,1
1238,14,0
1238,15,0
1238,18,1
1238,20,0
1238,23,0
1238,25,0
1239,1,0
1239,2,0
1239,5,1
1239,8,0
1239,11,1
1239,12,1
1239,13,0
1239,18,0
1239,19,0
1239,20,1
1240,1,0
1240,3,1
1240,7,0
1240,8,1
1240,15,0
1240,16,0
1240,17,1
1240,19,0
1240,20,0
1240,22,0
1241,1,0
1241,6,0
1241,9,0
1241,12,0
1241,14,1
1241,15,0
1241,17,0
1241,18,0
1241,19,0
1241,24,0
1242,1,1
1242,2,1
1242,3,0
1242,5,0
1242,6,0
1242,7,1
1242,12,1
1242,13,0
1242,14,0
1242,16,0
1242,21,0
1242,23,0
1242,24,0
1242,25,1
1243,6,0
1243,7,0
1243,11,0
1243,12,0
1243,14,1
1243,15,1
1243,17,0
1243,18,0
1243,21,1
1243,23,1
1243,24,0
1243,25,1
1244,1,1
1244,2,1
1244,4,0
1244,7,0
1244,11,1
1244,14,1
1244,15,1
1244,18,0
1244,20,0
1244,23,1
1244,25,1
1245,1,1
1245,5,1
1245,13,0
1245,14,1
1245,17,0
1245,19,0
1245,20,0
1245,21,0
1245,22,0
1245,24,1
1246,1,1
1246,3,0
1246,6,1
1246,7,1
1246,8,0
1246,13,0
1246,14,0
1246,15,0
1246,19,0
1246,21,1
1246,22,0
1246,25,0
1247,1,1
1247,9,1
1247,10,0
1247,12,0
1247,15,0
1247,17,1
1247,19,0
1247,20,0
1247,21,1
1247,22,1
1247,23,1
1247,25,0
1248,1,0
1248,3,1
1248,4,1
1248,9,0
1248,12,0
1248,13,0
1248,15,0
1248,17,1
1248,20,0
1248,23,0
1248,24,0
1249,2,0
1249,3,1
1249,4,0
1249,5,0
1249,7,0
1249,10,1
1249,13,0
1249,14,0
1249,16,1
1249,17,0
1249,18,0
1249,21,0
1249,23,0
1249,24,0
1250,1,0
1250,2,0
1250,3,0
1250,5,0
1250,6,1
1250,7,0
1250,9,0
1250,10,1
1250,16,0
1250,19,0
1250,20,0
1250,21,0
1250,25,0
1251,1,1
1251,2,0
1251,3,1
1251,4,1
1251,7,1
1251,8,0
1251,9,1
1251,13,1
1251,16,0
1251,20,0
1251,21,0
1251,22,1
1251,23,1
1252,4,0
1252,5,1
1252,6,0
1252,8,0
1252,11,0
1252,12,0
1252,14,1
1252,16,0
1252,17,0
1252,18,0
1252,21,1
1252,22,1
1253,3,1
1253,4,0
1253,5,0
1253,6,0
1253,10,0
1253,11,0
1253,13,0
1253,16,0
1253,18,0
1253,22,1
1253,25,0
1254,1,1
1254,2,0
1254,3,1
1254,4,0
1254,5,0
1254,7,1
1254,9,1
1254,10,0
1254,11,1
1254,12,0
1254,15,0
1254,19,0
1254,20,0
1255,1,0
1255,2,1
1255,5,0
1255,6,0
1255,8,0
1255,9,0
1255,12,0
1255,15,0
1255,16,1
1255,18,0
1255,19,0
1255,24,0
1256,4,0
1256,8,0
1256,9,0
1256,11,0
1256,12,0
1256,13,1
1256,16,0
1256,17,0
1256,18,0
1256,19,0
1256,20,0
1256,21,1
1256,22,0
1256,23,0
1257,1,1
1257,2,1
1257,3,0
1257,6,0
1257,8,0
1257,9,1
1257,12,0
1257,16,1
1257,17,1
1257,18,0
1257,19,1
1257,21,0
1257,23,1
1258,5,0
1258,7,1
1258,11,0
1258,12,0
1258,13,1
1258,14,0
1258,15,0
1258,16,0
1258,17,0
1258,22,0
1258,23,0
1258,25,0
1259,2,1
1259,4,1
1259,6,0
1259,7,0
1259,8,0
1259,11,0
1259,16,0
1259,18,0
1259,19,0
1259,21,1
1259,22,0
1259,23,1
1260,1,1
1260,4,1
1260,5,1
1260,6,0
1260,9,0
1260,10,0
1260,12,1
1260,15,0
1260,17,0
1260,20,1
1261,1,0
1261,2,0
1261,5,1
1261,8,1
1261,10,0
1261,11,1
1261,16,0
1261,17,1
1261,18,1
1261,19,0
1261,20,1
1261,21,1
1261,23,0
1261,24,0
1262,9,1
1262,10,0
1262,11,1
1262,12,1
1262,17,0
1262,18,1
1262,19,1
1262,22,1
1262,23,1
1262,25,0
1263,1,1
1263,4,1
1263,6,0
1263,8,0
1263,9,0
1263,11,0
1263,13,1
1263,14,0
1263,15,0
1263,17,1
1263,20,0
1264,1,1
1264,3,0
1264,4,0
1264,5,0
1264,8,1
1264,9,0
1264,10,1
1264,11,1
1264,17,0
1264,19,0
1265,6,1
1265,7,0
1265,8,1
1265,10,0
1265,12,0
1265,14,0
1265,15,0
1265,18,0
1265,24,0
1265,25,0
1266,1,1
1266,4,0
1266,5,1
1266,6,0
1266,7,0
1266,12,1
1266,13,0
1266,15,1
1266,17,0
1266,18,0
1266,19,0
1266,20,1
1266,23,0
1267,1,1
1267,2,0
1267,3,0
1267,4,0
1267,6,0
1267,14,0
1267,18,1
1267,19,0
1267,21,0
1267,22,0
1267,24,1
1267,25,0
1268,1,1
1268,2,1
1268,4,1
1268,6,0
1268,8,0
1268,10,1
1268,11,1
1268,12,1
1268,17,0
1268,18,0
1268,22,0
1268,23,0
1268,24,0
1268,25,0
1269,9,0
1269,14,0
1269,15,1
1269,16,1
1269,17,0
1269,18,0
1269,20,1
1269,21,0
1269,23,0
1269,24,0
1270,1,0
1270,4,1
1270,5,1
1270,6,0
1270,8,0
1270,10,1
1270,11,1
1270,14,0
1270,16,0
1270,18,0
1270,21,0
1270,22,0
1270,24,0
1270,25,0
1271,2,0
1271,3,1
1271,4,0
1271,6,1
1271,7,0
1271,11,1
1271,13,1
1271,15,0
1271,20,0
1271,25,0
1272,1,1
1272,3,1
1272,5,0
1272,6,1
1272,7,1
1272,9,1
1272,11,1
1272,14,1
1272,15,0
1272,21,0
1272,24,0
1273,1,1
1273,2,0
1273,4,0
1273,8,0
1273,10,0
1273,11,0
1273,16,0
1273,18,1
1273,20,0
1273,21,1
1274,2,0
1274,3,1
1274,7,0
1274,12,0
1274,14,0
1274,15,0
1274,16,1
1274,17,0
1274,18,0
1274,21,0
1274,23,0
1274,24,1
1274,25,0
1275,1,1
1275,4,1
1275,7,1
1275,8,0
1275,9,0
1275,11,0
1275,13,0
1275,14,0
1275,17,0
1275,19,0
1275,22,0
1275,25,0
1276,1,0
1276,2,0
1276,3,1
1276,5,0
1276,12,0
1276,13,0
1276,14,0
1276,18,0
1276,21,0
1276,24,0
1276,25,1
1277,3,0
1277,4,0
1277,5,1
1277,8,1
1277,14,0
1277,15,0
1277,16,1
1277,17,0
1277,18,1
1277,22,1
1278,1,0
1278,4,0
1278,5,0
1278,6,1
1278,7,0
1278,8,1
1278,13,0
1278,15,0
1278,18,0
1278,19,0
1278,21,0
1278,22,1
1278,24,0
1278,25,0
1279,1,0
1279,3,0
1279,7,0
1279,10,0
1279,12,0
1279,13,0
1279,14,1
1279,15,0
1279,16,1
1279,19,0
1279,25,1
1280,2,1
1280,5,0
1280,7,1
1280,10,0
1280,11,0
1280,12,1
1280,13,0
1280,15,1
1280,20,0
1280,23,0
1280,24,0
1281,2,0
1281,4,0
1281,6,0
1281,10,0
1281,12,0
1281,13,1
1281,17,1
1281,18,0
1281,21,0
1281,25,0
1282,2,0
1282,4,1
1282,5,1
1282,7,1
1282,8,1
1282,11,1
1282,12,0
1282,14,1
1282,16,0
1282,17,0
1282,23,0
1283,1,0
1283,3,1
1283,4,1
1283,5,0
1283,8,1
1283,9,1
1283,12,0
1283,13,0
1283,14,0
1283,18,0
1283,20,0
1283,22,0
1283,23,0
1283,24,0
1284,1,1
1284,2,1
1284,3,1
1284,6,0
1284,11,1
1284,12,0
1284,14,1
1284,18,0
1284,19,1
1284,20,0
1284,22,0
1285,1,1
1285,3,0
1285,4,0
1285,5,0
1285,6,0
1285,10,0
1285,14,0
1285,16,0
1285,17,0
1285,19,0
1285,20,0
1285,22,0
1285,23,0
1285,25,0
1286,1,0
1286,5,0
1286,6,0
1286,9,0
1286,10,0
1286,15,1
1286,16,0
1286,19,0
1286,20,0
1286,22,1
1287,1,0
1287,4,0
1287,5,0
1287,7,0
1287,12,0
1287,13,0
1287,14,0
1287,15,0
1287,16,1
1287,18,0
1287,21,0
1287,24,0
1288,4,1
1288,5,1
1288,7,0
1288,13,0
1288,15,0
1288,17,0
1288,18,1
1288,21,0
1288,22,0
1288,24,1
1288,25,0
1289,3,0
1289,5,0
1289,10,0
1289,11,1
1289,12,0
1289,15,0
1289,16,1
1289,17,0
1289,19,0
1289,21,0
1289,23,0
1289,24,1
1290,3,1
1290,7,0
1290,8,1
1290,9,1
1290,10,0
1290,13,0
1290,14,1
1290,16,1
1290,18,1
1290,19,0
1290,21,0
1290,22,0
1290,24,1
1290,25,1
1291,1,0
1291,4,0
1291,8,1
1291,11,0
1291,12,1
1291,14,0
1291,15,0
1291,17,0
1291,18,0
1291,24,0
1291,25,0
1292,1,1
1292,2,0
1292,5,0
1292,6,1
1292,7,1
1292,9,0
1292,11,0
1292,14,0
1292,15,1
1292,16,0
1292,17,0
1292,22,0
1292,25,1
1293,3,0
1293,4,0
1293,10,1
1293,12,1
1293,13,0
1293,14,0
1293,17,0
1293,18,0
1293,19,1
1293,20,0
1293,22,0
1293,24,0
1294,5,0
1294,6,0
1294,7,0
1294,9,0
1294,14,0
1294,15,1
1294,16,0
1294,20,0
1294,21,0
1294,22,0
1294,23,1
1295,1,0
1295,3,1
1295,4,1
1295,5,1
1295,10,1
1295,11,1
1295,13,0
1295,15,0
1295,16,1
1295,17,1
1295,19,0
1295,23,0
1296,1,0
1296,4,1
1296,10,1
1296,11,0
1296,14,0
1296,17,0
1296,19,1
1296,21,1
1296,22,1
1296,23,0
1296,24,0
1297,4,1
1297,7,1
1297,8,0
1297,10,1
1297,12,1
1297,16,0
1297,17,0
1297,19,0
1297,20,1
1297,21,0
1298,2,0
1298,9,0
1298,10,0
1298,11,0
1298,12,1
1298,15,0
1298,16,0
1298,20,1
1298,21,0
1298,22,0
1298,23,1
1298,25,0
1299,4,0
1299,6,1
1299,8,1
1299,9,0
1299,11,0
1299,13,0
1299,16,0
1299,17,1
1299,21,0
1299,22,0
1299,23,0
1299,24,0
1299,25,0
1300,2,0
1300,3,0
1300,4,1
1300,8,0
1300,9,1
1300,10,1
1300,11,0
1300,12,0
1300,14,0
1300,17,0
1300,21,0
1300,22,0
1300,25,0
1301,1,0
1301,3,1
1301,4,0
1301,5,0
1301,6,0
1301,13,0
1301,15,0
1301,16,0
1301,18,0
1301,20,0
1301,22,1
1301,23,1
1301,24,0
1301,25,0
1302,1,1
1302,2,1
1302,3,1
1302,5,0
1302,9,1
1302,10,1
1302,13,1
1302,15,1
1302,17,0
1302,19,1
1302,25,0
1303,1,1
1303,2,0
1303,10,1
1303,11,0
1303,12,0
1303,15,1
1303,16,1
1303,17,0
1303,19,0
1303,20,0
1303,21,0
1303,25,0
1304,2,1
1304,4,0
1304,5,0
1304,7,0
1304,8,0
1304,9,1
1304,11,1
1304,13,0
1304,15,0
1304,18,0
1304,19,0
1304,20,0
1304,22,0
1304,24,1
1305,1,1
1305,3,1
1305,6,1
1305,7,0
1305,8,0
1305,12,0
1305,13,1
1305,18,0
1305,21,0
1305,22,0
1305,23,0
1305,25,1
1306,2,0
1306,3,1
1306,5,0
1306,8,0
1306,10,0
1306,14,0
1306,16,0
1306,18,0
1306,20,0
1306,21,0
1306,22,0
1307,1,1
1307,3,0
1307,4,1
1307,5,0
1307,7,0
1307,8,1
1307,10,0
1307,13,0
1307,15,0
1307,20,0
1307,21,0
1307,22,1
1307,23,1
1308,3,1
1308,6,1
1308,7,1
1308,10,0
1308,12,1
1308,14,0
1308,15,1
1308,19,0
1308,20,0
1308,24,0
1309,3,1
1309,4,1
1309,7,0
1309,9,1
1309,12,1
1309,13,1
1309,14,0
1309,17,0
1309,18,0
1309,20,0
1309,21,0
1309,22,0
1309,25,0
1310,3,0
1310,6,1
1310,7,1
1310,10,0
1310,12,0
1310,13,0
1310,15,0
1310,16,0
1310,17,0
1310,18,0
1310,19,1
1310,22,0
1310,23,1
1310,24,0
1311,2,1
1311,3,1
1311,4,0
1311,5,1
1311,6,1
1311,10,1
1311,11,1
1311,14,0
1311,15,1
1311,20,0
1312,4,1
1312,5,1
1312,6,0
1312,7,0
1312,8,0
1312,9,1
1312,12,0
1312,13,0
1312,15,0
1312,16,1
1312,17,1
1312,20,0
1312,22,0
1312,25,1
1313,2,0
1313,3,1
1313,4,0
1313,6,1
1313,8,1
1313,10,1
1313,14,0
1313,18,1
1313,19,0
1313,20,0
1313,25,0
1314,1,1
1314,3,0
1314,4,1
1314,6,0
1314,9,0
1314,10,1
1314,16,0
1314,21,0
1314,22,0
1314,25,0
1315,1,1
1315,2,1
1315,3,1
1315,5,1
1315,7,1
1315,11,0
1315,16,0
1315,17,1
1315,19,1
1315,20,0
1315,21,0
1315,23,1
1315,24,0
1315,25,1
1316,3,1
1316,6,0
1316,7,0
1316,10,1
1316,11,1
1316,13,0
1316,16,0
1316,17,0
1316,21,0
1316,22,0
1316,23,0
1317,1,0
1317,3,0
1317,7,1
1317,10,1
1317,12,0
1317,13,0
1317,14,0
1317,16,0
1317,18,1
1317,19,1
1317,22,1
1317,24,0
1317,25,0
1318,3,1
1318,5,1
1318,8,1
1318,9,0
1318,10,1
1318,11,0
1318,15,1
1318,16,1
1318,18,0
1318,19,0
1318,22,0
1319,3,0
1319,4,0
1319,5,0
1319,6,1
1319,8,0
1319,11,1
1319,13,0
1319,14,0
1319,15,0
1319,16,1
1319,17,1
1319,22,0
1320,2,0
1320,9,0
1320,10,1
1320,11,0
1320,13,0
1320,15,0
1320,16,0
1320,19,0
1320,20,0
1320,21,0
1320,23,0
1321,2,1
1321,3,1
1321,4,1
1321,9,0
1321,11,1
1321,13,0
1321,14,0
1321,17,1
1321,18,0
1321,19,0
1321,23,0
1322,2,1
1322,6,0
1322,8,0
1322,11,0
1322,12,0
1322,15,0
1322,16,0
1322,18,0
1322,19,0
1322,20,0
1322,22,0
1322,23,1
1323,1,1
1323,2,0
1323,3,1
1323,5,0
1323,6,0
1323,9,0
1323,11,1
1323,15,1
1323,16,0
1323,19,0
1323,20,1
1323,22,1
1323,24,1
1323,25,1
1324,1,0
1324,2,0
1324,3,0
1324,9,1
1324,11,0
1324,13,1
1324,14,0
1324,15,0
1324,16,0
1324,19,0
1324,21,0
1324,22,0
1324,23,1
1324,25,0
1325,1,0
1325,2,1
1325,4,1
1325,6,1
1325,8,1
1325,11,0
1325,14,0
1325,16,0
1325,17,0
1325,18,1
1325,21,0
1326,1,0
1326,2,0
1326,5,1
1326,6,0
1326,8,0
1326,10,0
1326,11,1
1326,12,0
1326,13,0
1326,19,1
1326,20,0
1326,25,1
1327,6,0
1327,7,0
1327,8,0
1327,9,0
1327,10,0
1327,12,0
1327,14,0
1327,16,0
1327,17,0
1327,18,0
1327,22,0
1327,25,0
1328,1,1
1328,2,1
1328,4,0
1328,6,0
1328,9,1
1328,10,0
1328,14,0
1328,17,0
1328,18,0
1328,19,1
1328,21,0
1328,23,0
1328,25,0
1329,1,0
1329,2,1
1329,3,0
1329,8,0
1329,9,0
1329,11,0
1329,12,0
1329,16,0
1329,17,1
1329,18,0
1329,19,0
1329,20,0
1329,21,0
1329,23,1
1330,2,1
1330,3,1
1330,4,1
1330,7,0
1330,10,0
1330,12,0
1330,14,0
1330,17,1
1330,18,0
1330,23,0
1331,2,0
1331,6,1
1331,7,1
1331,10,0
1331,12,0
1331,13,0
1331,15,0
1331,16,0
1331,17,1
1331,18,0
1331,20,0
1331,21,0
1331,22,0
1331,24,0
1332,1,0
1332,6,1
1332,9,1
1332,10,0
1332,13,0
1332,14,0
1332,15,1
1332,17,0
1332,19,0
1332,20,0
1332,21,0
1332,22,1
1332,23,1
1332,25,0
1333,8,1
1333,10,1
1333,12,1
1333,13,1
1333,15,1
1333,17,1
1333,18,1
1333,19,0
1333,21,0
1333,22,0
1333,23,1
1333,24,0
1333,25,1
1334,6,0
1334,7,0
1334,8,0
1334,9,0
1334,14,0
1334,17,1
1334,18,0
1334,21,1
1334,22,0
1334,24,0
1335,1,1
1335,5,0
1335,7,1
1335,8,0
1335,9,0
1335,10,0
1335,11,1
1335,12,1
1335,16,0
1335,17,0
1335,18,1
1335,21,1
1335,24,1
1336,3,1
1336,4,0
1336,10,1
1336,13,1
1336,15,0
1336,18,0
1336,19,0
1336,21,0
1336,24,0
1336,25,1
1337,3,0
1337,6,0
1337,7,1
1337,8,0
1337,12,0
1337,13,0
1337,14,1
1337,15,1
1337,16,0
1337,17,0
1337,24,1
1338,1,0
1338,2,0
1338,5,0
1338,6,0
1338,7,1
1338,16,0
1338,17,0
1338,21,0
1338,24,0
1338,25,1
1339,3,1
1339,6,0
1339,7,0
1339,8,0
1339,9,0
1339,10,1
1339,16,1
1339,17,0
1339,18,0
1339,21,0
1339,22,0
1339,24,1
1339,25,0
1340,2,1
1340,3,0
1340,5,1
1340,6,0
1340,7,1
1340,11,1
1340,12,1
1340,13,1
1340,14,1
1340,18,0
1340,19,0
1340,20,0
1340,21,1
1340,24,1
1341,1,0
1341,2,0
1341,4,0
1341,5,1
1341,7,1
1341,9,0
1341,12,1
1341,14,1
1341,15,0
1341,20,1
1342,2,0
1342,3,0
1342,5,0
1342,7,0
1342,10,1
1342,17,0
1342,19,0
1342,21,1
1342,22,0
1342,24,0
1343,2,0
1343,8,0
1343,9,0
1343,13,0
1343,15,0
1343,16,0
1343,18,0
1343,19,0
1343,20,0
1343,21,0
1343,23,0
1343,25,0
1344,2,1
1344,3,0
1344,7,0
1344,8,1
1344,9,1
1344,10,0
1344,15,0
1344,16,0
1344,17,1
1344,18,0
1344,19,0
1344,20,1
1344,22,0
1344,25,0
1345,1,0
1345,6,1
1345,7,1
1345,14,1
1345,15,0
1345,16,0
1345,17,0
1345,20,0
1345,21,0
1345,23,0
1345,25,0
1346,1,0
1346,2,1
1346,4,1
1346,6,1
1346,8,1
1346,9,0
1346,11,0
1346,13,1
1346,14,0
1346,16,0
1346,20,1
1346,21,1
1346,23,0
1347,2,1
1347,4,1
1347,7,1
1347,9,1
1347,10,1
1347,15,1
1347,16,0
1347,19,0
1347,20,0
1347,23,0
1347,25,0
1348,1,1
1348,3,0
1348,5,0
1348,8,0
1348,9,1
1348,12,1
1348,13,1
1348,14,1
1348,15,0
1348,17,1
1348,20,1
1348,22,0
1348,24,0
1348,25,0
1349,4,0
1349,8,1
1349,10,1
1349,11,1
1349,13,0
1349,15,1
1349,17,1
1349,20,0
1349,21,0
1349,24,0
1350,1,0
1350,8,1
1350,11,1
1350,12,1
1350,15,1
1350,18,0
1350,19,0
1350,20,1
1350,22,0
1350,23,0
1351,4,0
1351,8,1
1351,9,0
1351,10,1
1351,12,0
1351,14,0
1351,15,1
1351,17,1
1351,18,0
1351,19,0
1351,20,0
1351,21,0
1351,22,1
1351,24,0
1352,3,0
1352,6,0
1352,7,1
1352,9,0
1352,10,0
1352,15,1
1352,18,0
1352,19,0
1352,21,0
1352,23,1
1353,2,1
1353,3,0
1353,5,0
1353,6,0
1353,7,0
1353,9,0
1353,11,0
1353,18,0
1353,20,1
1353,21,0
1354,6,1
1354,7,1
1354,8,0
1354,15,0
1354,16,0
1354,17,0
1354,18,1
1354,22,0
1354,23,1
1354,24,0
1355,1,1
1355,4,0
1355,7,0
1355,8,0
1355,10,0
1355,11,0
1355,12,1
1355,13,0
1355,16,0
1355,17,0
1355,19,1
1355,22,1
1355,24,0
1356,4,1
1356,6,0
1356,7,0
1356,8,0
1356,10,1
1356,11,0
1356,12,0
1356,13,0
1356,14,1
1356,16,0
1356,18,0
1356,24,0
1356,25,1
1357,3,1
1357,4,1
1357,7,0
1357,8,1
1357,10,0
1357,12,1
1357,13,0
1357,14,0
1357,15,0
1357,18,0
1357,20,1
1357,21,0
1358,1,0
1358,2,1
1358,4,0
1358,6,1
1358,7,0
1358,12,1
1358,17,0
1358,19,0
1358,21,0
1358,22,1
1358,25,1
1359,3,0
1359,4,0
1359,6,0
1359,8,0
1359,9,1
1359,12,0
1359,13,1
1359,16,0
1359,19,0
1359,20,0
1359,21,1
1359,22,0
1359,23,0
1359,25,0
1360,2,1
1360,7,0
1360,8,0
1360,9,0
1360,12,0
1360,13,0
1360,15,0
1360,16,0
1360,17,0
1360,18,1
1360,19,1
1360,22,0
1360,24,0
1360,25,1
1361,1,1
1361,3,1
1361,6,0
1361,7,0
1361,8,1
1361,11,1
1361,13,1
1361,14,1
1361,15,0
1361,16,1
1361,17,1
1361,20,1
1361,22,0
1361,23,1
1362,4,0
1362,5,1
1362,6,0
1362,11,0
1362,13,0
1362,15,1
1362,16,0
1362,18,0
1362,22,0
1362,23,0
1362,24,0
1362,25,0
1363,1,0
1363,3,0
1363,5,1
1363,6,1
1363,12,1
1363,15,0
1363,16,1
1363,17,1
1363,20,1
1363,21,0
1363,22,0
1363,24,1
1363,25,0
1364,2,1
1364,3,1
1364,7,1
1364,9,0
1364,12,0
1364,14,0
1364,15,0
1364,17,1
1364,20,0
1364,22,0
1364,23,1
1364,25,0
1365,3,1
1365,6,0
1365,8,0
1365,10,0
1365,11,1
1365,12,0
1365,14,1
1365,15,0
1365,16,1
1365,18,0
1365,19,0
1365,22,1
1365,23,0
1365,24,0
1366,1,0
1366,7,1
1366,9,1
1366,10,1
1366,11,0
1366,16,0
1366,17,0
1366,19,0
1366,20,0
1366,21,0
1366,24,0
1367,3,1
1367,4,0
1367,11,0
1367,13,0
1367,14,1
1367,18,0
1367,19,0
1367,20,0
1367,23,0
1367,24,0
1368,1,1
1368,4,0
1368,8,0
1368,9,0
1368,12,1
1368,15,0
1368,18,0
1368,19,0
1368,21,0
1368,22,1
1368,23,1
1368,24,0
1368,25,0
1369,3,0
1369,4,1
1369,7,1
1369,8,0
1369,10,1
1369,12,1
1369,15,0
1369,16,1
1369,19,0
1369,21,0
1369,22,0
1369,23,1
1369,25,1
1370,1,1
1370,6,0
1370,8,1
1370,11,0
1370,13,0
1370,15,0
1370,17,0
1370,18,1
1370,19,0
1370,20,1
1370,21,1
1370,24,0
1371,1,1
1371,5,0
1371,6,0
1371,10,0
1371,11,0
1371,12,0
1371,13,1
1371,14,1
1371,16,0
1371,18,0
1371,21,1
1371,23,1
1371,24,0
1372,1,1
1372,3,1
1372,4,0
1372,7,0
1372,8,0
1372,9,0
1372,11,0
1372,12,0
1372,14,0
1372,15,0
1372,16,0
1372,18,0
1372,23,1
1372,24,0
1373,1,1
1373,5,1
1373,6,0
1373,7,0
1373,9,0
1373,12,0
1373,13,1
1373,14,1
1373,17,1
1373,19,0
1373,20,0
1373,23,0
1373,24,0
1373,25,0
1374,1,1
1374,2,0
1374,3,0
1374,4,0
1374,6,0
1374,11,0
1374,13,0
1374,15,0
1374,16,0
1374,18,0
1374,22,0
1374,23,0
1375,2,0
1375,3,1
1375,4,0
1375,7,0
1375,9,1
1375,10,1
1375,11,0
1375,12,0
1375,14,0
1375,15,1
1375,18,0
1375,19,0
1375,22,0
1375,24,1
1376,1,1
1376,5,0
1376,8,1
1376,12,0
1376,13,0
1376,17,0
1376,19,0
1376,21,1
1376,23,0
1376,24,0
1376,25,0
1377,1,1
1377,4,0
1377,5,0
1377,6,1
1377,8,1
1377,10,0
1377,11,0
1377,12,1
1377,14,0
1377,16,0
1377,23,0
1377,25,0
1378,2,1
1378,3,0
1378,7,1
1378,8,0
1378,9,1
1378,14,0
1378,15,0
1378,17,1
1378,19,0
1378,20,1
1378,21,1
1379,1,0
1379,4,0
1379,6,1
1379,9,0
1379,11,1
1379,12,1
1379,17,0
1379,19,0
1379,20,0
1379,23,0
1380,1,0
1380,2,0
1380,4,0
1380,12,0
1380,13,1
1380,14,0
1380,17,1
1380,19,0
1380,20,0
1380,21,0
1380,22,1
1381,4,1
1381,5,0
1381,10,1
1381,12,1
1381,13,1
1381,18,1
1381,20,0
1381,21,0
1381,22,1
1381,25,0
1382,2,1
1382,3,1
1382,6,0
1382,7,0
1382,8,0
1382,9,1
1382,10,0
1382,16,0
1382,19,1
1382,23,1
1383,2,0
1383,4,0
1383,5,0
1383,9,0
1383,10,0
1383,12,0
1383,14,0
1383,20,1
1383,21,0
1383,23,0
1383,24,0
1384,3,1
1384,6,1
1384,10,1
1384,11,0
1384,13,0
1384,14,0
1384,15,0
1384,16,0
1384,17,1
1384,19,0
1384,20,1
1384,22,0
1385,1,0
1385,3,1
1385,5,0
1385,6,0
1385,9,1
1385,10,0
1385,12,1
1385,14,1
1385,16,0
1385,17,0
1385,18,0
1385,19,0
1385,23,0
1385,24,0
1386,1,0
1386,5,1
1386,6,1
1386,9,0
1386,10,1
1386,12,0
1386,13,1
1386,18,0
1386,20,1
1386,21,0
1386,22,0
1386,23,0
1386,24,1
1386,25,1
1387,1,1
1387,2,1
1387,4,0
1387,6,0
1387,12,0
1387,13,1
1387,14,0
1387,15,0
1387,17,1
1387,20,0
1388,3,0
1388,4,0
1388,6,1
1388,8,1
1388,12,0
1388,13,0
1388,19,0
1388,22,1
1388,24,0
1388,25,0
1389,4,1
1389,5,0
1389,6,0
1389,8,1
1389,11,0
1389,12,1
1389,13,0
1389,14,1
1389,19,0
1389,20,1
1389,22,1
1389,25,1
1390,1,1
1390,5,0
1390,7,0
1390,10,1
1390,11,0
1390,12,1
1390,13,0
1390,14,1
1390,16,0
1390,18,0
1390,19,0
1390,21,0
1390,23,0
1391,1,1
1391,4,1
1391,5,1
1391,8,0
1391,12,0
1391,14,1
1391,16,0
1391,18,1
1391,19,0
1391,20,1
1391,23,0
1392,1,0
1392,4,1
1392,5,0
1392,9,0
1392,10,1
1392,13,1
1392,16,0
1392,17,0
1392,19,1
1392,20,0
1393,2,1
1393,4,1
1393,6,1
1393,8,0
1393,10,0
1393,13,0
1393,14,0
1393,15,0
1393,19,0
1393,20,0
1393,22,0
1393,23,0
1393,24,0
1393,25,0
1394,1,0
1394,2,1
1394,9,0
1394,10,0
1394,15,0
1394,17,1
1394,19,0
1394,21,0
1394,22,0
1394,23,0
1394,24,0
1394,25,0
1395,2,1
1395,5,0
1395,7,0
1395,8,1
1395,12,1
1395,13,0
1395,14,0
1395,15,1
1395,16,1
1395,20,0
1395,23,0
1396,4,0
1396,6,1
1396,9,0
1396,11,0
1396,12,0
1396,14,1
1396,17,0
1396,18,0
1396,20,0
1396,22,0
1396,23,1
1396,24,0
1397,1,1
1397,3,1
1397,10,1
1397,11,0
1397,13,1
1397,14,1
1397,15,1
1397,17,0
1397,18,0
1397,21,1
1397,23,0
1398,1,0
1398,3,0
1398,4,0
1398,10,1
1398,11,0
1398,12,1
1398,14,1
1398,15,0
1398,17,0
1398,19,0
1398,21,0
1399,1,1
1399,2,0
1399,4,0
1399,5,1
1399,6,0
1399,7,0
1399,13,1
1399,18,0
1399,19,0
1399,24,1
1400,2,0
1400,3,1
1400,4,0
1400,6,1
1400,9,1
1400,10,1
1400,11,1
1400,12,0
1400,15,0
1400,16,1
1400,17,1
1400,23,0
1401,1,0
1401,4,0
1401,7,0
1401,10,1
1401,13,0
1401,14,0
1401,16,0
1401,17,0
1401,18,1
1401,19,0
1401,24,0
1401,25,0
1402,2,0
1402,4,0
1402,6,1
1402,7,1
1402,8,0
1402,9,0
1402,13,0
1402,14,0
1402,16,1
1402,17,1
1402,21,0
1402,22,0
1402,24,0
1402,25,1
1403,1,0
1403,3,1
1403,5,0
1403,7,0
1403,9,1
1403,10,1
1403,12,0
1403,13,0
1403,14,0
1403,15,0
1403,20,1
1403,22,0
1403,24,0
1403,25,0
1404,2,0
1404,3,0
1404,6,0
1404,7,1
1404,9,1
1404,13,1
1404,21,0
1404,22,1
1404,24,0
1404,25,0
1405,1,1
1405,7,0
1405,8,0
1405,9,1
1405,11,1
1405,14,0
1405,16,0
1405,17,0
1405,18,0
1405,24,0
1406,2,1
1406,3,0
1406,5,0
1406,7,1
1406,8,0
1406,10,0
1406,12,1
1406,18,0
1406,19,0
1406,20,0
1406,23,0
1406,24,1
1406,25,0
1407,1,1
1407,4,1
1407,7,0
1407,8,1
1407,9,1
1407,11,0
1407,12,1
1407,15,0
1407,16,0
1407,17,0
1407,19,0
1407,21,1
1407,22,0
1407,24,0
1408,1,1
1408,3,0
1408,5,1
1408,7,1
1408,12,0
1408,14,0
1408,17,1
1408,18,1
1408,19,0
1408,21,0
1408,23,0
1409,2,1
1409,6,0
1409,9,0
1409,13,0
1409,14,1
1409,16,0
1409,17,1
1409,19,0
1409,21,0
1409,22,0
1409,23,0
1409,25,1
1410,3,0
1410,6,1
1410,12,1
1410,14,0
1410,16,1
1410,17,0
1410,18,0
1410,19,1
1410,22,0
1410,23,0
1411,1,0
1411,5,0
1411,6,1
1411,10,0
1411,13,0
1411,15,0
1411,18,0
1411,19,1
1411,20,1
1411,22,0
1411,24,0
1411,25,0
1412,2,1
1412,4,0
1412,7,1
1412,9,1
1412,11,1
1412,14,1
1412,16,0
1412,17,0
1412,19,0
1412,22,0
1412,24,0
1412,25,0
1413,2,1
1413,5,1
1413,6,1
1413,7,0
1413,8,1
1413,11,1
1413,12,1
1413,13,1
1413,14,0
1413,16,0
1413,18,0
1413,23,0
1413,24,0
1414,1,1
1414,3,1
1414,4,0
1414,5,1
1414,6,1
1414,8,1
1414,10,1
1414,11,1
1414,12,1
1414,16,0
1414,18,0
1414,19,1
1414,21,0
1414,24,1
1415,1,1
1415,2,0
1415,4,1
1415,7,0
1415,12,1
1415,14,0
1415,16,1
1415,21,1
1415,23,0
1415,24,1
1416,1,0
1416,4,0
1416,5,0
1416,6,1
1416,8,0
1416,10,1
1416,11,0
1416,12,0
1416,16,0
1416,20,0
1416,21,1
1416,24,0
1417,1,0
1417,2,1
1417,4,1
1417,5,1
1417,7,0
1417,8,1
1417,13,0
1417,21,1
1417,23,0
1417,24,1
1418,3,0
1418,4,0
1418,5,0
1418,6,0
1418,12,1
1418,13,1
1418,15,1
1418,16,0
1418,18,0
1418,20,0
1418,23,1
1419,3,0
1419,6,1
1419,7,1
1419,9,0
1419,12,0
1419,14,0
1419,16,0
1419,17,0
1419,19,0
1419,20,1
1419,21,0
1419,24,1
1419,25,0
1420,2,0
1420,4,0
1420,5,0
1420,7,0
1420,12,0
1420,14,0
1420,17,0
1420,18,0
1420,19,0
1420,20,0
1420,23,0
1421,2,1
1421,6,0
1421,9,0
1421,10,0
1421,13,1
1421,14,1
1421,16,0
1421,20,1
1421,21,1
1421,23,1
1422,1,1
1422,6,0
1422,7,1
1422,8,1
1422,12,1
1422,13,1
1422,15,1
1422,19,0
1422,21,1
1422,25,0
1423,3,0
1423,4,0
1423,5,0
1423,7,1
1423,9,1
1423,10,0
1423,11,0
1423,12,0
1423,14,0
1423,20,0
1423,21,0
1423,22,0
1423,23,0
1423,24,0
1424,2,0
1424,3,0
1424,4,1
1424,5,0
1424,6,0
1424,8,0
1424,11,1
1424,13,0
1424,21,0
1424,22,0
1424,24,1
1424,25,1
1425,3,0
1425,5,0
1425,7,0
1425,9,1
1425,10,0
1425,12,0
1425,14,0
1425,16,0
1425,17,0
1425,18,0
1425,24,1
1425,25,1
1426,1,0
1426,2,1
1426,4,1
1426,5,0
1426,6,0
1426,7,0
1426,8,1
1426,17,0
1426,20,0
1426,21,0
1426,24,1
1427,7,1
1427,8,0
1427,9,0
1427,11,1
1427,12,1
1427,14,0
1427,15,0
1427,16,1
1427,18,0
1427,19,1
1427,20,1
1427,23,0
1427,25,0
1428,1,0
1428,5,1
1428,6,0
1428,7,0
1428,9,0
1428,10,0
1428,18,0
1428,19,0
1428,20,1
1428,22,0
1428,24,0
1428,25,0
1429,2,0
1429,3,1
1429,4,0
1429,8,1
1429,10,0
1429,11,0
1429,12,0
1429,13,1
1429,15,0
1429,17,0
1429,19,0
1429,21,0
1429,24,0
1429,25,1
1430,1,0
1430,6,0
1430,7,1
1430,9,0
1430,10,0
1430,12,0
1430,13,0
1430,16,0
1430,17,0
1430,24,0
1430,25,0
1431,4,1
1431,5,1
1431,8,0
1431,11,0
1431,14,1
1431,17,1
1431,18,0
1431,20,0
1431,21,1
1431,24,0
1431,25,0
1432,1,0
1432,3,0
1432,5,0
1432,6,0
1432,7,0
1432,8,0
1432,11,0
1432,15,0
1432,17,0
1432,19,0
1432,20,0
1432,22,0
1432,24,0
1432,25,0
1433,2,0
1433,3,1
1433,5,0
1433,6,0
1433,7,1
1433,8,1
1433,10,0
1433,11,1
1433,15,0
1433,17,0
1433,18,0
1433,20,1
1433,25,0
1434,1,1
1434,2,1
1434,4,1
1434,5,0
1434,6,0
1434,7,0
1434,8,0
1434,11,1
1434,12,0
1434,15,0
1434,16,0
1434,17,0
1434,21,0
1434,22,0
1435,1,0
1435,3,0
1435,9,1
1435,10,0
1435,11,0
1435,13,1
1435,14,0
1435,16,0
1435,17,1
1435,19,1
1435,20,1
1435,21,0
1435,23,0
1436,1,1
1436,2,0
1436,4,0
1436,11,1
1436,12,1
1436,13,0
1436,15,1
1436,16,1
1436,18,1
1436,19,1
1436,20,0
1436,21,0
1436,22,0
1436,25,1
1437,1,1
1437,3,0
1437,4,1
1437,7,1
1437,8,0
1437,10,0
1437,11,0
1437,12,0
1437,15,0
1437,16,0
1437,17,0
1437,18,0
1437,21,0
1437,22,0
1438,1,1
1438,6,0
1438,7,0
1438,10,1
1438,11,0
1438,15,0
1438,19,0
1438,20,0
1438,23,0
1438,25,0
1439,4,0
1439,5,1
1439,7,1
1439,9,0
1439,11,0
1439,12,0
1439,14,0
1439,16,1
1439,21,0
1439,24,1
1439,25,0
1440,1,1
1440,2,1
1440,3,1
1440,5,0
1440,7,1
1440,8,0
1440,9,1
1440,10,0
1440,12,0
1440,15,0
1440,17,0
1440,19,0
1440,22,0
1440,25,0
1441,2,1
1441,6,1
1441,8,1
1441,10,0
1441,11,0
1441,12,0
1441,14,1
1441,15,0
1441,16,1
1441,18,0
1441,19,0
1441,21,0
1441,22,1
1441,23,0
1442,2,1
1442,7,1
1442,8,0
1442,12,0
1442,14,1
1442,15,0
1442,18,1
1442,19,1
1442,22,0
1442,23,0
1442,24,0
1442,25,0
1443,2,1
1443,4,1
1443,5,0
1443,6,1
1443,8,1
1443,10,0
1443,14,0
1443,15,0
1443,22,0
1443,23,0
1443,25,0
1444,1,0
1444,2,0
1444,5,0
1444,9,1
1444,11,0
1444,12,0
1444,13,0
1444,16,1
1444,18,0
1444,19,0
1444,24,1
1444,25,0
1445,3,1
1445,4,0
1445,5,0
1445,12,0
1445,14,0
1445,15,0
1445,18,0
1445,21,0
1445,22,1
1445,23,0
1445,25,0
1446,2,0
1446,3,1
1446,7,0
1446,9,0
1446,10,0
1446,12,0
1446,14,0
1446,17,0
1446,18,0
1446,19,0
1446,23,0
1446,25,0
1447,1,0
1447,5,1
1447,6,1
1447,10,0
1447,11,1
1447,12,0
1447,13,1
1447,14,0
1447,17,1
1447,18,1
1447,20,0
1447,21,0
1447,22,0
1447,24,0
1448,1,1
1448,7,0
1448,10,1
1448,12,0
1448,13,0
1448,14,0
1448,17,1
1448,18,1
1448,19,0
1448,20,1
1448,21,0
1448,22,0
1448,23,1
1448,24,0
1449,1,0
1449,2,0
1449,3,0
1449,4,1
1449,5,1
1449,11,0
1449,13,0
1449,21,0
1449,23,1
1449,25,1
1450,1,0
1450,2,1
1450,5,0
1450,7,1
1450,8,1
1450,9,0
1450,10,1
1450,13,0
1450,18,0
1450,23,1
1450,24,1
1450,25,0
1451,2,0
1451,5,0
1451,7,0
1451,8,0
1451,11,0
1451,14,0
1451,15,0
1451,17,0
1451,18,0
1451,19,1
1451,22,0
1451,23,0
1451,25,0
1452,1,1
1452,3,0
1452,4,1
1452,9,1
1452,13,1
1452,15,1
1452,17,0
1452,20,0
1452,23,0
1452,24,1
1453,4,0
1453,6,1
1453,7,1
1453,8,0
1453,9,1
1453,10,1
1453,11,1
1453,12,1
1453,19,1
1453,21,0
1453,23,1
1453,24,0
1454,1,1
1454,6,0
1454,9,0
1454,10,1
1454,14,1
1454,15,0
1454,17,1
1454,18,0
1454,19,0
1454,21,1
1454,22,0
1454,24,0
1455,1,0
1455,3,0
1455,7,0
1455,8,1
1455,9,0
1455,11,1
1455,12,1
1455,13,0
1455,21,0
1455,24,1
1456,1,0
1456,3,0
1456,6,0
1456,7,1
1456,8,1
1456,9,1
1456,10,0
1456,12,0
1456,13,0
1456,16,0
1456,17,0
1456,18,1
1456,20,0
1456,25,1
1457,1,0
1457,2,0
1457,3,0
1457,4,0
1457,7,1
1457,10,0
1457,11,0
1457,14,0
1457,17,0
1457,20,0
1457,22,0
1457,24,0
1458,3,1
1458,4,0
1458,5,1
1458,8,1
1458,9,0
1458,10,1
1458,11,1
1458,13,0
1458,15,1
1458,16,0
1458,17,1
1458,18,1
1458,20,0
1458,24,1
1459,2,0
1459,5,1
1459,8,0
1459,12,0
1459,13,0
1459,16,0
1459,19,1
1459,21,1
1459,23,0
1459,25,0
1460,2,1
1460,3,1
1460,4,1
1460,7,1
1460,8,0
1460,12,1
1460,13,1
1460,14,0
1460,15,1
1460,17,1
1460,18,1
1460,19,0
1460,23,1
1460,25,0
1461,2,0
1461,3,0
1461,4,1
1461,10,1
1461,11,0
1461,12,1
1461,16,1
1461,20,0
1461,21,0
1461,24,0
1461,25,0
1462,2,0
1462,3,0
1462,7,0
1462,8,1
1462,10,1
1462,11,1
1462,12,0
1462,13,0
1462,14,0
1462,16,0
1462,18,1
1462,19,1
1462,21,0
1463,3,0
1463,4,1
1463,5,0
1463,9,0
1463,12,1
1463,13,0
1463,14,0
1463,15,1
1463,21,1
1463,22,0
1463,23,0
1463,25,1
1464,1,0
1464,3,0
1464,4,0
1464,7,0
1464,8,0
1464,9,0
1464,12,1
1464,15,0
1464,19,0
1464,20,1
1464,21,1
1464,23,0
1464,24,0
1465,2,0
1465,3,1
1465,6,1
1465,7,0
1465,9,1
1465,12,0
1465,13,0
1465,14,0
1465,15,1
1465,18,1
1465,21,0
1465,22,1
1465,24,0
1465,25,0
1466,2,1
1466,3,0
1466,4,1
1466,5,1
1466,8,1
1466,10,1
1466,12,0
1466,14,0
1466,15,1
1466,19,0
1466,21,1
1466,22,0
1467,2,1
1467,3,0
1467,6,0
1467,7,0
1467,9,1
1467,11,1
1467,12,1
1467,14,0
1467,16,1
1467,17,0
1467,18,0
1467,20,1
1467,22,0
1467,24,0
1468,1,0
1468,4,1
1468,7,0
1468,8,0
1468,9,1
1468,16,1
1468,19,0
1468,20,1
1468,21,0
1468,23,1
1468,25,1
1469,3,0
1469,5,1
1469,7,1
1469,12,1
1469,15,1
1469,18,1
1469,19,1
1469,22,0
1469,23,0
1469,24,0
1470,1,0
1470,2,1
1470,4,1
1470,6,1
1470,9,0
1470,10,0
1470,11,0
1470,14,1
1470,17,0
1470,18,1
1470,23,0
1470,24,1
1471,5,0
1471,6,0
1471,7,1
1471,8,1
1471,12,1
1471,13,1
1471,14,0
1471,15,1
1471,17,0
1471,21,0
1471,22,0
1472,1,1
1472,7,1
1472,8,1
1472,10,0
1472,12,0
1472,13,0
1472,18,0
1472,19,0
1472,21,0
1472,23,0
1472,25,0
1473,1,1
1473,2,0
1473,3,0
1473,4,0
1473,5,1
1473,7,1
1473,10,1
1473,12,0
1473,17,0
1473,19,0
1473,21,0
1473,23,0
1474,1,0
1474,2,1
1474,3,0
1474,4,1
1474,5,1
1474,7,0
1474,10,0
1474,12,0
1474,13,0
1474,17,1
1474,18,0
1474,19,0
1474,24,1
1474,25,0
1475,3,1
1475,5,0
1475,7,0
1475,8,1
1475,9,0
1475,11,0
1475,13,0
1475,14,1
1475,20,0
1475,21,0
1475,23,0
1476,2,1
1476,3,0
1476,6,0
1476,7,1
1476,8,1
1476,11,1
1476,12,1
1476,13,0
1476,16,1
1476,17,0
1476,18,0
1476,22,0
1476,25,1
1477,1,1
1477,2,1
1477,4,0
1477,6,0
1477,17,0
1477,18,1
1477,20,1
1477,21,0
1477,22,0
1477,23,0
1477,24,0
1478,4,0
1478,6,1
1478,7,0
1478,8,1
1478,11,1
1478,12,1
1478,15,0
1478,16,1
1478,17,0
1478,18,1
1478,19,1
1478,23,0
1478,24,1
1478,25,0
1479,1,1
1479,2,0
1479,3,1
1479,7,0
1479,11,1
1479,12,1
1479,13,0
1479,14,0
1479,17,1
1479,18,0
1479,19,0
1479,20,0
1479,23,0
1479,24,0
1480,2,0
1480,3,1
1480,4,0
1480,5,0
1480,9,0
1480,10,1
1480,11,0
1480,12,0
1480,16,1
1480,17,0
1480,18,0
1480,19,0
1480,24,0
1481,8,0
1481,9,0
1481,10,1
1481,14,1
1481,15,1
1481,16,0
1481,17,0
1481,20,0
1481,21,0
1481,24,0
1481,25,0
1482,1,0
1482,2,0
1482,5,0
1482,8,1
1482,11,0
1482,13,0
1482,15,0
1482,16,0
1482,17,0
1482,18,0
1482,20,0
1482,21,0
1482,24,0
1482,25,0
1483,7,1
1483,8,0
1483,9,1
1483,11,0
1483,13,0
1483,16,0
1483,17,0
1483,18,0
1483,20,1
1483,21,0
1483,23,1
1483,25,0
1484,2,0
1484,3,1
1484,5,0
1484,8,0
1484,9,0
1484,10,0
1484,11,0
1484,14,0
1484,17,0
1484,24,0
1485,1,1
1485,3,1
1485,14,0
1485,16,0
1485,17,0
1485,18,1
1485,19,0
1485,22,0
1485,23,1
1485,24,0
1486,4,1
1486,5,1
1486,8,1
1486,11,1
1486,17,1
1486,18,0
1486,19,1
1486,20,0
1486,22,0
1486,24,0
1487,1,1
1487,2,1
1487,4,1
1487,12,1
1487,14,1
1487,15,0
1487,19,0
1487,20,0
1487,23,0
1487,24,0
1487,25,0
1488,3,1
1488,4,1
1488,7,0
1488,10,1
1488,12,0
1488,13,0
1488,16,1
1488,17,0
1488,18,1
1488,19,0
1488,20,1
1488,21,0
1488,25,0
1489,1,0
1489,2,1
1489,3,0
1489,4,1
1489,5,0
1489,8,0
1489,9,0
1489,13,0
1489,14,1
1489,20,0
1489,21,1
1489,22,0
1489,23,0
1489,25,1
1490,1,1
1490,4,0
1490,6,0
1490,7,1
1490,8,1
1490,13,1
1490,14,1
1490,15,0
1490,19,0
1490,20,0
1490,22,0
1490,25,1
1491,2,1
1491,3,1
1491,5,1
1491,6,0
1491,7,0
1491,8,0
1491,10,0
1491,13,1
1491,15,0
1491,17,0
1491,20,0
1491,22,0
1492,1,1
1492,3,1
1492,4,1
1492,8,1
1492,9,0
1492,10,0
1492,12,1
1492,14,0
1492,15,0
1492,16,1
1492,22,0
1493,2,1
1493,6,0
1493,7,0
1493,8,0
1493,12,1
1493,14,0
1493,15,1
1493,19,0
1493,20,0
1493,23,0
1494,3,1
1494,6,1
1494,7,1
1494,9,0
1494,16,0
1494,17,0
1494,18,0
1494,19,0
1494,20,1
1494,22,0
1494,25,0
1495,1,1
1495,3,0
1495,4,0
1495,6,0
1495,8,0
1495,9,0
1495,10,0
1495,11,0
1495,13,0
1495,15,0
1495,19,0
1495,23,0
1495,25,0
1496,3,0
1496,4,1
1496,6,0
1496,7,1
1496,9,1
1496,10,1
1496,11,1
1496,13,0
1496,15,0
1496,16,1
1496,18,0
1496,24,1
1496,25,0
1497,2,0
1497,3,0
1497,6,1
1497,7,1
1497,8,1
1497,9,0
1497,11,0
1497,13,0
1497,15,0
1497,17,0
1497,19,1
1497,22,1
1497,24,0
1497,25,0
1498,1,0
1498,2,0
1498,3,0
1498,4,1
1498,6,0
1498,8,0
1498,9,0
1498,10,0
1498,13,0
1498,15,0
1498,17,0
1498,20,0
1498,24,0
1498,25,0
1499,1,0
1499,2,0
1499,4,1
1499,7,1
1499,11,0
1499,12,0
1499,14,0
1499,16,0
1499,17,0
1499,18,0
1499,20,0
1499,22,0
1499,25,1
1500,2,0
1500,4,0
1500,5,0
1500,6,1
1500,8,0
1500,10,0
1500,14,0
1500,16,0
1500,17,0
1500,19,0
1500,20,0
1500,21,0
1500,24,0
1501,4,1
1501,5,0
1501,6,0
1501,8,0
1501,9,0
1501,12,1
1501,15,1
1501,16,1
1501,19,0
1501,20,0
1501,21,1
1501,22,1
1501,24,0
1502,1,0
1502,3,0
1502,4,1
1502,5,0
1502,6,1
1502,9,1
1502,10,1
1502,11,1
1502,12,1
1502,16,1
1502,22,0
1503,1,1
1503,3,0
1503,4,0
1503,5,1
1503,7,0
1503,9,0
1503,10,1
1503,13,1
1503,16,0
1503,18,0
1503,19,0
1503,22,0
1503,25,1
1504,2,1
1504,4,1
1504,5,0
1504,7,1
1504,8,0
1504,12,1
1504,15,0
1504,16,0
1504,22,0
1504,23,0
1504,24,0
1504,25,0
1505,3,0
1505,4,0
1505,6,1
1505,13,0
1505,14,0
1505,16,0
1505,19,0
1505,20,1
1505,21,1
1505,22,0
1506,2,1
1506,4,0
1506,6,0
1506,7,0
1506,8,0
1506,10,0
1506,13,0
1506,14,0
1506,15,0
1506,18,0
1506,19,0
1506,22,0
1506,25,0
1507,3,0
1507,4,1
1507,5,0
1507,8,1
1507,9,0
1507,15,0
1507,16,0
1507,19,0
1507,23,0
1507,25,0
1508,2,1
1508,4,0
1508,6,0
1508,9,1
1508,12,0
1508,13,0
1508,14,1
1508,16,0
1508,17,0
1508,19,0
1508,25,0
1509,5,0
1509,6,0
1509,7,1
1509,9,0
1509,10,0
1509,12,0
1509,13,1
1509,23,0
1509,24,0
1509,25,0
1510,1,0
1510,2,0
1510,5,0
1510,6,0
1510,10,0
1510,11,0
1510,13,0
1510,15,1
1510,19,0
1510,21,0
1510,22,0
1511,1,1
1511,2,1
1511,6,0
1511,8,0
1511,9,1
1511,11,1
1511,12,1
1511,14,1
1511,17,0
1511,18,0
1511,22,0
1511,25,0
1512,2,1
1512,3,1
1512,4,0
1512,7,0
1512,8,0
1512,9,1
1512,15,0
1512,17,1
1512,19,0
1512,20,0
1512,23,1
1513,1,1
1513,3,0
1513,5,1
1513,6,0
1513,8,1
1513,15,1
1513,18,0
1513,21,1
1513,22,0
1513,23,1
1513,25,1
1514,2,0
1514,5,0
1514,6,1
1514,7,0
1514,8,0
1514,10,0
1514,11,0
1514,12,1
1514,15,1
1514,16,0
1514,18,1
1514,21,0
1514,22,0
1514,24,0
1515,1,0
1515,2,1
1515,7,0
1515,8,1
1515,9,0
1515,10,0
1515,12,1
1515,15,1
1515,18,1
1515,19,0
1515,20,0
1515,21,0
1515,22,1
1516,2,1
1516,3,0
1516,4,0
1516,7,1
1516,12,0
1516,13,0
1516,15,1
1516,16,0
1516,18,0
1516,19,1
1516,22,1
1516,23,0
1516,24,0
1517,1,1
1517,6,1
1517,7,1
1517,9,0
1517,11,1
1517,14,0
1517,15,0
1517,17,0
1517,19,0
1517,22,0
1517,23,0
1517,24,0
1518,1,1
1518,2,1
1518,5,1
1518,6,0
1518,11,0
1518,12,1
1518,13,0
1518,14,0
1518,15,1
1518,20,0
1518,21,0
1518,22,0
1519,1,0
1519,3,0
1519,5,0
1519,8,1
1519,9,0
1519,10,0
1519,12,0
1519,13,0
1519,15,1
1519,16,0
1519,17,0
1519,20,1
1519,25,0
1520,1,0
1520,2,0
1520,4,0
1520,6,0
1520,8,0
1520,9,0
1520,10,1
1520,11,0
1520,14,0
1520,15,0
1520,16,0
1520,22,0
1520,24,1
1520,25,1
1521,1,1
1521,6,0
1521,7,1
1521,8,0
1521,9,0
1521,10,1
1521,13,0
1521,14,0
1521,18,0
1521,20,0
1521,22,0
1521,23,0
1521,24,0
1522,2,0
1522,3,0
1522,5,1
1522,8,1
1522,10,0
1522,12,1
1522,13,0
1522,14,0
1522,16,0
1522,17,0
1522,18,0
1522,19,0
1522,21,1
1522,23,0
1523,1,0
1523,3,1
1523,5,1
1523,10,0
1523,11,0
1523,13,0
1523,16,0
1523,17,0
1523,19,0
1523,20,0
1523,21,0
1523,25,0
1524,1,0
1524,3,1
1524,4,1
1524,5,1
1524,9,1
1524,10,0
1524,20,0
1524,22,0
1524,23,1
1524,24,0
1525,5,0
1525,6,0
1525,8,0
1525,9,1
1525,10,1
1525,13,1
1525,14,0
1525,15,0
1525,19,1
1525,21,1
1525,24,0
1525,25,0
1526,1,0
1526,2,0
1526,7,1
1526,9,1
1526,10,1
1526,11,0
1526,13,0
1526,14,1
1526,15,0
1526,19,0
1526,21,1
1526,23,0
1527,1,0
1527,9,0
1527,11,0
1527,12,1
1527,13,1
1527,14,1
1527,17,1
1527,18,0
1527,20,1
1527,21,1
1527,24,0
1528,1,1
1528,4,0
1528,9,1
1528,10,1
1528,15,1
1528,16,1
1528,17,0
1528,19,0
1528,20,0
1528,22,0
1528,23,0
1529,3,0
1529,4,0
1529,9,1
1529,12,1
1529,15,1
1529,16,0
1529,17,0
1529,19,1
1529,20,0
1529,21,0
1529,23,0
1530,2,0
1530,4,0
1530,7,0
1530,9,0
1530,10,1
1530,11,1
1530,14,0
1530,16,1
1530,21,0
1530,23,0
1530,25,1
1531,1,0
1531,3,1
1531,5,0
1531,6,0
1531,8,0
1531,9,1
1531,10,0
1531,15,0
1531,17,1
1531,18,0
1531,19,0
1531,20,0
1531,23,0
1531,25,0
1532,1,1
1532,3,0
1532,4,1
1532,5,1
1532,8,1
1532,9,1
1532,11,1
1532,12,1
1532,16,0
1532,19,1
1532,20,0
1532,22,0
1532,23,1
1533,6,0
1533,7,1
1533,8,0
1533,9,1
1533,11,1
1533,12,0
1533,17,1
1533,20,0
1533,22,1
1533,25,0
1534,2,1
1534,5,0
1534,7,0
1534,8,0
1534,9,0
1534,11,1
1534,12,0
1534,13,1
1534,15,0
1534,21,1
1534,22,0
1534,23,0
1535,3,0
1535,4,0
1535,5,0
1535,6,1
1535,9,1
1535,10,0
1535,13,1
1535,15,1
1535,16,0
1535,19,1
1535,22,0
1535,23,0
1535,24,0
1535,25,0
1536,2,1
1536,7,0
1536,8,0
1536,10,1
1536,17,1
1536,18,0
1536,19,0
1536,21,1
1536,22,0
1536,25,0
1537,3,1
1537,4,1
1537,5,1
1537,7,0
1537,8,0
1537,9,1
1537,13,1
1537,16,1
1537,17,0
1537,19,0
1537,21,0
1537,23,0
1537,24,0
1537,25,0
1538,1,1
1538,3,1
1538,4,0
1538,5,0
1538,7,0
1538,9,0
1538,11,1
1538,12,1
1538,14,0
1538,18,0
1538,20,1
1538,21,0
1538,23,1
1538,24,0
1539,1,1
1539,2,1
1539,4,1
1539,6,1
1539,10,1
1539,11,1
1539,13,0
1539,16,0
1539,17,0
1539,18,1
1539,20,0
1539,21,1
1540,3,0
1540,4,1
1540,5,1
1540,6,1
1540,8,0
1540,9,0
1540,10,0
1540,11,1
1540,14,1
1540,15,0
1540,18,0
1540,21,1
1540,24,0
1541,4,1
1541,5,1
1541,7,1
1541,8,1
1541,11,1
1541,15,1
1541,16,0
1541,19,0
1541,20,1
1541,23,0
1541,24,1
1542,2,1
1542,3,1
1542,5,0
1542,6,0
1542,7,1
1542,8,1
1542,9,1
1542,12,0
1542,14,0
1542,15,0
1542,16,1
1542,19,0
1542,20,0
1543,3,1
1543,4,1
1543,6,1
1543,7,0
1543,8,0
1543,11,0
1543,12,1
1543,14,0
1543,15,1
1543,16,1
1543,21,0
1543,25,1
1544,1,0
1544,3,1
1544,5,1
1544,8,1
1544,13,0
1544,14,1
1544,15,0
1544,16,1
1544,18,1
1544,20,1
1544,22,1
1544,25,0
1545,1,1
1545,3,0
1545,6,1
1545,8,1
1545,9,1
1545,12,0
1545,16,0
1545,17,0
1545,18,0
1545,19,0
1545,23,0
1545,24,1
1546,1,1
1546,2,1
1546,3,0
1546,5,1
1546,11,1
1546,14,0
1546,17,0
1546,19,0
1546,22,1
1546,24,0
1547,3,0
1547,4,1
1547,6,0
1547,9,0
1547,10,1
1547,11,1
1547,14,1
1547,15,0
1547,20,1
1547,21,0
1547,22,0
1547,23,0
1547,24,0
1548,1,0
1548,4,0
1548,6,1
1548,7,1
1548,11,1
1548,13,0
1548,15,0
1548,17,0
1548,19,0
1548,20,0
1548,22,1
1548,23,0
1548,25,0
1549,1,1
1549,3,1
1549,6,1
1549,10,0
1549,11,1
1549,12,1
1549,15,1
1549,16,0
1549,19,1
1549,20,1
1549,21,0
1549,23,1
1549,24,1
1549,25,0
1550,2,0
1550,3,1
1550,4,0
1550,7,0
1550,8,0
1550,9,0
1550,10,1
1550,11,1
1550,12,1
1550,14,0
1550,15,0
1550,19,1
1550,20,0
1550,25,0
1551,6,0
1551,7,0
1551,8,1
1551,9,0
1551,11,0
1551,12,1
1551,16,1
1551,17,1
1551,19,1
1551,20,1
1551,21,0
1551,22,0
1551,23,1
1551,24,0
1552,3,1
1552,6,1
1552,7,0
1552,9,0
1552,14,0
1552,15,1
1552,17,0
1552,19,0
1552,21,0
1552,23,0
1552,24,0
1552,25,0
1553,1,0
1553,4,1
1553,6,1
1553,7,1
1553,10,0
1553,11,1
1553,13,1
1553,14,1
1553,16,0
1553,17,0
1553,18,1
1553,22,0
1553,25,0
1554,3,0
1554,9,0
1554,11,0
1554,12,0
1554,13,0
1554,16,0
1554,17,1
1554,19,0
1554,20,0
1554,21,0
1554,23,0
1554,24,1
1555,1,0
1555,3,0
1555,10,1
1555,12,0
1555,16,0
1555,18,0
1555,19,0
1555,22,0
1555,24,1
1555,25,0
1556,3,1
1556,4,0
1556,5,1
1556,7,1
1556,8,0
1556,9,0
1556,14,0
1556,15,0
1556,16,0
1556,17,0
1556,19,0
1556,20,1
1556,21,0
1556,23,0
1557,3,0
1557,4,0
1557,5,1
1557,7,1
1557,8,1
1557,10,0
1557,13,0
1557,16,1
1557,17,0
1557,20,0
1557,23,1
1557,25,0
1558,7,0
1558,8,1
1558,10,1
1558,11,1
1558,13,1
1558,15,1
1558,16,0
1558,17,1
1558,18,0
1558,19,1
1558,23,0
1558,24,0
1559,7,1
1559,8,0
1559,10,1
1559,11,0
1559,12,0
1559,16,0
1559,17,0
1559,19,0
1559,20,1
1559,23,0
1560,1,0
1560,3,0
1560,4,0
1560,7,1
1560,10,0
1560,11,0
1560,15,1
1560,19,0
1560,22,0
1560,23,1
1560,25,0
1561,1,0
1561,2,1
1561,4,0
1561,5,0
1561,7,0
1561,11,1
1561,16,1
1561,18,0
1561,21,0
1561,22,0
1561,23,0
1561,24,0
1561,25,0
1562,1,0
1562,3,1
1562,6,0
1562,9,0
1562,10,0
1562,11,0
1562,13,0
1562,17,0
1562,19,0
1562,21,0
1562,23,0
1563,3,0
1563,5,0
1563,7,0
1563,9,0
1563,10,1
1563,11,1
1563,14,1
1563,16,1
1563,17,0
1563,19,1
1563,20,1
1563,21,0
1563,23,0
1563,25,0
1564,1,0
1564,2,1
1564,6,1
1564,8,1
1564,10,0
1564,11,0
1564,14,0
1564,15,1
1564,16,0
1564,20,0
1564,23,0
1564,24,0
1565,2,1
1565,7,1
1565,8,0
1565,9,0
1565,11,1
1565,12,0
1565,13,0
1565,17,1
1565,18,0
1565,20,0
1566,4,0
1566,5,1
1566,7,1
1566,10,0
1566,11,1
1566,12,0
1566,14,0
1566,15,0
1566,19,0
1566,21,0
1567,2,1
1567,4,0
1567,8,0
1567,9,0
1567,10,0
1567,11,1
1567,14,1
1567,16,0
1567,17,0
1567,21,0
1567,22,0
1567,24,0
1567,25,0
1568,1,0
1568,6,0
1568,7,0
1568,9,0
1568,10,0
1568,12,1
1568,15,0
1568,18,0
1568,21,0
1568,22,0
1568,23,0
1569,1,0
1569,3,1
1569,5,0
1569,7,0
1569,10,1
1569,11,0
1569,15,0
1569,16,0
1569,17,0
1569,18,0
1569,23,1
1569,24,0
1569,25,0
1570,3,0
1570,6,0
1570,9,1
1570,10,1
1570,11,0
1570,14,0
1570,15,1
1570,17,0
1570,21,0
1570,22,0
1570,23,1
1570,24,0
1571,2,0
1571,5,1
1571,6,1
1571,7,1
1571,8,0
1571,9,0
1571,12,0
1571,13,0
1571,14,1
1571,15,0
1571,19,1
1571,20,1
1571,24,1
1572,1,1
1572,3,0
1572,7,1
1572,8,1
1572,11,0
1572,15,1
1572,17,1
1572,21,0
1572,23,0
1572,25,0
1573,2,0
1573,4,1
1573,5,1
1573,9,0
1573,10,0
1573,16,0
1573,17,1
1573,19,0
1573,21,0
1573,25,0
1574,1,1
1574,3,0
1574,5,0
1574,7,0
1574,8,1
1574,9,0
1574,10,0
1574,12,0
1574,13,1
1574,15,0
1574,18,0
1574,19,0
1574,20,1
1574,25,0
1575,1,1
1575,3,0
1575,4,0
1575,7,0
1575,9,0
1575,10,1
1575,11,0
1575,12,0
1575,13,1
1575,18,1
1575,19,1
1575,20,0
1575,23,0
1575,25,0
1576,3,1
1576,4,1
1576,5,0
1576,6,0
1576,8,0
1576,9,1
1576,11,0
1576,15,1
1576,17,1
1576,20,0
1576,21,1
1576,23,1
1577,1,0
1577,3,1
1577,7,1
1577,8,1
1577,9,0
1577,12,1
1577,13,0
1577,14,1
1577,19,0
1577,21,0
1577,25,0
1578,4,1
1578,5,0
1578,11,0
1578,12,0
1578,13,0
1578,14,0
1578,17,0
1578,20,0
1578,21,0
1578,22,0
1578,23,0
1578,24,0
1578,25,0
1579,2,0
1579,6,1
1579,9,1
1579,10,0
1579,12,0
1579,13,0
1579,15,0
1579,16,0
1579,19,1
1579,20,0
1579,23,0
1579,24,0
1580,3,0
1580,5,1
1580,7,1
1580,8,1
1580,9,0
1580,10,0
1580,13,0
1580,15,1
1580,16,0
1580,17,0
1580,20,0
1580,22,0
1580,23,0
1580,24,0
1581,3,0
1581,4,0
1581,7,0
1581,13,0
1581,15,0
1581,17,1
1581,19,0
1581,20,0
1581,21,0
1581,22,0
1581,23,0
1581,24,0
1581,25,1
1582,1,1
1582,5,0
1582,7,1
1582,9,0
1582,10,1
1582,11,1
1582,14,0
1582,16,0
1582,18,0
1582,19,0
1582,20,0
1582,22,0
1582,23,0
1582,24,0
1583,2,0
1583,3,1
1583,6,0
1583,7,1
1583,8,0
1583,10,1
1583,13,0
1583,18,0
1583,19,0
1583,20,0
1583,21,0
1583,23,0
1583,24,1
1584,2,1
1584,11,0
1584,12,0
1584,13,0
1584,14,0
1584,16,0
1584,17,0
1584,19,1
1584,20,1
1584,22,0
1584,25,0
1585,1,1
1585,2,0
1585,3,0
1585,6,0
1585,9,0
1585,13,1
1585,19,0
1585,20,0
1585,21,1
1585,22,1
1585,23,0
1585,24,0
1586,1,1
1586,4,1
1586,5,0
1586,8,1
1586,9,1
1586,10,0
1586,13,1
1586,14,1
1586,15,1
1586,16,0
1586,18,0
1586,24,0
1586,25,0
1587,1,1
1587,2,0
1587,3,0
1587,9,0
1587,13,0
1587,15,1
1587,17,1
1587,18,0
1587,22,0
1587,23,0
1588,3,0
1588,4,0
1588,5,1
1588,6,0
1588,7,1
1588,12,0
1588,14,0
1588,19,1
1588,20,0
1588,22,0
1589,1,1
1589,2,0
1589,3,0
1589,4,1
1589,5,0
1589,8,0
1589,10,1
1589,12,1
1589,16,0
1589,21,1
1589,22,1
1589,23,0
1589,24,0
1590,3,0
1590,5,0
1590,6,0
1590,7,0
1590,9,0
1590,10,1
1590,11,1
1590,12,1
1590,15,1
1590,16,0
1590,17,0
1590,19,0
1590,22,0
1591,4,1
1591,6,1
1591,7,0
1591,8,0
1591,10,1
1591,11,1
1591,12,1
1591,16,1
1591,18,1
1591,19,0
1591,20,0
1591,24,1
1591,25,0
1592,1,1
1592,4,1
1592,5,1
1592,8,0
1592,16,0
1592,19,0
1592,20,0
1592,21,1
1592,23,1
1592,24,0
1593,2,0
1593,4,0
1593,6,1
1593,13,0
1593,16,1
1593,17,0
1593,18,0
1593,19,0
1593,23,0
1593,24,0
1594,4,0
1594,5,0
1594,7,1
1594,9,0
1594,10,1
1594,11,1
1594,13,0
1594,14,0
1594,15,1
1594,17,1
1594,18,0
1594,24,0
1594,25,0
1595,1,1
1595,2,1
1595,3,1
1595,5,0
1595,6,1
1595,7,1
1595,8,1
1595,9,1
1595,10,0
1595,15,0
1595,16,0
1595,18,0
1595,24,0
1595,25,0
1596,1,0
1596,2,1
1596,3,0
1596,6,0
1596,7,1
1596,9,0
1596,10,1
1596,15,1
1596,17,0
1596,18,0
1596,19,0
1596,20,1
1596,24,1
1596,25,0
1597,1,1
1597,3,1
1597,4,0
1597,6,0
1597,8,0
1597,10,0
1597,11,0
1597,13,0
1597,18,0
1597,20,0
1597,22,0
1598,8,0
1598,9,0
1598,10,1
1598,11,1
1598,15,0
1598,16,1
1598,17,1
1598,18,0
1598,20,0
1598,21,0
1598,22,0
1598,23,0
1599,2,1
1599,5,1
1599,6,1
1599,9,1
1599,10,0
1599,11,1
1599,13,0
1599,16,0
1599,17,0
1599,19,0
1599,21,0
1599,22,1
1599,23,0
1599,25,0
1600,1,1
1600,2,0
1600,3,1
1600,6,1
1600,10,0
1600,12,0
1600,13,0
1600,16,1
1600,24,0
1600,25,0
1601,1,0
1601,3,0
1601,4,0
1601,5,0
1601,6,0
1601,8,1
1601,16,0
1601,17,0
1601,18,1
1601,19,0
1601,20,0
1601,21,0
1601,23,0
1601,24,0
1602,2,1
1602,3,1
1602,4,1
1602,5,0
1602,8,0
1602,9,0
1602,15,0
1602,17,1
1602,21,1
1602,22,0
1602,24,0
1603,4,0
1603,5,0
1603,6,1
1603,9,0
1603,12,0
1603,13,0
1603,14,1
1603,19,1
1603,21,1
1603,23,0
1603,24,0
1604,3,0
1604,6,1
1604,8,0
1604,10,0
1604,13,0
1604,14,0
1604,18,0
1604,19,0
1604,20,0
1604,22,0
1604,24,0
1604,25,0
1605,1,1
1605,5,0
1605,7,1
1605,9,0
1605,11,1
1605,12,0
1605,13,1
1605,15,0
1605,17,0
1605,19,0
1605,20,1
1605,22,0
1605,23,0
1605,24,0
1606,1,1
1606,2,1
1606,5,0
1606,10,0
1606,11,0
1606,14,0
1606,15,1
1606,17,1
1606,20,0
1606,22,0
1607,1,0
1607,2,0
1607,3,0
1607,5,0
1607,6,0
1607,9,0
1607,11,0
1607,12,1
1607,22,0
1607,23,0
1608,3,0
1608,4,0
1608,6,1
1608,8,1
1608,9,1
1608,12,0
1608,13,0
1608,14,1
1608,15,0
1608,18,1
1608,20,0
1608,21,1
1608,22,0
1609,4,0
1609,5,1
1609,6,1
1609,7,1
1609,10,0
1609,12,0
1609,15,0
1609,21,1
1609,23,0
1609,24,0
1610,2,0
1610,4,0
1610,8,0
1610,9,1
1610,12,0
1610,13,0
1610,17,0
1610,18,0
1610,19,0
1610,20,0
1610,23,0
1610,24,0
1611,1,1
1611,4,0
1611,5,0
1611,7,0
1611,9,0
1611,12,0
1611,13,1
1611,15,1
1611,19,0
1611,21,0
1611,23,0
1611,25,0
1612,1,1
1612,4,0
1612,9,0
1612,10,1
1612,11,0
1612,12,1
1612,15,0
1612,17,0
1612,21,0
1612,22,1
1613,1,0
1613,6,0
1613,8,0
1613,9,1
1613,12,1
1613,17,0
1613,18,0
1613,19,0
1613,21,0
1613,24,0
1614,2,1
1614,4,0
1614,5,1
1614,6,0
1614,8,0
1614,9,1
1614,11,1
1614,14,0
1614,16,0
1614,20,1
1614,21,0
1614,24,1
1614,25,0
1615,3,0
1615,6,1
1615,12,1
1615,15,1
1615,16,0
1615,21,0
1615,22,0
1615,23,0
1615,24,0
1615,25,0
1616,2,0
1616,3,1
1616,5,1
1616,7,1
1616,8,1
1616,9,0
1616,10,1
1616,15,0
1616,16,1
1616,17,0
1616,19,0
1616,22,0
1616,25,0
1617,4,0
1617,5,1
1617,6,0
1617,7,0
1617,9,0
1617,12,0
1617,13,0
1617,15,1
1617,19,1
1617,20,0
1617,21,0
1617,22,0
1617,25,0
1618,1,0
1618,3,0
1618,4,1
1618,5,0
1618,6,0
1618,8,0
1618,10,0
1618,11,1
1618,17,0
1618,24,1
1619,2,1
1619,3,0
1619,4,0
1619,5,0
1619,6,0
1619,10,0
1619,15,0
1619,17,0
1619,23,0
1619,24,1
1619,25,0
1620,1,0
1620,2,0
1620,5,0
1620,8,1
1620,9,0
1620,10,0
1620,11,1
1620,14,0
1620,18,0
1620,20,1
1620,25,1
1621,1,0
1621,4,0
1621,6,1
1621,7,0
1621,10,0
1621,11,1
1621,12,1
1621,14,0
1621,15,1
1621,18,0
1621,22,1
1621,24,0
1621,25,0
1622,6,1
1622,7,1
1622,8,0
1622,11,0
1622,15,0
1622,17,1
1622,18,1
1622,19,0
1622,20,0
1622,21,0
1623,2,1
1623,3,1
1623,8,0
1623,13,1
1623,14,1
1623,15,0
1623,16,0
1623,19,0
1623,21,0
1623,22,1
1623,25,0
1624,2,0
1624,5,1
1624,7,1
1624,8,0
1624,9,0
1624,10,1
1624,15,0
1624,20,0
1624,22,1
1624,24,0
1625,2,0
1625,6,0
1625,7,1
1625,11,1
1625,12,1
1625,19,0
1625,20,1
1625,21,1
1625,23,0
1625,24,0
1626,2,0
1626,3,1
1626,6,0
1626,13,0
1626,17,0
1626,18,1
1626,20,1
1626,21,0
1626,24,0
1626,25,1
1627,1,1
1627,2,1
1627,3,1
1627,4,1
1627,6,0
1627,7,1
1627,8,0
1627,9,1
1627,12,0
1627,14,1
1627,17,1
1627,19,1
1627,22,0
1627,23,1
1628,2,0
1628,3,0
1628,5,1
1628,6,1
1628,11,1
1628,13,0
1628,15,1
1628,17,0
1628,18,0
1628,22,0
1629,4,1
1629,5,0
1629,7,0
1629,8,0
1629,12,1
1629,13,1
1629,15,0
1629,16,0
1629,17,0
1629,18,1
1629,19,0
1629,21,0
1629,24,0
1629,25,0
1630,4,1
1630,5,0
1630,8,1
1630,9,0
1630,11,0
1630,15,1
1630,16,0
1630,17,0
1630,18,0
1630,19,0
1630,21,0
1630,23,0
1630,24,1
1631,1,1
1631,2,1
1631,3,1
1631,6,1
1631,11,1
1631,12,0
1631,15,1
1631,18,0
1631,21,0
1631,23,1
1631,25,0
1632,1,0
1632,5,1
1632,6,0
1632,10,0
1632,11,1
1632,12,0
1632,15,1
1632,18,1
1632,19,0
1632,21,1
1632,22,0
1633,1,0
1633,5,1
1633,6,1
1633,8,1
1633,9,0
1633,12,1
1633,13,0
1633,14,0
1633,18,1
1633,20,1
1633,22,0
1634,2,1
1634,3,0
1634,4,1
1634,5,1
1634,6,0
1634,11,0
1634,14,1
1634,15,0
1634,18,0
1634,19,0
1634,20,0
1635,2,1
1635,3,0
1635,4,0
1635,7,1
1635,8,0
1635,11,1
1635,12,0
1635,13,1
1635,14,0
1635,15,0
1635,22,1
1636,2,0
1636,5,1
1636,6,1
1636,7,1
1636,8,0
1636,9,0
1636,11,1
1636,20,1
1636,22,0
1636,23,0
1636,24,0
1637,1,0
1637,5,1
1637,7,0
1637,9,1
1637,10,0
1637,15,0
1637,16,0
1637,20,0
1637,21,0
1637,22,0
1637,24,0
1638,1,0
1638,2,1
1638,4,0
1638,6,1
1638,10,1
1638,12,0
1638,14,0
1638,15,0
1638,16,0
1638,19,1
1638,20,0
1638,24,1
1638,25,0
1639,1,0
1639,2,1
1639,5,1
1639,7,1
1639,11,0
1639,15,0
1639,16,0
1639,18,0
1639,21,0
1639,25,0
1640,12,0
1640,13,0
1640,14,0
1640,16,0
1640,17,0
1640,18,1
1640,19,0
1640,21,0
1640,22,0
1640,23,0
1640,24,0
1640,25,0
1641,5,1
1641,6,0
1641,7,1
1641,8,0
1641,10,0
1641,11,0
1641,12,0
1641,13,1
1641,15,0
1641,16,0
1641,17,1
1641,18,0
1641,23,0
1641,25,1
1642,1,0
1642,2,0
1642,3,0
1642,10,1
1642,11,1
1642,12,0
1642,13,0
1642,14,0
1642,19,0
1642,20,0
1642,23,0
1642,24,0
1643,1,0
1643,2,0
1643,4,1
1643,5,0
1643,8,0
1643,9,0
1643,10,0
1643,12,1
1643,13,0
1643,19,0
1643,22,0
1643,24,0
1644,4,1
1644,8,1
1644,13,0
1644,14,1
1644,15,0
1644,18,0
1644,19,1
1644,22,0
1644,23,1
1644,24,1
1645,3,1
1645,5,0
1645,6,1
1645,7,1
1645,9,1
1645,12,1
1645,16,0
1645,18,0
1645,20,1
1645,22,0
1646,1,0
1646,2,0
1646,3,0
1646,8,1
1646,9,0
1646,13,0
1646,17,1
1646,23,0
1646,24,0
1646,25,0
1647,1,1
1647,10,1
1647,11,1
1647,12,0
1647,14,0
1647,15,0
1647,16,1
1647,18,0
1647,20,0
1647,21,1
1647,22,0
1648,3,0
1648,6,1
1648,7,0
1648,8,0
1648,10,1
1648,14,0
1648,15,0
1648,16,1
1648,17,0
1648,19,0
1648,20,0
1648,24,0
1648,25,0
1649,1,1
1649,3,0
1649,4,1
1649,8,0
1649,9,0
1649,10,1
1649,11,0
1649,17,0
1649,20,1
1649,23,0
1649,24,0
1650,1,1
1650,3,0
1650,5,1
1650,7,0
1650,9,0
1650,10,0
1650,11,0
1650,13,0
1650,14,1
1650,16,0
1650,22,0
1650,23,1
1650,24,1
1651,1,1
1651,6,0
1651,8,0
1651,10,0
1651,11,0
1651,13,1
1651,15,0
1651,16,1
1651,18,0
1651,20,0
1651,22,0
1651,23,0
1651,24,0
1652,2,0
1652,3,0
1652,8,1
1652,9,0
1652,12,1
1652,15,0
1652,18,0
1652,19,0
1652,20,1
1652,21,0
1652,22,0
1652,25,1
1653,1,0
1653,7,1
1653,8,0
1653,9,1
1653,10,1
1653,11,0
1653,13,0
1653,14,0
1653,18,0
1653,19,0
1653,22,0
1653,23,0
1654,2,0
1654,4,1
1654,5,1
1654,6,0
1654,8,0
1654,13,1
1654,14,0
1654,15,0
1654,18,0
1654,20,0
1654,21,1
1654,23,1
1654,25,1
1655,6,1
1655,7,1
1655,8,0
1655,9,0
1655,15,0
1655,16,0
1655,17,0
1655,19,0
1655,21,0
1655,22,0
1655,23,0
1655,24,0
1655,25,0
1656,2,1
1656,5,1
1656,6,0
1656,7,0
1656,8,0
1656,11,0
1656,12,0
1656,15,0
1656,18,1
1656,21,1
1656,22,0
1657,1,0
1657,2,0
1657,7,1
1657,10,1
1657,11,0
1657,15,0
1657,18,0
1657,19,0
1657,20,1
1657,22,0
1657,23,1
1658,2,0
1658,4,0
1658,5,1
1658,6,1
1658,7,1
1658,8,0
1658,13,0
1658,17,0
1658,18,0
1658,20,0
1658,22,1
1658,23,0
1659,1,0
1659,7,0
1659,8,1
1659,9,0
1659,13,0
1659,15,0
1659,18,1
1659,19,0
1659,21,0
1659,24,0
1660,1,0
1660,2,0
1660,5,1
1660,7,1
1660,11,0
1660,14,0
1660,15,0
1660,16,0
1660,17,0
1660,18,1
1660,19,1
1660,20,0
1660,22,0
1661,4,1
1661,5,1
1661,6,1
1661,7,1
1661,15,1
1661,18,1
1661,20,0
1661,21,0
1661,23,0
1661,24,0
1661,25,0
1662,2,0
1662,3,1
1662,4,1
1662,6,0
1662,11,1
1662,12,0
1662,13,0
1662,15,0
1662,17,1
1662,20,0
1662,22,0
1662,25,0
1663,4,1
1663,6,0
1663,11,0
1663,13,1
1663,14,0
1663,16,1
1663,17,0
1663,19,1
1663,22,1
1663,23,0
1663,25,0
1664,3,1
1664,4,0
1664,5,0
1664,6,0
1664,7,0
1664,8,1
1664,9,1
1664,11,1
1664,14,1
1664,15,1
1664,22,0
1664,23,0
1664,25,1
1665,1,1
1665,4,0
1665,6,0
1665,10,1
1665,14,0
1665,16,1
1665,17,1
1665,18,0
1665,20,0
1665,22,0
1665,23,0
1665,24,0
1665,25,0
1666,1,0
1666,3,0
1666,4,0
1666,5,0
1666,7,1
1666,9,0
1666,10,0
1666,11,1
1666,14,1
1666,16,0
1666,17,0
1666,19,0
1666,21,1
1666,24,1
1667,4,0
1667,5,0
1667,6,0
1667,7,0
1667,11,0
1667,13,0
1667,17,0
1667,18,0
1667,24,0
1667,25,0
1668,1,0
1668,4,0
1668,5,0
1668,7,0
1668,9,0
1668,11,0
1668,13,0
1668,14,1
1668,15,0
1668,17,0
1668,18,0
1668,19,0
1668,22,1
1668,23,0
1669,2,0
1669,6,0
1669,7,1
1669,10,0
1669,11,0
1669,13,0
1669,15,0
1669,18,1
1669,21,1
1669,22,1
1669,23,0
1669,25,1
1670,1,1
1670,2,0
1670,5,0
1670,7,1
1670,8,0
1670,14,0
1670,16,1
1670,17,0
1670,19,0
1670,20,1
1670,23,0
1671,1,0
1671,3,1
1671,5,0
1671,8,0
1671,10,0
1671,11,0
1671,13,0
1671,17,0
1671,18,0
1671,22,1
1671,23,0
1671,25,0
1672,1,1
1672,4,1
1672,6,0
1672,8,0
1672,11,1
1672,12,1
1672,13,0
1672,14,1
1672,18,1
1672,19,0
1672,21,1
1672,22,0
1672,25,0
1673,1,1
1673,5,1
1673,9,0
1673,11,0
1673,12,0
1673,13,0
1673,15,1
1673,17,0
1673,18,0
1673,19,0
1673,20,0
1673,21,0
1673,22,1
1673,25,1
1674,2,0
1674,3,0
1674,7,1
1674,10,0
1674,13,1
1674,14,0
1674,15,1
1674,16,0
1674,17,0
1674,19,0
1674,20,0
1674,23,0
1674,24,0
1674,25,0
1675,1,1
1675,4,0
1675,6,1
1675,7,0
1675,8,1
1675,9,0
1675,10,0
1675,11,0
1675,13,0
1675,15,1
1675,18,0
1675,20,0
1675,21,1
1675,25,0
1676,2,1
1676,3,0
1676,6,1
1676,8,0
1676,9,0
1676,10,0
1676,11,1
1676,12,0
1676,16,1
1676,17,1
1676,19,0
1676,20,1
1677,3,0
1677,5,0
1677,6,1
1677,7,0
1677,8,0
1677,9,0
1677,13,0
1677,14,0
1677,16,0
1677,18,0
1677,19,1
1677,21,0
1677,22,0
1678,3,0
1678,6,0
1678,7,0
1678,8,0
1678,12,0
1678,17,0
1678,18,0
1678,19,0
1678,20,0
1678,24,1
1678,25,0
1679,1,1
1679,2,0
1679,6,0
1679,7,0
1679,10,0
1679,12,0
1679,18,1
1679,21,0
1679,22,0
1679,23,0
1679,24,1
1680,2,0
1680,4,0
1680,7,1
1680,8,0
1680,11,0
1680,14,1
1680,15,1
1680,17,0
1680,18,0
1680,19,1
1680,20,0
1680,23,0
1681,2,1
1681,4,1
1681,5,1
1681,6,0
1681,8,1
1681,11,0
1681,14,1
1681,15,1
1681,16,0
1681,17,0
1681,18,0
1681,20,1
1681,21,1
1681,22,1
1682,2,0
1682,5,0
1682,8,0
1682,9,0
1682,10,0
1682,12,1
1682,17,1
1682,19,0
1682,24,0
1682,25,1
1683,1,1
1683,4,0
1683,5,0
1683,7,0
1683,9,0
1683,13,1
1683,14,1
1683,15,0
1683,16,0
1683,20,1
1683,21,0
1683,25,0
1684,3,0
1684,4,0
1684,6,1
1684,8,0
1684,9,0
1684,10,1
1684,11,0
1684,14,0
1684,15,1
1684,18,0
1684,22,0
1684,25,0
1685,1,1
1685,3,1
1685,4,1
1685,6,0
1685,8,0
1685,9,0
1685,10,1
1685,11,0
1685,15,0
1685,18,0
1685,21,1
1685,23,0
1685,24,0
1686,1,0
1686,4,0
1686,7,1
1686,8,1
1686,10,0
1686,13,0
1686,14,0
1686,17,0
1686,18,0
1686,20,0
1686,24,1
1687,1,1
1687,2,0
1687,5,0
1687,6,0
1687,7,0
1687,9,0
1687,14,0
1687,15,1
1687,16,0
1687,17,1
1687,19,0
1687,23,1
1688,1,1
1688,2,0
1688,3,1
1688,4,1
1688,5,1
1688,6,1
1688,13,0
1688,14,0
1688,16,0
1688,21,0
1688,23,1
1688,24,0
1689,2,1
1689,4,0
1689,5,0
1689,7,0
1689,10,1
1689,11,0
1689,13,0
1689,14,0
1689,15,0
1689,17,0
1689,19,0
1689,22,0
1689,24,0
1689,25,0
1690,1,1
1690,3,0
1690,5,1
1690,6,0
1690,8,1
1690,9,1
1690,10,1
1690,11,1
1690,12,1
1690,20,1
1690,22,1
1690,23,0
1690,24,0
1690,25,0
1691,1,1
1691,2,0
1691,3,0
1691,5,1
1691,7,0
1691,10,1
1691,11,0
1691,13,0
1691,21,0
1691,23,0
1692,2,1
1692,5,0
1692,6,1
1692,7,0
1692,9,1
1692,10,1
1692,11,1
1692,13,1
1692,14,0
1692,16,1
1692,20,0
1692,21,1
1692,24,0
1693,3,0
1693,5,1
1693,11,1
1693,14,1
1693,16,0
1693,17,0
1693,18,0
1693,22,0
1693,23,0
1693,25,1
1694,2,0
1694,4,1
1694,6,1
1694,9,0
1694,10,1
1694,12,0
1694,13,0
1694,14,1
1694,16,0
1694,17,0
1694,18,1
1694,19,0
1694,20,0
1694,21,0
1695,8,0
1695,10,0
1695,11,0
1695,12,0
1695,13,0
1695,15,0
1695,18,0
1695,20,1
1695,23,0
1695,24,0
1695,25,0
1696,1,0
1696,2,1
1696,4,1
1696,6,1
1696,7,0
1696,9,0
1696,10,0
1696,11,0
1696,14,0
1696,17,1
1696,18,0
1696,20,1
1696,23,0
1696,24,0
1697,4,1
1697,7,0
1697,8,1
1697,10,0
1697,11,0
1697,12,0
1697,14,1
1697,16,0
1697,18,1
1697,19,1
1697,20,0
1697,23,0
1697,24,0
1698,2,0
1698,3,0
1698,5,0
1698,6,0
1698,8,0
1698,11,0
1698,13,0
1698,18,0
1698,19,0
1698,20,0
1698,21,0
1698,23,0
1698,24,0
1698,25,0
1699,2,1
1699,4,1
1699,6,0
1699,10,0
1699,11,1
1699,12,1
1699,13,0
1699,15,0
1699,16,0
1699,17,1
1699,18,0
1699,21,0
1699,25,0
1700,1,1
1700,3,0
1700,4,0
1700,5,1
1700,6,1
1700,7,0
1700,8,0
1700,10,0
1700,13,1
1700,15,0
1700,16,0
1700,19,0
1700,20,0
1701,1,0
1701,3,1
1701,6,0
1701,7,0
1701,8,0
1701,9,0
1701,11,0
1701,12,0
1701,19,0
1701,20,0
1701,21,0
1701,24,0
1701,25,1
1702,2,0
1702,3,1
1702,8,1
1702,9,1
1702,11,1
1702,13,1
1702,14,1
1702,16,0
1702,18,0
1702,19,0
1702,21,0
1702,22,1
1702,24,0
1703,1,1
1703,3,1
1703,4,0
1703,5,1
1703,9,0
1703,12,0
1703,13,1
1703,14,1
1703,15,1
1703,16,0
1703,22,0
1703,24,0
1703,25,0
1704,1,0
1704,2,0
1704,4,0
1704,6,0
1704,7,0
1704,10,1
1704,11,1
1704,14,0
1704,15,0
1704,19,0
1704,20,0
1705,2,0
1705,4,1
1705,6,0
1705,7,1
1705,11,0
1705,12,0
1705,14,0
1705,15,0
1705,16,1
1705,22,1
1706,6,0
1706,7,1
1706,8,1
1706,10,0
1706,11,0
1706,12,0
1706,16,0
1706,18,1
1706,20,0
1706,22,0
1706,23,0
1706,24,0
1707,4,1
1707,6,1
1707,8,0
1707,10,0
1707,12,0
1707,14,0
1707,15,0
1707,17,1
1707,21,0
1707,23,1
1708,2,1
1708,5,1
1708,6,1
1708,9,1
1708,11,1
1708,13,0
1708,14,0
1708,15,0
1708,16,0
1708,18,0
1708,19,0
1708,20,0
1708,23,1
1709,1,0
1709,2,0
1709,7,1
1709,8,0
1709,14,1
1709,16,0
1709,17,0
1709,18,0
1709,19,0
1709,21,0
1709,22,0
1710,1,1
1710,2,0
1710,3,1
1710,4,0
1710,5,1
1710,7,0
1710,10,0
1710,11,0
1710,17,0
1710,18,1
1710,19,0
1710,23,0
1710,24,0
1710,25,0
1711,1,1
1711,3,0
1711,4,0
1711,8,1
1711,11,1
1711,13,0
1711,14,0
1711,16,0
1711,19,0
1711,23,0
1711,25,0
1712,3,0
1712,4,0
1712,5,1
1712,7,0
1712,8,1
1712,10,0
1712,12,1
1712,16,1
1712,17,0
1712,19,0
1712,20,1
1712,23,0
1712,25,0
1713,1,0
1713,3,0
1713,4,0
1713,5,1
1713,7,0
1713,13,0
1713,14,1
1713,15,0
1713,20,1
1713,22,0
1713,23,1
1714,1,0
1714,4,0
1714,5,0
1714,7,0
1714,14,0
1714,15,0
1714,16,0
1714,19,0
1714,21,0
1714,22,0
1714,23,0
1715,3,1
1715,5,0
1715,7,1
1715,8,1
1715,10,1
1715,12,0
1715,13,0
1715,15,1
1715,17,0
1715,18,0
1715,19,1
1715,20,0
1715,23,0
1716,1,0
1716,9,1
1716,10,1
1716,13,0
1716,14,0
1716,15,0
1716,16,0
1716,17,0
1716,18,1
1716,21,1
1716,24,1
1717,1,0
1717,3,1
1717,4,1
1717,5,1
1717,12,0
1717,13,0
1717,18,0
1717,19,1
1717,21,0
1717,22,0
1717,23,1
1717,24,0
1718,4,1
1718,5,1
1718,7,1
1718,13,0
1718,15,0
1718,16,1
1718,17,0
1718,18,1
1718,19,1
1718,20,0
1718,23,0
1718,25,0
1719,2,1
1719,5,0
1719,12,0
1719,13,0
1719,14,1
1719,19,1
1719,20,0
1719,21,0
1719,22,1
1719,23,1
1719,24,0
1720,1,0
1720,3,1
1720,5,1
1720,6,1
1720,7,0
1720,11,0
1720,12,0
1720,13,0
1720,18,0
1720,19,1
1720,21,0
1720,22,0
1720,23,1
1720,24,0
1721,2,1
1721,4,0
1721,5,0
1721,6,1
1721,8,1
1721,9,1
1721,10,0
1721,16,1
1721,17,1
1721,18,0
1721,21,0
1721,22,0
1721,25,0
1722,2,0
1722,4,1
1722,5,1
1722,8,0
1722,11,0
1722,12,0
1722,14,0
1722,19,0
1722,20,0
1722,21,1
1722,22,0
1722,23,0
1723,1,0
1723,2,1
1723,3,0
1723,4,0
1723,5,0
1723,6,1
1723,10,0
1723,12,1
1723,15,0
1723,16,0
1723,17,1
1723,18,1
1723,22,0
1723,25,0
1724,1,1
1724,2,1
1724,5,1
1724,6,1
1724,7,0
1724,11,1
1724,12,0
1724,20,0
1724,21,0
1724,22,0
1724,24,0
1725,3,1
1725,4,1
1725,7,1
1725,8,0
1725,9,1
1725,11,0
1725,12,0
1725,13,0
1725,15,0
1725,16,0
1725,19,0
1725,21,0
1725,22,0
1725,23,1
1726,1,0
1726,6,1
1726,7,1
1726,13,0
1726,15,0
1726,16,0
1726,22,0
1726,23,0
1726,24,0
1726,25,1
1727,2,0
1727,3,1
1727,6,1
1727,8,0
1727,10,0
1727,11,1
1727,12,0
1727,15,0
1727,16,0
1727,18,0
1727,23,0
1727,25,0
1728,3,1
1728,4,1
1728,7,0
1728,9,1
1728,10,0
1728,13,0
1728,14,1
1728,15,1
1728,17,0
1728,22,0
1728,25,0
1729,4,0
1729,5,1
1729,9,0
1729,10,1
1729,13,0
1729,14,0
1729,15,1
1729,16,0
1729,17,1
1729,18,0
1729,19,0
1729,21,0
1729,24,1
1730,1,0
1730,2,1
1730,3,0
1730,8,1
1730,9,0
1730,10,1
1730,16,0
1730,18,1
1730,19,0
1730,20,0
1730,25,0
1731,1,1
1731,2,0
1731,3,1
1731,5,1
1731,6,0
1731,9,0
1731,12,0
1731,13,0
1731,14,1
1731,15,1
1731,16,0
1731,19,0
1731,23,0
1732,1,0
1732,4,1
1732,7,0
1732,8,0
1732,12,0
1732,17,1
1732,18,1
1732,20,1
1732,21,1
1732,24,0
1732,25,0
1733,3,0
1733,5,1
1733,7,0
1733,12,1
1733,13,0
1733,14,0
1733,15,0
1733,16,0
1733,17,1
1733,18,0
1733,20,1
1733,21,0
1733,22,0
1733,25,0
1734,2,1
1734,4,1
1734,5,0
1734,6,1
1734,11,0
1734,12,0
1734,13,0
1734,14,0
1734,16,0
1734,19,1
1734,20,1
1734,21,0
1734,24,0
1734,25,0
1735,2,1
1735,3,0
1735,5,1
1735,7,0
1735,9,0
1735,12,1
1735,13,1
1735,14,0
1735,15,0
1735,16,0
1735,20,1
1735,22,1
1735,23,0
1735,24,0
1736,3,1
1736,4,1
1736,11,1
1736,12,1
1736,14,0
1736,15,0
1736,17,0
1736,21,0
1736,22,0
1736,25,0
1737,3,0
1737,5,1
1737,6,1
1737,10,0
1737,13,0
1737,14,0
1737,16,0
1737,18,1
1737,19,1
1737,21,0
1737,22,1
1737,24,0
1737,25,0
1738,2,1
1738,3,0
1738,4,0
1738,6,0
1738,9,1
1738,12,0
1738,13,0
1738,14,1
1738,15,1
1738,18,1
1738,19,0
1738,22,0
1738,23,0
1738,25,0
1739,1,1
1739,3,1
1739,7,0
1739,11,0
1739,12,0
1739,13,0
1739,16,0
1739,18,0
1739,20,0
1739,24,0
1740,1,1
1740,3,0
1740,7,0
1740,10,1
1740,11,0
1740,12,0
1740,17,0
1740,18,0
1740,19,0
1740,21,0
1740,22,0
1740,23,0
1740,25,0
1741,2,1
1741,3,0
1741,5,0
1741,7,1
1741,11,1
1741,12,1
1741,13,0
1741,14,1
1741,19,1
1741,23,1
1741,24,0
1742,1,0
1742,2,1
1742,3,1
1742,5,0
1742,7,1
1742,9,1
1742,11,0
1742,17,1
1742,20,1
1742,21,1
1743,3,0
1743,4,0
1743,7,1
1743,9,1
1743,13,0
1743,14,1
1743,19,0
1743,20,0
1743,21,0
1743,22,1
1743,23,0
1743,25,0
1744,1,0
1744,4,1
1744,7,0
1744,9,0
1744,10,1
1744,11,0
1744,13,0
1744,20,0
1744,21,1
1744,22,0
1745,2,1
1745,6,0
1745,7,1
1745,8,0
1745,10,1
1745,11,0
1745,12,0
1745,15,0
1745,19,0
1745,25,0
1746,1,1
1746,3,0
1746,4,0
1746,5,1
1746,9,0
1746,10,1
1746,14,0
1746,15,0
1746,17,1
1746,18,1
1746,20,1
1746,21,0
1746,22,0
1747,1,0
1747,2,1
1747,5,0
1747,6,1
1747,12,0
1747,14,0
1747,19,1
1747,22,1
1747,23,0
1747,24,0
1747,25,0
1748,1,1
1748,3,1
1748,4,1
1748,7,0
1748,10,1
1748,11,0
1748,14,0
1748,15,0
1748,16,1
1748,17,0
1748,23,1
1748,25,0
1749,1,0
1749,2,0
1749,4,1
1749,7,1
1749,8,0
1749,11,0
1749,12,1
1749,14,1
1749,15,0
1749,18,0
1749,19,0
1749,23,1
1749,24,0
1749,25,0
1750,3,0
1750,6,1
1750,7,1
1750,9,0
1750,10,0
1750,11,0
1750,14,1
1750,15,1
1750,16,0
1750,17,0
1750,20,1
1750,21,0
1750,22,1
1750,25,0
1751,1,1
1751,3,0
1751,4,1
1751,7,1
1751,10,0
1751,11,1
1751,12,1
1751,15,0
1751,21,0
1751,25,0
1752,2,0
1752,6,1
1752,7,1
1752,11,0
1752,12,0
1752,14,1
1752,15,0
1752,17,1
1752,18,0
1752,19,1
1752,20,0
1752,21,0
1752,25,0
1753,5,0
1753,6,0
1753,9,0
1753,10,0
1753,13,0
1753,14,0
1753,15,1
1753,16,0
1753,17,1
1753,18,0
1753,19,1
1753,21,1
1753,25,1
1754,3,1
1754,5,0
1754,7,0
1754,8,1
1754,11,1
1754,12,0
1754,14,0
1754,15,0
1754,16,1
1754,17,1
1754,21,0
1754,23,1
1754,24,0
1754,25,0
1755,7,1
1755,8,1
1755,10,1
1755,13,0
1755,15,1
1755,17,0
1755,18,1
1755,19,1
1755,20,0
1755,21,0
1755,23,1
1755,25,0
1756,3,0
1756,8,0
1756,9,0
1756,14,0
1756,15,1
1756,16,1
1756,18,0
1756,20,0
1756,21,1
1756,24,0
1756,25,0
1757,1,0
1757,5,1
1757,11,0
1757,12,0
1757,15,0
1757,16,0
1757,17,0
1757,19,0
1757,20,0
1757,21,0
1757,24,0
1757,25,0
1758,2,0
1758,6,0
1758,7,0
1758,8,0
1758,9,0
1758,13,0
1758,15,1
1758,16,0
1758,18,0
1758,19,0
1758,24,0
1759,1,0
1759,2,1
1759,3,1
1759,4,0
1759,7,0
1759,8,0
1759,10,1
1759,12,0
1759,13,0
1759,14,0
1759,16,1
1759,17,0
1759,23,0
1759,24,0
1760,1,0
1760,2,1
1760,5,0
1760,8,1
1760,11,0
1760,13,0
1760,17,0
1760,19,0
1760,21,0
1760,22,0
1760,25,1
1761,1,0
1761,3,1
1761,4,0
1761,6,0
1761,10,1
1761,12,1
1761,18,1
1761,19,0
1761,20,0
1761,21,0
1761,22,0
1761,23,1
1761,24,0
1762,3,1
1762,5,0
1762,7,0
1762,9,1
1762,10,1
1762,12,0
1762,13,1
1762,18,0
1762,21,1
1762,22,1
1763,4,1
1763,8,0
1763,13,0
1763,14,1
1763,15,1
1763,18,1
1763,19,0
1763,21,0
1763,22,1
1763,24,1
1764,2,0
1764,3,1
1764,6,0
1764,7,0
1764,8,1
1764,9,0
1764,11,1
1764,13,0
1764,14,0
1764,17,0
1764,20,0
1764,21,0
1764,24,0
1764,25,0
1765,1,0
1765,3,0
1765,4,0
1765,7,0
1765,8,1
1765,10,1
1765,13,0
1765,14,0
1765,15,1
1765,16,0
1765,17,0
1765,18,0
1765,19,1
1766,1,0
1766,3,0
1766,5,0
1766,7,0
1766,8,0
1766,9,1
1766,10,0
1766,14,0
1766,17,1
1766,20,1
1766,22,0
1766,24,1
1767,1,1
1767,3,0
1767,6,0
1767,7,0
1767,11,1
1767,12,0
1767,14,0
1767,15,1
1767,16,0
1767,17,1
1767,19,0
1767,23,1
1767,25,0
1768,3,0
1768,8,0
1768,10,1
1768,11,1
1768,14,0
1768,17,0
1768,18,0
1768,20,1
1768,22,0
1768,25,0
1769,2,1
1769,4,1
1769,6,0
1769,8,0
1769,9,0
1769,10,0
1769,11,0
1769,15,0
1769,19,0
1769,24,0
1770,1,0
1770,3,0
1770,5,1
1770,8,0
1770,10,0
1770,12,0
1770,13,0
1770,16,0
1770,19,0
1770,20,0
1770,21,0
1770,23,1
1770,24,0
1771,1,1
1771,3,0
1771,5,0
1771,8,0
1771,9,0
1771,10,1
1771,11,1
1771,13,0
1771,15,0
1771,18,0
1771,19,0
1771,23,0
1771,24,0
1772,2,0
1772,4,1
1772,6,1
1772,8,0
1772,10,0
1772,13,0
1772,20,0
1772,23,1
1772,24,0
1772,25,0
1773,6,0
1773,9,0
1773,10,0
1773,13,0
1773,15,0
1773,16,1
1773,17,1
1773,18,0
1773,19,0
1773,20,0
1773,22,1
1773,24,0
1774,1,1
1774,3,0
1774,5,0
1774,6,0
1774,8,0
1774,9,0
1774,10,1
1774,11,1
1774,12,0
1774,14,0
1774,15,0
1774,18,0
1774,23,0
1774,24,0
1775,2,1
1775,3,0
1775,4,1
1775,5,0
1775,7,1
1775,8,1
1775,10,1
1775,11,1
1775,12,0
1775,14,0
1775,17,0
1775,20,1
1775,22,0
1775,25,1
1776,3,0
1776,5,0
1776,6,0
1776,8,1
1776,9,0
1776,10,0
1776,11,1
1776,12,0
1776,13,0
1776,20,0
1776,21,0
1776,24,1
1776,25,0
1777,2,1
1777,3,1
1777,5,0
1777,6,0
1777,9,0
1777,10,0
1777,11,1
1777,12,0
1777,16,1
1777,19,0
1777,20,1
1777,21,0
1777,22,0
1777,24,0
1778,1,1
1778,3,1
1778,8,0
1778,11,0
1778,13,0
1778,16,0
1778,18,0
1778,19,0
1778,21,0
1778,23,1
1779,1,0
1779,2,0
1779,6,0
1779,7,0
1779,9,0
1779,10,1
1779,13,0
1779,15,0
1779,17,0
1779,25,0
1780,2,0
1780,4,0
1780,7,0
1780,12,1
1780,13,0
1780,15,0
1780,17,1
1780,18,0
1780,19,0
1780,20,0
1780,21,0
1780,22,0
1780,24,0
1781,2,1
1781,3,1
1781,7,1
1781,9,1
1781,10,0
1781,12,0
1781,14,1
1781,16,0
1781,17,1
1781,20,1
1781,22,0
1781,23,0
1781,24,0
1782,4,0
1782,5,1
1782,7,0
1782,9,1
1782,10,1
1782,11,1
1782,12,1
1782,14,0
1782,18,1
1782,19,1
1782,20,1
1782,22,0
1782,23,1
1783,3,1
1783,5,0
1783,7,1
1783,13,0
1783,15,0
1783,17,1
1783,19,1
1783,20,0
1783,21,1
1783,22,0
1783,23,0
1783,24,0
1784,3,0
1784,5,1
1784,6,0
1784,11,1
1784,12,1
1784,13,0
1784,14,1
1784,15,0
1784,16,0
1784,17,1
1784,19,1
1784,22,0
1784,23,0
1784,24,1
1785,4,0
1785,6,0
1785,7,1
1785,8,1
1785,9,0
1785,10,0
1785,13,0
1785,14,1
1785,15,1
1785,17,1
1785,18,1
1785,23,1
1785,25,1
1786,1,0
1786,3,0
1786,4,1
1786,5,0
1786,8,1
1786,10,0
1786,11,0
1786,16,0
1786,20,0
1786,22,1
1786,23,0
1787,1,1
1787,6,0
1787,7,0
1787,9,0
1787,10,0
1787,12,0
1787,13,1
1787,17,0
1787,19,0
1787,23,0
1787,24,1
1788,1,0
1788,3,1
1788,4,1
1788,5,0
1788,9,0
1788,12,0
1788,14,0
1788,21,0
1788,22,0
1788,23,0
1789,1,0
1789,2,0
1789,3,0
1789,6,1
1789,9,0
1789,10,1
1789,11,1
1789,12,0
1789,13,0
1789,15,1
1789,16,1
1789,18,1
1789,19,0
1789,21,0
1790,1,0
1790,5,1
1790,6,0
1790,8,0
1790,9,0
1790,10,0
1790,11,0
1790,12,1
1790,15,0
1790,19,0
1790,23,1
1790,24,1
1790,25,0
1791,3,0
1791,5,0
1791,8,0
1791,10,1
1791,11,1
1791,12,0
1791,15,0
1791,16,0
1791,17,0
1791,18,0
1791,25,0
1792,1,0
1792,5,1
1792,7,0
1792,8,0
1792,9,0
1792,11,0
1792,12,1
1792,13,1
1792,15,0
1792,16,0
1792,18,0
1792,19,0
1792,21,0
1792,25,0
1793,1,1
1793,5,1
1793,6,0
1793,9,0
1793,15,0
1793,19,0
1793,20,0
1793,22,0
1793,23,0
1793,24,0
1794,2,0
1794,3,0
1794,5,1
1794,6,1
1794,8,0
1794,10,0
1794,11,1
1794,14,0
1794,15,0
1794,18,1
1794,20,0
1794,21,0
1795,1,0
1795,2,0
1795,3,0
1795,4,0
1795,9,0
1795,10,0
1795,13,0
1795,15,0
1795,16,0
1795,17,1
1795,18,0
1795,20,0
1795,22,0
1795,24,0
1796,3,1
1796,4,0
1796,9,0
1796,10,1
1796,11,0
1796,13,0
1796,14,1
1796,17,1
1796,18,0
1796,19,0
1796,20,0
1796,23,0
1796,24,1
1796,25,0
1797,1,1
1797,5,0
1797,7,1
1797,8,0
1797,9,1
1797,12,0
1797,14,0
1797,15,0
1797,21,0
1797,22,1
1797,23,0
1797,25,0
1798,2,0
1798,3,1
1798,4,0
1798,5,0
1798,6,1
1798,7,1
1798,12,0
1798,14,0
1798,17,1
1798,19,0
1798,20,0
1798,21,0
1798,22,1
1798,23,1
1799,1,0
1799,2,1
1799,6,0
1799,9,0
1799,13,0
1799,14,0
1799,17,0
1799,20,0
1799,21,1
1799,22,0
1800,3,0
1800,5,0
1800,7,0
1800,11,1
1800,15,0
1800,16,1
1800,17,0
1800,21,0
1800,24,0
1800,25,0
1801,2,1
1801,3,0
1801,4,0
1801,5,0
1801,7,1
1801,8,0
1801,13,0
1801,16,1
1801,18,0
1801,19,1
1801,21,0
1801,22,0
1802,2,0
1802,3,0
1802,4,0
1802,5,1
1802,6,1
1802,9,1
1802,11,0
1802,15,0
1802,16,0
1802,18,1
1802,19,1
1802,22,0
1802,24,0
1803,1,0
1803,7,1
1803,8,0
1803,9,0
1803,10,1
1803,11,0
1803,12,0
1803,18,0
1803,21,1
1803,22,0
1803,24,0
1804,1,0
1804,4,0
1804,5,0
1804,9,1
1804,10,0
1804,12,1
1804,16,0
1804,17,1
1804,18,0
1804,19,0
1804,21,0
1804,22,1
1804,23,1
1805,1,1
1805,2,0
1805,3,1
1805,4,0
1805,8,0
1805,9,0
1805,11,0
1805,13,0
1805,15,0
1805,17,0
1805,18,0
1805,21,0
1805,22,0
1805,23,0
1806,5,1
1806,6,0
1806,7,0
1806,9,0
1806,15,0
1806,17,0
1806,18,1
1806,19,0
1806,20,1
1806,21,0
1806,22,0
1807,1,1
1807,4,0
1807,5,0
1807,6,0
1807,9,0
1807,14,1
1807,16,0
1807,18,1
1807,19,0
1807,20,1
1807,21,0
1807,22,0
1808,1,1
1808,3,0
1808,4,0
1808,8,1
1808,9,0
1808,10,1
1808,12,1
1808,13,0
1808,15,0
1808,19,0
1808,20,1
1808,22,0
1809,1,0
1809,2,0
1809,3,0
1809,5,0
1809,9,1
1809,10,0
1809,14,0
1809,17,0
1809,18,0
1809,19,1
1809,25,1
1810,1,0
1810,4,1
1810,5,1
1810,8,0
1810,10,0
1810,11,0
1810,16,0
1810,18,0
1810,19,1
1810,25,0
1811,4,1
1811,5,1
1811,6,0
1811,11,1
1811,12,0
1811,13,0
1811,14,0
1811,15,1
1811,20,0
1811,23,0
1811,24,1
1812,1,1
1812,4,1
1812,5,1
1812,6,0
1812,7,0
1812,8,0
1812,10,0
1812,12,0
1812,14,1
1812,17,1
1812,19,0
1812,21,0
1812,24,1
1812,25,0
1813,1,0
1813,2,0
1813,3,0
1813,5,0
1813,12,0
1813,13,0
1813,14,0
1813,20,0
1813,24,0
1813,25,0
1814,1,0
1814,2,0
1814,6,0
1814,7,0
1814,9,1
1814,10,0
1814,14,1
1814,15,0
1814,16,0
1814,17,0
1814,18,0
1814,23,1
1815,1,1
1815,8,0
1815,9,1
1815,11,1
1815,16,0
1815,17,0
1815,18,0
1815,21,0
1815,22,0
1815,23,1
1815,25,0
1816,2,0
1816,6,0
1816,7,0
1816,8,0
1816,9,1
1816,12,1
1816,13,0
1816,14,0
1816,16,0
1816,18,1
1816,19,0
1816,21,0
1816,23,0
1817,2,0
1817,3,1
1817,6,0
1817,7,1
1817,9,1
1817,11,1
1817,12,0
1817,13,0
1817,14,1
1817,20,0
1817,21,0
1817,22,1
1817,23,0
1818,1,0
1818,4,1
1818,5,0
1818,9,0
1818,10,0
1818,12,0
1818,14,0
1818,15,1
1818,16,0
1818,17,1
1818,18,0
1818,20,0
1818,22,1
1818,24,0
1819,1,1
1819,3,1
1819,5,0
1819,6,0
1819,7,0
1819,10,1
1819,15,0
1819,16,0
1819,17,1
1819,19,0
1819,20,0
1819,23,0
1819,24,0
1820,3,1
1820,4,1
1820,6,0
1820,7,0
1820,14,0
1820,16,0
1820,20,1
1820,22,0
1820,23,0
1820,24,1
1820,25,0
1821,1,1
1821,3,0
1821,5,1
1821,8,0
1821,12,0
1821,15,0
1821,16,0
1821,17,0
1821,18,0
1821,22,0
1821,24,0
1822,1,1
1822,3,0
1822,4,1
1822,6,0
1822,7,0
1822,10,1
1822,14,1
1822,15,0
1822,16,0
1822,18,0
1822,20,0
1822,23,1
1822,25,1
1823,1,1
1823,5,0
1823,6,0
1823,8,0
1823,9,0
1823,10,0
1823,13,0
1823,15,0
1823,18,0
1823,19,0
1823,22,0
1824,1,1
1824,2,0
1824,3,0
1824,5,1
1824,9,0
1824,12,1
1824,14,0
1824,15,1
1824,17,1
1824,18,0
1824,19,0
1824,21,0
1824,23,1
1824,25,0
1825,2,1
1825,3,0
1825,5,1
1825,8,1
1825,11,1
1825,12,0
1825,14,0
1825,17,0
1825,19,0
1825,20,0
1826,1,0
1826,2,1
1826,3,1
1826,5,1
1826,7,0
1826,10,0
1826,11,0
1826,12,0
1826,13,1
1826,18,0
1826,19,1
1826,20,0
1826,21,0
1826,24,0
1827,1,1
1827,2,0
1827,3,1
1827,4,0
1827,9,0
1827,10,1
1827,11,0
1827,12,1
1827,13,0
1827,15,1
1827,16,0
1827,17,1
1827,23,0
1827,24,0
1828,1,0
1828,2,1
1828,3,0
1828,5,1
1828,12,0
1828,13,0
1828,14,1
1828,15,0
1828,16,0
1828,17,1
1828,21,0
1829,3,0
1829,4,1
1829,6,0
1829,7,1
1829,8,0
1829,10,1
1829,15,0
1829,19,0
1829,21,1
1829,22,0
1830,2,0
1830,3,0
1830,4,0
1830,11,0
1830,12,0
1830,15,0
1830,17,0
1830,20,1
1830,23,0
1830,24,1
1830,25,1
1831,1,1
1831,4,0
1831,6,1
1831,9,0
1831,10,0
1831,12,0
1831,14,0
1831,15,0
1831,16,0
1831,22,0
1831,23,1
1831,24,0
1832,1,0
1832,2,1
1832,6,1
1832,13,0
1832,14,0
1832,15,0
1832,16,1
1832,17,0
1832,20,0
1832,21,0
1832,25,0
1833,6,0
1833,7,0
1833,10,0
1833,14,0
1833,16,0
1833,17,0
1833,18,1
1833,19,0
1833,21,0
1833,24,0
1833,25,1
1834,3,0
1834,7,1
1834,8,1
1834,10,1
1834,12,0
1834,16,1
1834,19,0
1834,20,0
1834,21,1
1834,22,1
1834,24,0
1835,3,0
1835,9,0
1835,12,0
1835,14,0
1835,16,1
1835,17,0
1835,18,0
1835,19,0
1835,22,1
1835,25,0
1836,2,1
1836,4,1
1836,6,0
1836,7,1
1836,9,1
1836,10,1
1836,12,1
1836,13,1
1836,19,1
1836,21,1
1836,22,1
1837,4,0
1837,5,1
1837,6,1
1837,7,0
1837,8,0
1837,14,1
1837,15,0
1837,18,1
1837,21,0
1837,24,1
1838,5,1
1838,6,1
1838,7,0
1838,11,0
1838,14,0
1838,15,0
1838,16,1
1838,19,0
1838,20,0
1838,22,1
1838,23,0
1838,24,0
1838,25,0
1839,2,1
1839,3,0
1839,4,1
1839,7,0
1839,10,1
1839,11,0
1839,12,1
1839,13,0
1839,17,0
1839,18,0
1839,19,0
1839,20,0
1840,2,1
1840,7,0
1840,8,0
1840,11,1
1840,13,0
1840,20,0
1840,21,0
1840,23,0
1840,24,1
1840,25,1
1841,5,1
1841,6,0
1841,7,0
1841,8,1
1841,9,1
1841,12,0
1841,13,1
1841,14,0
1841,18,1
1841,21,0
1841,22,0
1841,24,1
1841,25,0
1842,3,0
1842,4,0
1842,9,0
1842,11,0
1842,12,1
1842,13,1
1842,14,1
1842,20,1
1842,21,1
1842,25,1
1843,1,1
1843,5,0
1843,7,0
1843,8,1
1843,9,0
1843,13,0
1843,15,0
1843,16,0
1843,22,1
1843,23,0
1844,1,0
1844,2,1
1844,3,0
1844,4,0
1844,5,1
1844,8,1
1844,12,1
1844,13,0
1844,15,0
1844,16,0
1844,20,1
1844,25,0
1845,2,1
1845,3,1
1845,5,0
1845,6,1
1845,7,1
1845,8,0
1845,9,0
1845,12,0
1845,15,1
1845,17,1
1845,18,1
1845,20,1
1845,22,0
1845,23,0
1846,2,0
1846,3,1
1846,4,0
1846,5,0
1846,6,1
1846,7,1
1846,8,0
1846,9,0
1846,11,1
1846,14,0
1846,16,0
1846,18,1
1846,21,0
1846,22,0
1847,1,1
1847,5,1
1847,9,1
1847,11,0
1847,17,0
1847,18,0
1847,19,0
1847,20,0
1847,22,0
1847,25,1
1848,3,1
1848,5,1
1848,8,0
1848,9,0
1848,10,0
1848,15,0
1848,16,0
1848,18,1
1848,21,0
1848,22,0
1848,25,0
1849,1,1
1849,2,1
1849,4,1
1849,6,0
1849,7,1
1849,11,1
1849,12,0
1849,13,1
1849,14,1
1849,17,0
1849,20,0
1849,22,1
1849,23,1
1850,1,1
1850,4,0
1850,6,0
1850,7,0
1850,8,1
1850,9,1
1850,15,1
1850,16,0
1850,17,0
1850,19,0
1850,25,0
1851,4,0
1851,7,0
1851,11,1
1851,12,0
1851,14,1
1851,17,0
1851,19,0
1851,20,1
1851,21,1
1851,24,0
1851,25,0
1852,2,0
1852,3,1
1852,4,1
1852,10,1
1852,12,0
1852,16,0
1852,17,0
1852,18,0
1852,21,0
1852,25,0
1853,2,1
1853,4,0
1853,5,0
1853,12,0
1853,14,1
1853,17,0
1853,20,0
1853,21,0
1853,22,0
1853,25,0
1854,1,1
1854,2,1
1854,7,0
1854,9,0
1854,10,1
1854,12,1
1854,13,1
1854,14,0
1854,19,0
1854,20,1
1855,2,0
1855,4,1
1855,5,1
1855,6,1
1855,7,1
1855,11,0
1855,16,0
1855,17,1
1855,20,0
1855,21,1
1856,3,0
1856,7,0
1856,8,0
1856,12,0
1856,13,0
1856,14,0
1856,15,0
1856,18,0
1856,19,0
1856,20,0
1856,21,0
1856,22,1
1856,23,0
1856,25,0
1857,6,0
1857,8,0
1857,9,0
1857,10,0
1857,11,0
1857,13,1
1857,14,0
1857,17,1
1857,18,0
1857,24,0
1858,1,0
1858,2,0
1858,4,1
1858,5,0
1858,9,0
1858,10,1
1858,12,0
1858,13,1
1858,14,0
1858,15,0
1858,20,0
1858,21,1
1858,23,0
1858,24,0
1859,1,0
1859,3,1
1859,4,1
1859,5,0
1859,8,1
1859,10,0
1859,11,1
1859,13,0
1859,14,1
1859,18,1
1859,19,0
1859,20,0
1859,23,1
1859,24,0
1860,1,1
1860,3,1
1860,7,1
1860,11,1
1860,12,0
1860,16,0
1860,17,1
1860,23,0
1860,24,1
1860,25,1
1861,2,1
1861,9,0
1861,10,1
1861,12,0
1861,14,0
1861,16,1
1861,18,1
1861,19,1
1861,21,0
1861,22,0
1861,23,0
1861,25,1
1862,3,1
1862,4,1
1862,6,1
1862,7,0
1862,8,0
1862,9,0
1862,12,0
1862,14,1
1862,16,0
1862,17,1
1862,19,0
1862,21,0
1862,23,0
1863,1,0
1863,7,0
1863,8,0
1863,9,1
1863,11,1
1863,12,1
1863,13,1
1863,16,0
1863,18,0
1863,22,0
1863,24,0
1864,6,0
1864,7,0
1864,8,1
1864,9,1
1864,12,0
1864,13,0
1864,15,0
1864,17,0
1864,19,1
1864,20,0
1864,22,0
1864,23,0
1864,24,0
1864,25,0
1865,1,0
1865,3,0
1865,4,0
1865,7,1
1865,9,1
1865,11,1
1865,12,0
1865,14,1
1865,15,0
1865,19,0
1865,20,0
1865,23,0
1865,24,0
1866,1,1
1866,2,0
1866,3,0
1866,4,1
1866,10,0
1866,16,1
1866,17,0
1866,19,0
1866,20,1
1866,21,0
1866,23,0
1866,25,0
1867,4,0
1867,5,1
1867,6,0
1867,10,0
1867,11,0
1867,13,1
1867,17,1
1867,21,0
1867,22,1
1867,23,0
1867,24,1
1868,1,0
1868,2,0
1868,5,0
1868,6,0
1868,9,0
1868,12,0
1868,14,1
1868,16,1
1868,19,0
1868,21,1
1868,24,1
1869,1,1
1869,3,1
1869,4,0
1869,5,1
1869,6,0
1869,7,1
1869,8,0
1869,9,1
1869,13,1
1869,16,0
1869,18,0
1869,21,1
1869,22,1
1869,25,0
1870,1,1
1870,4,1
1870,7,0
1870,8,0
1870,10,1
1870,11,0
1870,17,1
1870,18,1
1870,20,0
1870,21,0
1871,1,1
1871,2,1
1871,6,0
1871,7,0
1871,9,0
1871,11,1
1871,13,0
1871,17,0
1871,18,0
1871,21,0
1871,22,0
1871,23,0
1872,1,1
1872,5,1
1872,9,1
1872,10,1
1872,11,0
1872,14,0
1872,15,0
1872,16,0
1872,18,0
1872,19,0
1872,20,1
1872,21,0
1872,23,0
1872,25,0
1873,2,0
1873,3,1
1873,5,0
1873,7,1
1873,8,0
1873,10,0
1873,13,0
1873,14,1
1873,15,0
1873,19,1
1873,23,0
1873,25,0
1874,2,0
1874,4,0
1874,7,0
1874,9,1
1874,16,0
1874,18,1
1874,19,0
1874,20,0
1874,21,0
1874,23,1
1875,1,0
1875,3,1
1875,5,1
1875,6,0
1875,8,0
1875,12,0
1875,14,1
1875,17,1
1875,19,1
1875,25,0
1876,1,1
1876,2,0
1876,3,0
1876,5,0
1876,8,0
1876,9,0
1876,10,0
1876,12,0
1876,13,0
1876,14,0
1876,19,0
1876,22,1
1876,23,1
1876,24,0
1877,1,0
1877,3,0
1877,4,1
1877,8,0
1877,10,1
1877,11,1
1877,12,1
1877,16,0
1877,19,0
1877,23,1
1878,2,1
1878,3,0
1878,4,0
1878,5,1
1878,12,0
1878,15,0
1878,16,0
1878,18,0
1878,19,0
1878,21,1
1878,22,0
1878,24,0
1878,25,1
1879,1,0
1879,2,1
1879,8,0
1879,9,0
1879,10,1
1879,12,1
1879,13,0
1879,16,0
1879,18,0
1879,21,1
1879,24,0
1880,3,0
1880,6,0
1880,7,0
1880,8,0
1880,10,1
1880,11,0
1880,13,1
1880,15,0
1880,17,1
1880,18,0
1880,19,0
1880,21,1
1880,22,0
1880,24,0
1881,3,0
1881,5,1
1881,8,1
1881,9,0
1881,14,0
1881,17,0
1881,19,0
1881,20,0
1881,22,0
1881,23,1
1881,24,0
1881,25,1
1882,7,1
1882,8,1
1882,10,0
1882,11,1
1882,14,0
1882,15,0
1882,16,0
1882,19,1
1882,20,0
1882,22,0
1882,23,1
1882,24,1
1882,25,1
1883,1,0
1883,3,0
1883,6,0
1883,8,1
1883,9,0
1883,12,0
1883,13,0
1883,14,0
1883,16,0
1883,17,0
1883,18,1
1883,20,1
1883,21,0
1883,25,0
1884,1,0
1884,3,0
1884,4,1
1884,10,0
1884,11,0
1884,14,0
1884,16,0
1884,17,0
1884,18,0
1884,20,0
1885,3,0
1885,5,0
1885,8,0
1885,10,1
1885,12,1
1885,15,0
1885,16,1
1885,17,1
1885,22,0
1885,23,0
1886,1,0
1886,3,1
1886,4,0
1886,5,0
1886,7,0
1886,12,0
1886,13,0
1886,14,0
1886,19,1
1886,21,0
1887,1,0
1887,2,1
1887,3,0
1887,4,0
1887,5,0
1887,6,1
1887,9,0
1887,10,1
1887,14,0
1887,25,0
1888,2,0
1888,3,0
1888,4,0
1888,5,1
1888,6,1
1888,10,1
1888,13,0
1888,18,0
1888,19,1
1888,21,0
1888,22,0
1888,24,0
1889,2,1
1889,3,0
1889,7,1
1889,9,0
1889,10,0
1889,14,0
1889,16,0
1889,17,0
1889,18,0
1889,19,1
1889,20,0
1889,22,0
1889,24,0
1890,3,0
1890,7,1
1890,11,0
1890,12,1
1890,13,1
1890,15,0
1890,16,0
1890,18,0
1890,19,0
1890,21,0
1890,25,0
1891,2,1
1891,3,1
1891,4,1
1891,5,0
1891,7,0
1891,12,0
1891,14,0
1891,19,1
1891,20,0
1891,21,1
1891,22,0
1891,23,1
1892,1,0
1892,4,0
1892,6,0
1892,8,1
1892,9,1
1892,10,0
1892,12,0
1892,16,0
1892,17,0
1892,20,0
1892,22,0
1892,25,0
1893,1,0
1893,3,1
1893,4,1
1893,5,0
1893,6,0
1893,8,0
1893,11,0
1893,15,1
1893,19,0
1893,20,0
1893,23,0
1894,3,0
1894,5,1
1894,8,0
1894,10,0
1894,12,0
1894,13,1
1894,15,0
1894,16,1
1894,19,0
1894,21,1
1894,22,0
1895,1,1
1895,6,1
1895,9,1
1895,11,0
1895,13,1
1895,14,0
1895,17,0
1895,21,1
1895,22,1
1895,25,0
1896,4,0
1896,9,1
1896,11,1
1896,12,0
1896,15,0
1896,17,0
1896,18,0
1896,19,0
1896,20,0
1896,21,0
1896,23,0
1896,25,0
1897,1,0
1897,2,1
1897,4,1
1897,5,0
1897,6,0
1897,8,1
1897,11,0
1897,12,0
1897,16,0
1897,17,0
1897,18,0
1897,20,0
1897,22,0
1897,23,0
1898,1,0
1898,2,1
1898,4,1
1898,5,1
1898,9,1
1898,13,1
1898,18,1
1898,19,1
1898,22,0
1898,23,0
1898,25,1
1899,1,0
1899,2,0
1899,4,0
1899,7,0
1899,8,1
1899,11,0
1899,15,0
1899,16,0
1899,19,0
1899,22,0
1899,23,0
1900,1,0
1900,3,1
1900,6,1
1900,7,0
1900,8,1
1900,9,1
1900,11,1
1900,12,1
1900,13,0
1900,18,0
1900,19,1
1900,22,1
1900,24,0
1901,3,0
1901,5,0
1901,10,1
1901,11,0
1901,12,0
1901,14,0
1901,15,1
1901,17,0
1901,18,1
1901,19,1
1901,21,0
1901,23,0
1901,24,0
1901,25,1
1902,2,1
1902,3,1
1902,4,1
1902,9,1
1902,10,1
1902,11,1
1902,12,0
1902,13,1
1902,14,0
1902,17,1
1902,19,0
1902,20,1
1902,22,0
1902,23,0
1903,1,1
1903,2,0
1903,6,0
1903,12,1
1903,13,0
1903,15,1
1903,20,0
1903,21,0
1903,23,1
1903,24,0
1903,25,1
1904,1,0
1904,3,1
1904,4,1
1904,7,0
1904,9,0
1904,10,1
1904,14,1
1904,15,0
1904,16,0
1904,25,0
1905,1,0
1905,4,0
1905,6,0
1905,7,0
1905,10,0
1905,11,0
1905,12,0
1905,14,0
1905,16,1
1905,18,0
1905,22,0
1905,23,1
1905,24,0
1906,1,0
1906,2,0
1906,3,0
1906,8,0
1906,9,1
1906,10,1
1906,12,0
1906,13,0
1906,14,1
1906,16,0
1906,17,0
1906,18,0
1906,20,0
1906,25,0
1907,1,1
1907,2,0
1907,5,0
1907,7,0
1907,9,1
1907,10,0
1907,12,0
1907,16,1
1907,19,0
1907,21,0
1907,24,0
1908,2,0
1908,3,0
1908,4,0
1908,7,1
1908,9,0
1908,11,0
1908,12,0
1908,14,0
1908,15,1
1908,16,0
1908,17,0
1908,19,1
1908,20,0
1908,25,1
1909,1,1
1909,2,0
1909,4,1
1909,5,0
1909,6,1
1909,8,0
1909,10,1
1909,11,0
1909,12,1
1909,16,0
1909,18,0
1909,21,0
1909,25,0
1910,2,0
1910,5,0
1910,6,0
1910,7,1
1910,8,0
1910,10,0
1910,14,0
1910,15,1
1910,17,0
1910,18,0
1910,22,0
1910,23,1
1910,25,1
1911,1,0
1911,3,0
1911,5,1
1911,6,0
1911,10,1
1911,11,1
1911,15,1
1911,16,1
1911,18,0
1911,19,0
1911,23,0
1911,24,0
1912,1,1
1912,7,0
1912,10,1
1912,11,0
1912,12,0
1912,14,1
1912,15,1
1912,16,0
1912,17,0
1912,20,0
1912,25,1
1913,1,1
1913,3,1
1913,5,0
1913,6,1
1913,15,0
1913,17,1
1913,18,0
1913,19,1
1913,20,1
1913,21,1
1913,23,1
1913,24,0
1913,25,1
1914,1,1
1914,2,0
1914,4,1
1914,6,1
1914,14,1
1914,15,0
1914,17,1
1914,20,1
1914,21,0
1914,22,0
1914,23,0
1914,25,1
1915,1,1
1915,4,1
1915,5,0
1915,6,0
1915,11,0
1915,12,1
1915,15,0
1915,17,1
1915,18,0
1915,22,0
1915,24,0
1915,25,0
1916,2,1
1916,3,1
1916,4,0
1916,5,1
1916,6,0
1916,7,1
1916,8,0
1916,10,0
1916,12,0
1916,14,0
1916,15,0
1916,16,0
1916,19,0
1916,25,0
1917,3,1
1917,6,0
1917,7,1
1917,11,1
1917,12,1
1917,13,0
1917,14,1
1917,15,0
1917,17,1
1917,18,0
1917,19,0
1917,20,0
1917,22,0
1917,25,0
1918,2,0
1918,3,0
1918,4,0
1918,5,0
1918,6,1
1918,12,0
1918,15,0
1918,17,0
1918,18,0
1918,19,0
1918,23,0
1918,25,0
1919,1,1
1919,2,1
1919,3,0
1919,4,0
1919,6,0
1919,7,0
1919,8,0
1919,14,0
1919,17,1
1919,18,1
1919,19,0
1919,20,1
1919,21,0
1919,24,0
1920,1,0
1920,3,0
1920,5,0
1920,6,1
1920,9,0
1920,12,1
1920,14,1
1920,15,0
1920,17,0
1920,22,0
1920,23,0
1920,24,0
1920,25,0
1921,2,0
1921,3,1
1921,5,1
1921,6,1
1921,11,0
1921,12,0
1921,14,1
1921,20,0
1921,21,1
1921,25,0
1922,4,0
1922,5,0
1922,6,0
1922,9,1
1922,11,0
1922,12,0
1922,14,0
1922,15,1
1922,16,1
1922,17,0
1922,19,0
1922,21,0
1922,23,0
1923,3,1
1923,4,0
1923,5,1
1923,7,1
1923,9,0
1923,10,0
1923,12,0
1923,15,0
1923,16,0
1923,17,1
1923,18,0
1923,20,0
1924,1,0
1924,3,0
1924,4,1
1924,5,1
1924,6,1
1924,8,1
1924,11,1
1924,12,0
1924,14,1
1924,15,1
1924,16,0
1924,23,0
1925,1,1
1925,3,1
1925,4,1
1925,10,0
1925,11,0
1925,14,1
1925,16,1
1925,17,0
1925,18,0
1925,20,0
1925,23,1
1925,24,0
1925,25,0
1926,2,0
1926,4,1
1926,5,0
1926,8,1
1926,9,1
1926,14,0
1926,15,1
1926,17,1
1926,18,0
1926,19,1
1926,21,1
1926,22,0
1926,24,0
1926,25,0
1927,2,0
1927,3,1
1927,6,0
1927,9,0
1927,10,1
1927,12,0
1927,13,0
1927,16,0
1927,17,0
1927,18,0
1927,19,0
1927,20,0
1927,24,1
1927,25,0
1928,3,1
1928,4,1
1928,5,0
1928,7,1
1928,11,0
1928,14,0
1928,15,0
1928,16,0
1928,17,1
1928,18,0
1928,19,0
1928,25,1
1929,2,1
1929,5,1
1929,7,0
1929,8,0
1929,13,0
1929,14,1
1929,15,0
1929,18,0
1929,19,1
1929,20,0
1929,21,1
1930,2,0
1930,3,1
1930,4,0
1930,5,1
1930,6,1
1930,7,1
1930,11,1
1930,12,1
1930,14,1
1930,16,0
1930,18,1
1930,19,0
1930,22,0
1930,25,1
1931,1,0
1931,3,1
1931,6,0
1931,8,0
1931,9,0
1931,10,1
1931,14,0
1931,15,0
1931,18,0
1931,21,1
1931,22,0
1931,24,0
1931,25,0
1932,2,0
1932,3,0
1932,5,1
1932,9,1
1932,11,0
1932,13,0
1932,14,0
1932,15,0
1932,16,0
1932,17,0
1932,19,0
1932,20,1
1932,21,0
1932,25,1
1933,4,1
1933,5,1
1933,9,0
1933,10,0
1933,11,1
1933,13,0
1933,14,0
1933,15,0
1933,18,0
1933,20,0
1933,23,1
1933,24,0
1933,25,0
1934,5,1
1934,10,0
1934,13,0
1934,14,0
1934,16,0
1934,17,0
1934,18,0
1934,19,1
1934,20,1
1934,22,1
1934,23,0
1934,24,0
1935,1,1
1935,3,0
1935,4,1
1935,5,0
1935,6,1
1935,8,0
1935,9,1
1935,11,0
1935,14,0
1935,17,1
1935,20,1
1935,21,0
1935,23,0
1935,25,0
1936,2,1
1936,3,0
1936,7,1
1936,8,1
1936,9,0
1936,11,0
1936,13,0
1936,15,1
1936,16,0
1936,20,0
1936,22,0
1936,24,0
1936,25,0
1937,1,0
1937,6,1
1937,7,1
1937,8,0
1937,13,1
1937,14,0
1937,15,0
1937,18,0
1937,19,1
1937,20,0
1937,21,0
1937,24,1
1938,6,0
1938,7,1
1938,9,0
1938,11,0
1938,13,1
1938,14,1
1938,15,0
1938,16,0
1938,19,1
1938,22,0
1938,24,0
1939,1,0
1939,3,1
1939,4,0
1939,6,0
1939,10,1
1939,11,0
1939,13,0
1939,14,1
1939,15,1
1939,17,0
1939,18,0
1939,19,1
1939,21,0
1940,1,0
1940,2,0
1940,3,1
1940,4,1
1940,5,0
1940,10,1
1940,12,1
1940,19,0
1940,23,0
1940,24,0
1940,25,0
1941,3,0
1941,6,0
1941,7,1
1941,10,0
1941,11,0
1941,13,1
1941,15,1
1941,18,0
1941,22,0
1941,24,0
1941,25,0
1942,1,0
1942,2,1
1942,3,0
1942,7,1
1942,11,1
1942,12,1
1942,16,1
1942,17,0
1942,22,0
1942,25,0
1943,2,0
1943,4,1
1943,5,1
1943,8,1
1943,9,0
1943,11,1
1943,15,1
1943,16,1
1943,19,1
1943,20,0
1943,21,0
1943,22,1
1943,23,0
1943,25,0
1944,1,1
1944,2,1
1944,9,1
1944,10,1
1944,11,0
1944,12,0
1944,13,0
1944,14,0
1944,15,1
1944,16,0
1944,17,0
1944,22,0
1944,23,1
1945,1,1
1945,2,0
1945,3,0
1945,9,1
1945,11,1
1945,12,1
1945,13,1
1945,14,0
1945,19,0
1945,24,1
1945,25,0
1946,2,1
1946,7,0
1946,9,1
1946,13,1
1946,16,0
1946,17,0
1946,20,0
1946,23,0
1946,24,0
1946,25,0
1947,2,1
1947,3,0
1947,4,1
1947,5,0
1947,8,1
1947,9,0
1947,11,0
1947,17,1
1947,18,0
1947,19,0
1947,20,0
1947,23,0
1948,2,1
1948,3,0
1948,4,0
1948,6,1
1948,7,1
1948,8,1
1948,11,0
1948,16,0
1948,18,0
1948,20,1
1948,22,0
1948,23,0
1948,25,0
1949,1,0
1949,2,0
1949,3,1
1949,7,0
1949,9,1
1949,10,1
1949,17,0
1949,18,0
1949,19,1
1949,24,0
1949,25,0
1950,1,0
1950,7,0
1950,10,0
1950,11,1
1950,13,0
1950,14,0
1950,15,1
1950,16,1
1950,17,1
1950,18,0
1950,19,0
1950,21,0
1950,22,0
1950,23,1
1951,3,0
1951,5,0
1951,6,0
1951,8,0
1951,9,0
1951,11,0
1951,17,0
1951,18,0
1951,22,1
1951,25,0
1952,1,0
1952,4,0
1952,9,0
1952,10,0
1952,12,1
1952,13,1
1952,15,0
1952,16,1
1952,21,0
1952,22,0
1952,24,1
1953,1,0
1953,2,1
1953,4,0
1953,5,1
1953,7,0
1953,10,0
1953,12,0
1953,13,0
1953,15,1
1953,17,0
1953,19,0
1953,20,0
1953,22,0
1953,23,0
1954,5,1
1954,6,0
1954,8,0
1954,9,0
1954,10,0
1954,12,1
1954,16,0
1954,18,1
1954,23,0
1954,24,0
1954,25,0
1955,1,0
1955,2,1
1955,8,1
1955,11,1
1955,12,0
1955,13,0
1955,14,0
1955,16,0
1955,17,1
1955,19,0
1955,20,0
1955,21,0
1955,24,0
1956,2,1
1956,4,1
1956,5,1
1956,6,0
1956,8,1
1956,9,1
1956,11,0
1956,14,0
1956,15,0
1956,16,0
1956,17,1
1956,21,1
1956,23,0
1957,3,1
1957,4,1
1957,5,0
1957,6,1
1957,7,0
1957,13,0
1957,14,1
1957,15,0
1957,17,1
1957,18,0
1957,21,1
1957,22,0
1957,24,0
1958,4,0
1958,5,0
1958,7,0
1958,8,0
1958,11,0
1958,12,1
1958,14,1
1958,16,1
1958,20,0
1958,23,0
1959,1,0
1959,3,1
1959,7,0
1959,8,1
1959,9,0
1959,10,1
1959,12,0
1959,16,1
1959,17,0
1959,18,1
1959,22,0
1959,23,0
1959,24,1
1960,1,1
1960,2,1
1960,4,0
1960,5,0
1960,6,1
1960,8,0
1960,9,1
1960,14,0
1960,16,0
1960,19,0
1960,22,0
1960,23,1
1960,24,0
1960,25,0
1961,1,1
1961,2,0
1961,4,1
1961,6,1
1961,8,1
1961,10,1
1961,11,0
1961,14,0
1961,15,1
1961,17,1
1961,22,0
1962,3,0
1962,7,1
1962,9,1
1962,10,0
1962,12,0
1962,14,0
1962,17,0
1962,20,0
1962,21,0
1962,22,0
1962,23,0
1962,24,0
1963,1,1
1963,3,0
1963,4,1
1963,5,1
1963,6,0
1963,7,0
1963,8,0
1963,10,1
1963,11,0
1963,15,1
1963,17,0
1963,18,0
1963,22,0
1963,23,0
1964,1,1
1964,6,0
1964,7,1
1964,9,0
1964,11,1
1964,12,0
1964,13,0
1964,15,0
1964,17,1
1964,20,0
1964,21,0
1964,23,0
1964,24,0
1964,25,0
1965,1,0
1965,3,0
1965,4,0
1965,9,0
1965,10,0
1965,12,1
1965,13,0
1965,15,1
1965,19,0
1965,20,0
1965,22,1
1965,23,0
1965,25,0
1966,1,1
1966,2,0
1966,6,1
1966,14,1
1966,16,1
1966,17,1
1966,18,0
1966,20,0
1966,22,0
1966,23,0
1967,2,0
1967,3,0
1967,9,0
1967,12,0
1967,14,1
1967,17,0
1967,19,0
1967,20,0
1967,23,0
1967,24,0
1967,25,0
1968,2,0
1968,7,0
1968,10,0
1968,11,1
1968,15,0
1968,16,1
1968,18,0
1968,19,0
1968,20,0
1968,25,1
1969,2,1
1969,9,1
1969,12,0
1969,16,0
1969,17,0
1969,18,0
1969,19,0
1969,21,0
1969,22,0
1969,23,1
1969,25,0
1970,1,0
1970,2,1
1970,4,1
1970,9,1
1970,13,0
1970,17,0
1970,20,0
1970,21,0
1970,23,0
1970,24,0
1970,25,0
1971,1,0
1971,3,0
1971,5,1
1971,11,0
1971,12,0
1971,15,1
1971,18,0
1971,20,1
1971,23,0
1971,24,0
1972,1,1
1972,3,1
1972,7,0
1972,8,1
1972,10,0
1972,13,0
1972,15,0
1972,16,0
1972,18,0
1972,19,1
1972,20,0
1972,21,0
1972,23,1
1972,24,0
1973,1,1
1973,2,0
1973,6,1
1973,10,0
1973,16,0
1973,17,0
1973,18,0
1973,19,1
1973,21,0
1973,22,0
1973,25,0
1974,2,0
1974,4,1
1974,8,0
1974,15,1
1974,16,0
1974,19,0
1974,21,0
1974,22,1
1974,23,0
1974,24,1
1975,2,1
1975,4,1
1975,6,0
1975,8,0
1975,13,0
1975,14,0
1975,15,0
1975,16,1
1975,18,0
1975,20,0
1975,21,0
1976,1,0
1976,4,1
1976,7,0
1976,9,0
1976,13,0
1976,14,1
1976,16,0
1976,20,1
1976,21,0
1976,22,0
1976,23,1
1976,25,0
1977,1,1
1977,3,0
1977,4,0
1977,5,0
1977,7,0
1977,10,1
1977,12,0
1977,13,0
1977,15,1
1977,17,0
1977,19,0
1977,21,0
1977,23,0
1977,24,0
1978,1,1
1978,2,0
1978,3,1
1978,8,1
1978,9,1
1978,11,0
1978,13,0
1978,14,0
1978,15,0
1978,17,1
1978,19,1
1978,20,1
1978,23,0
1979,2,1
1979,3,1
1979,7,0
1979,10,0
1979,17,0
1979,18,0
1979,19,0
1979,20,0
1979,21,0
1979,23,0
1979,24,0
1980,4,1
1980,10,1
1980,12,0
1980,13,0
1980,14,0
1980,15,0
1980,19,0
1980,21,1
1980,22,0
1980,23,0
1980,24,0
1980,25,1
1981,1,1
1981,3,0
1981,6,1
1981,9,0
1981,11,1
1981,12,0
1981,13,0
1981,15,0
1981,17,1
1981,18,1
1981,19,0
1981,20,0
1981,23,1
1982,6,1
1982,7,1
1982,8,1
1982,9,1
1982,12,1
1982,14,1
1982,15,1
1982,16,0
1982,17,0
1982,18,1
1982,19,0
1982,24,0
1982,25,0
1983,3,0
1983,5,1
1983,8,1
1983,12,0
1983,13,0
1983,14,0
1983,19,1
1983,22,0
1983,23,1
1983,24,0
1983,25,0
1984,1,1
1984,3,1
1984,4,1
1984,6,1
1984,13,0
1984,14,1
1984,16,0
1984,18,0
1984,19,0
1984,25,0
1985,1,1
1985,2,0
1985,3,0
1985,4,0
1985,10,0
1985,11,1
1985,15,0
1985,17,1
1985,19,0
1985,20,0
1985,25,1
1986,3,1
1986,7,0
1986,8,1
1986,10,0
1986,11,1
1986,12,1
1986,13,0
1986,14,1
1986,18,0
1986,19,0
1986,22,1
1986,24,1
1987,1,0
1987,5,0
1987,7,0
1987,9,0
1987,10,0
1987,12,1
1987,15,0
1987,17,0
1987,21,0
1987,22,0
1987,23,0
1987,24,0
1987,25,0
1988,3,0
1988,7,1
1988,8,0
1988,10,1
1988,14,0
1988,15,0
1988,19,0
1988,21,0
1988,22,0
1988,23,0
1988,24,0
1989,5,0
1989,6,1
1989,7,0
1989,10,1
1989,11,0
1989,13,1
1989,19,0
1989,20,0
1989,23,0
1989,25,0
1990,2,0
1990,3,0
1990,4,0
1990,7,1
1990,12,1
1990,15,0
1990,16,0
1990,20,0
1990,21,0
1990,23,0
1990,25,0
1991,4,0
1991,5,1
1991,7,1
1991,10,0
1991,11,1
1991,12,1
1991,14,1
1991,15,0
1991,17,0
1991,18,1
1991,19,0
1991,20,1
1991,23,1
1991,25,0
1992,3,0
1992,7,0
1992,8,0
1992,9,1
1992,10,0
1992,18,0
1992,19,0
1992,21,0
1992,22,1
1992,25,0
1993,1,1
1993,2,0
1993,3,1
1993,5,0
1993,10,0
1993,14,1
1993,15,0
1993,16,0
1993,19,0
1993,21,0
1993,22,0
1993,24,0
1994,1,1
1994,3,0
1994,5,0
1994,8,0
1994,10,0
1994,11,0
1994,13,1
1994,14,1
1994,15,1
1994,16,0
1994,17,0
1994,18,0
1994,24,0
1995,1,1
1995,4,0
1995,5,1
1995,9,1
1995,10,0
1995,13,0
1995,14,0
1995,18,0
1995,19,1
1995,20,1
1995,22,0
1996,1,1
1996,2,1
1996,3,1
1996,8,0
1996,11,0
1996,16,0
1996,17,1
1996,18,0
1996,21,0
1996,25,0
1997,2,0
1997,5,1
1997,8,0
1997,9,1
1997,11,0
1997,12,0
1997,13,1
1997,16,0
1997,17,1
1997,20,0
1997,21,0
1997,22,0
1997,23,0
1997,25,1
1998,2,0
1998,4,0
1998,7,1
1998,8,1
1998,10,1
1998,15,1
1998,19,1
1998,21,0
1998,23,0
1998,25,0
1999,1,0
1999,2,1
1999,4,0
1999,5,1
1999,6,1
1999,9,1
1999,11,1
1999,12,1
1999,16,0
1999,17,0
1999,18,0
1999,20,0
1999,23,1
1999,24,0
2000,3,0
2000,4,1
2000,5,1
2000,6,0
2000,7,0
2000,11,0
2000,13,0
2000,16,0
2000,18,0
2000,19,0
2000,24,0
2000,25,0
2001,3,0
2001,4,0
2001,5,1
2001,7,1
2001,8,1
2001,9,0
2001,11,0
2001,12,0
2001,14,1
2001,17,1
2001,18,0
2001,23,0
2001,24,0
2002,6,1
2002,8,0
2002,12,1
2002,13,0
2002,14,0
2002,15,0
2002,16,0
2002,17,1
2002,18,0
2002,19,1
2002,20,0
2002,24,0
2003,2,0
2003,5,1
2003,9,0
2003,15,0
2003,16,0
2003,17,0
2003,18,0
2003,19,0
2003,21,0
2003,23,0
2003,24,0
2004,1,1
2004,3,0
2004,5,0
2004,7,1
2004,12,0
2004,14,1
2004,20,0
2004,22,1
2004,23,1
2004,24,0
2005,1,1
2005,4,1
2005,6,0
2005,7,1
2005,8,0
2005,9,1
2005,10,0
2005,13,1
2005,16,0
2005,17,0
2005,20,1
2005,21,0
2005,22,0
2005,25,0
2006,1,0
2006,3,1
2006,8,0
2006,9,1
2006,10,0
2006,13,0
2006,15,0
2006,16,1
2006,17,0
2006,18,0
2006,19,0
2006,20,1
2006,24,1
2006,25,0
2007,1,0
2007,9,0
2007,10,1
2007,11,0
2007,15,1
2007,16,1
2007,17,0
2007,19,0
2007,20,1
2007,23,1
2008,3,1
2008,6,1
2008,7,0
2008,9,0
2008,10,0
2008,13,0
2008,17,0
2008,19,0
2008,20,0
2008,21,0
2009,1,1
2009,3,1
2009,5,0
2009,6,1
2009,8,0
2009,11,1
2009,12,1
2009,20,1
2009,21,0
2009,22,0
2009,23,0
2010,2,1
2010,3,0
2010,4,0
2010,5,0
2010,8,1
2010,9,1
2010,12,1
2010,18,0
2010,20,0
2010,22,0
2010,23,0
2010,25,1
2011,4,0
2011,5,1
2011,6,0
2011,7,0
2011,8,0
2011,10,1
2011,14,0
2011,17,1
2011,18,0
2011,19,0
2011,21,0
2011,22,0
2011,23,0
2011,24,0
2012,5,0
2012,6,0
2012,8,1
2012,9,0
2012,10,0
2012,11,1
2012,14,0
2012,17,0
2012,18,0
2012,22,0
2012,24,1
2013,2,1
2013,7,0
2013,9,0
2013,10,0
2013,12,0
2013,13,0
2013,14,0
2013,16,0
2013,19,1
2013,20,1
2013,23,0
2013,24,1
2014,1,1
2014,2,0
2014,5,1
2014,7,1
2014,8,1
2014,9,1
2014,15,1
2014,18,1
2014,22,0
2014,24,0
2014,25,1
2015,2,1
2015,4,1
2015,5,1
2015,6,1
2015,7,0
2015,8,1
2015,9,0
2015,10,0
2015,11,1
2015,13,0
2015,16,0
2015,17,0
2015,22,0
2015,23,1
2016,1,1
2016,4,1
2016,5,0
2016,12,0
2016,13,0
2016,16,1
2016,18,1
2016,20,1
2016,22,0
2016,23,1
2017,1,1
2017,2,0
2017,6,1
2017,7,1
2017,12,0
2017,13,0
2017,17,0
2017,18,0
2017,19,0
2017,23,0
2018,2,0
2018,4,0
2018,5,0
2018,6,1
2018,7,0
2018,8,0
2018,11,1
2018,12,1
2018,13,1
2018,18,1
2018,19,0
2018,20,1
2019,1,0
2019,2,0
2019,5,1
2019,8,0
2019,9,0
2019,10,1
2019,12,1
2019,13,0
2019,15,0
2019,19,0
2019,20,1
2019,21,0
2019,25,0
2020,1,0
2020,2,0
2020,3,0
2020,6,0
2020,7,1
2020,13,0
2020,14,0
2020,16,0
2020,17,0
2020,20,0
2020,23,1
2020,24,0
2021,1,1
2021,4,0
2021,7,0
2021,8,1
2021,9,1
2021,11,1
2021,14,0
2021,16,1
2021,17,1
2021,19,0
2021,21,0
2021,23,0
2021,24,0
2022,2,0
2022,3,0
2022,6,0
2022,12,1
2022,14,0
2022,15,0
2022,17,1
2022,18,0
2022,22,0
2022,23,0
2022,24,1
2023,5,1
2023,8,0
2023,13,0
2023,14,0
2023,15,0
2023,17,0
2023,18,0
2023,19,0
2023,20,0
2023,21,0
2023,24,1
2024,3,0
2024,4,1
2024,5,1
2024,8,1
2024,10,1
2024,11,0
2024,13,0
2024,15,0
2024,17,0
2024,18,0
2024,20,0
2024,21,0
2024,22,0
2024,24,1
2025,1,1
2025,3,0
2025,5,1
2025,7,1
2025,8,0
2025,11,1
2025,12,0
2025,16,0
2025,17,0
2025,20,1
2025,22,0
2025,24,0
2025,25,0
2026,1,0
2026,2,0
2026,3,1
2026,4,1
2026,6,0
2026,10,0
2026,11,1
2026,12,0
2026,16,0
2026,18,0
2026,20,1
2026,21,0
2026,22,0
2026,25,1
2027,1,1
2027,2,1
2027,6,0
2027,9,1
2027,10,0
2027,11,1
2027,14,0
2027,15,0
2027,23,0
2027,24,0
2028,1,0
2028,3,0
2028,4,1
2028,7,1
2028,11,1
2028,12,0
2028,15,0
2028,16,0
2028,17,0
2028,22,0
2028,23,0
2028,24,0
2028,25,0
2029,2,0
2029,3,1
2029,4,1
2029,8,0
2029,11,0
2029,13,1
2029,14,1
2029,17,1
2029,19,0
2029,22,0
2029,23,0
2029,25,0
2030,3,1
2030,5,0
2030,9,0
2030,10,1
2030,11,1
2030,13,0
2030,15,1
2030,16,1
2030,23,0
2030,24,0
2031,2,1
2031,4,1
2031,5,0
2031,6,0
2031,7,1
2031,11,1
2031,14,1
2031,17,1
2031,20,1
2031,22,0
2032,5,1
2032,7,1
2032,8,1
2032,9,1
2032,12,0
2032,13,0
2032,14,1
2032,17,1
2032,18,1
2032,19,1
2032,20,0
2032,21,1
2033,3,1
2033,8,0
2033,9,0
2033,14,0
2033,15,0
2033,16,0
2033,18,0
2033,20,0
2033,21,0
2033,23,0
2034,1,0
2034,2,1
2034,5,1
2034,8,0
2034,9,0
2034,11,0
2034,13,1
2034,15,0
2034,16,0
2034,18,1
2034,21,0
2034,22,0
2034,24,0
2035,2,0
2035,6,1
2035,7,1
2035,10,1
2035,12,0
2035,13,0
2035,14,0
2035,15,0
2035,17,1
2035,18,0
2035,20,0
2035,21,0
2035,24,0
2035,25,0
2036,1,0
2036,2,1
2036,8,1
2036,9,0
2036,12,1
2036,13,1
2036,16,0
2036,17,0
2036,21,0
2036,24,0
2037,1,1
2037,2,0
2037,5,0
2037,7,0
2037,8,1
2037,11,1
2037,13,1
2037,14,0
2037,15,0
2037,16,0
2037,18,0
2037,22,1
2037,23,0
2038,3,0
2038,4,0
2038,5,1
2038,7,1
2038,12,1
2038,14,1
2038,17,0
2038,18,0
2038,19,0
2038,21,0
2038,25,1
2039,1,0
2039,4,1
2039,7,0
2039,8,0
2039,11,1
2039,12,1
2039,13,1
2039,14,0
2039,16,0
2039,18,0
2039,19,1
2039,22,0
2039,25,0
2040,1,1
2040,4,1
2040,5,0
2040,6,1
2040,8,0
2040,10,1
2040,11,0
2040,13,0
2040,15,0
2040,17,0
2040,19,0
2040,21,0
2040,24,1
2040,25,0
2041,4,0
2041,7,0
2041,9,0
2041,10,0
2041,11,0
2041,12,1
2041,13,0
2041,15,1
2041,17,0
2041,18,0
2041,19,0
2041,21,1
2041,22,0
2042,2,0
2042,3,0
2042,4,0
2042,8,1
2042,14,0
2042,16,1
2042,17,1
2042,19,0
2042,21,0
2042,23,0
2042,24,0
2042,25,1
2043,1,0
2043,2,1
2043,3,0
2043,5,0
2043,9,0
2043,10,0
2043,11,0
2043,12,0
2043,14,0
2043,15,0
2043,16,0
2043,17,0
2043,19,0
2043,23,0
2044,1,0
2044,3,0
2044,6,0
2044,8,1
2044,9,1
2044,10,1
2044,12,1
2044,14,0
2044,21,1
2044,23,0
2044,24,1
2045,3,1
2045,8,0
2045,9,0
2045,10,0
2045,13,1
2045,14,0
2045,16,0
2045,17,0
2045,18,0
2045,20,0
2045,22,0
2045,25,0
2046,2,0
2046,4,0
2046,5,1
2046,9,0
2046,13,0
2046,17,0
2046,18,0
2046,20,1
2046,21,1
2046,22,0
2046,23,0
2046,24,0
2046,25,0
2047,2,0
2047,3,0
2047,5,0
2047,6,0
2047,8,0
2047,9,0
2047,11,0
2047,12,0
2047,13,1
2047,17,0
2047,20,1
2047,21,1
2047,24,0
2047,25,0
2048,1,1
2048,3,0
2048,4,0
2048,6,0
2048,8,0
2048,13,0
2048,14,0
2048,18,0
2048,22,1
2048,23,0
2048,24,0
2049,1,0
2049,5,0
2049,6,0
2049,8,0
2049,11,0
2049,12,0
2049,13,0
2049,16,0
2049,19,0
2049,20,0
2049,21,0
2049,22,1
2050,2,0
2050,3,1
2050,5,0
2050,10,0
2050,11,0
2050,12,0
2050,17,0
2050,20,0
2050,22,0
2050,24,0
2050,25,0
2051,1,0
2051,3,1
2051,4,0
2051,6,1
2051,7,1
2051,9,0
2051,13,0
2051,14,0
2051,18,1
2051,19,0
2051,20,0
2051,24,0
2051,25,0
2052,1,1
2052,3,0
2052,4,0
2052,11,1
2052,12,0
2052,14,0
2052,20,1
2052,21,0
2052,23,0
2052,24,1
2052,25,0
2053,2,0
2053,7,0
2053,8,0
2053,9,0
2053,10,0
2053,14,0
2053,20,0
2053,21,0
2053,24,0
2053,25,0
2054,2,0
2054,3,0
2054,4,0
2054,5,0
2054,7,0
2054,8,0
2054,9,0
2054,16,0
2054,18,1
2054,19,0
2054,20,0
2054,21,0
2055,3,1
2055,4,1
2055,6,0
2055,8,0
2055,10,0
2055,11,0
2055,14,1
2055,18,0
2055,21,0
2055,23,0
2055,25,0
2056,2,1
2056,5,0
2056,6,0
2056,7,0
2056,8,0
2056,10,0
2056,12,0
2056,13,0
2056,16,1
2056,18,0
2056,22,0
2056,23,0
2056,25,0
2057,2,0
2057,3,1
2057,4,0
2057,5,0
2057,8,1
2057,12,0
2057,14,0
2057,16,0
2057,17,0
2057,19,0
2057,20,0
2057,23,1
2057,24,0
2058,1,1
2058,3,0
2058,6,1
2058,10,0
2058,11,1
2058,17,0
2058,18,1
2058,19,0
2058,20,0
2058,21,0
2058,25,0
2059,3,1
2059,6,1
2059,7,0
2059,8,0
2059,9,1
2059,10,0
2059,12,1
2059,18,0
2059,20,0
2059,22,0
2059,23,0
2059,24,0
2059,25,0
2060,7,0
2060,8,1
2060,9,1
2060,10,0
2060,11,1
2060,12,0
2060,14,0
2060,16,0
2060,18,0
2060,19,0
2060,21,0
2060,22,0
2060,23,1
2060,24,1
2061,2,0
2061,3,1
2061,4,1
2061,5,1
2061,7,0
2061,12,1
2061,13,0
2061,15,0
2061,17,0
2061,18,0
2061,19,0
2061,22,0
2061,24,0
2061,25,0
2062,3,1
2062,4,0
2062,5,1
2062,7,1
2062,9,0
2062,10,1
2062,11,0
2062,12,1
2062,13,0
2062,14,0
2062,15,1
2062,17,1
2062,19,0
2062,25,0
2063,1,1
2063,3,0
2063,9,1
2063,10,1
2063,11,1
2063,12,1
2063,20,0
2063,21,0
2063,23,1
2063,24,0
2064,4,1
2064,6,1
2064,7,1
2064,12,1
2064,15,0
2064,17,1
2064,18,0
2064,21,0
2064,22,1
2064,23,0
2064,25,0
2065,1,1
2065,3,1
2065,4,1
2065,7,0
2065,8,0
2065,11,1
2065,14,0
2065,15,0
2065,17,0
2065,22,0
2066,1,1
2066,2,1
2066,7,0
2066,9,1
2066,10,1
2066,11,1
2066,13,1
2066,16,0
2066,17,1
2066,19,0
2066,20,0
2066,22,0
2066,24,0
2067,2,0
2067,6,0
2067,7,0
2067,8,1
2067,9,0
2067,13,1
2067,14,0
2067,15,1
2067,16,1
2067,25,1
2068,1,0
2068,3,1
2068,5,1
2068,6,0
2068,8,0
2068,9,1
2068,10,1
2068,12,0
2068,16,0
2068,19,0
2068,20,0
2068,21,1
2068,25,0
2069,4,0
2069,6,1
2069,7,1
2069,8,0
2069,9,0
2069,11,1
2069,12,1
2069,13,0
2069,14,1
2069,15,0
2069,21,1
2069,22,0
2069,23,0
2070,4,0
2070,7,1
2070,8,0
2070,10,1
2070,11,0
2070,14,1
2070,16,0
2070,18,0
2070,21,0
2070,23,0
2070,24,0
2070,25,0
2071,1,1
2071,3,1
2071,4,1
2071,5,0
2071,10,1
2071,11,1
2071,12,1
2071,14,0
2071,16,1
2071,18,0
2071,19,0
2071,21,1
2071,23,1
2071,24,0
2072,4,1
2072,5,0
2072,9,0
2072,11,1
2072,12,0
2072,13,0
2072,14,1
2072,15,1
2072,16,1
2072,17,0
2072,21,0
2072,22,1
2072,24,0
2073,2,1
2073,3,1
2073,5,0
2073,6,0
2073,9,0
2073,10,0
2073,11,0
2073,14,1
2073,16,1
2073,17,0
2073,20,1
2073,21,0
2074,1,0
2074,3,0
2074,5,0
2074,8,0
2074,9,0
2074,12,0
2074,14,0
2074,15,1
2074,16,0
2074,17,0
2074,18,0
2074,20,0
2074,24,0
2074,25,0
2075,2,0
2075,5,0
2075,6,0
2075,7,0
2075,8,1
2075,9,1
2075,12,0
2075,14,0
2075,16,0
2075,17,0
2075,20,0
2075,21,0
2075,25,0
2076,1,0
2076,2,0
2076,3,1
2076,4,0
2076,7,0
2076,9,0
2076,11,1
2076,13,0
2076,14,0
2076,15,0
2076,17,0
2076,19,1
2076,23,0
2077,4,0
2077,6,0
2077,7,0
2077,9,1
2077,11,1
2077,16,0
2077,18,0
2077,21,1
2077,24,0
2077,25,0
2078,4,1
2078,6,1
2078,9,0
2078,11,1
2078,14,1
2078,15,0
2078,18,1
2078,20,0
2078,22,1
2078,23,0
2079,1,1
2079,4,1
2079,6,0
2079,8,0
2079,12,1
2079,13,1
2079,14,0
2079,16,1
2079,17,0
2079,18,0
2079,19,0
2079,20,0
2079,24,0
2079,25,1
2080,2,0
2080,4,0
2080,5,1
2080,6,0
2080,7,0
2080,9,1
2080,10,1
2080,11,1
2080,12,1
2080,14,0
2080,15,1
2080,20,1
2080,24,0
2081,4,1
2081,5,0
2081,7,1
2081,11,1
2081,12,0
2081,14,0
2081,17,0
2081,21,1
2081,23,0
2081,24,0
2081,25,0
2082,2,0
2082,3,0
2082,6,1
2082,8,1
2082,9,1
2082,10,1
2082,11,0
2082,13,1
2082,15,0
2082,19,1
2083,4,1
2083,5,0
2083,8,0
2083,9,0
2083,10,0
2083,11,0
2083,12,0
2083,14,0
2083,17,0
2083,19,0
2083,22,0
2083,23,1
2083,24,0
2083,25,0
2084,2,0
2084,4,1
2084,6,0
2084,7,0
2084,8,0
2084,9,0
2084,17,0
2084,20,1
2084,21,0
2084,22,0
2084,23,0
2084,24,0
2084,25,0
2085,1,1
2085,3,0
2085,5,1
2085,7,1
2085,8,1
2085,11,1
2085,12,0
2085,13,1
2085,16,1
2085,17,0
2085,19,0
2085,21,1
2085,24,0
2086,2,0
2086,3,1
2086,4,0
2086,5,0
2086,6,1
2086,11,1
2086,14,0
2086,15,0
2086,16,1
2086,17,0
2086,22,0
2087,1,0
2087,4,0
2087,6,1
2087,7,0
2087,8,0
2087,11,0
2087,12,0
2087,14,0
2087,17,0
2087,19,1
2087,20,0
2087,22,0
2087,24,0
2087,25,0
2088,2,0
2088,3,0
2088,4,0
2088,5,0
2088,10,1
2088,11,1
2088,12,0
2088,13,0
2088,17,1
2088,18,0
2088,21,0
2088,22,0
2088,24,0
2089,1,1
2089,7,1
2089,9,1
2089,11,1
2089,13,1
2089,14,0
2089,16,1
2089,19,1
2089,24,0
2089,25,0
2090,1,1
2090,5,0
2090,6,0
2090,13,0
2090,14,0
2090,15,1
2090,16,0
2090,19,0
2090,22,1
2090,23,0
2090,25,0
2091,1,0
2091,2,0
2091,3,0
2091,4,0
2091,9,0
2091,11,0
2091,16,1
2091,17,0
2091,18,0
2091,20,0
2091,21,1
2091,22,0
2091,23,0
2091,24,1
2092,1,0
2092,3,1
2092,6,0
2092,7,1
2092,8,1
2092,9,1
2092,15,1
2092,16,0
2092,19,0
2092,21,0
2092,22,0
2093,2,1
2093,3,0
2093,4,1
2093,7,0
2093,11,1
2093,13,0
2093,16,0
2093,21,0
2093,22,0
2093,25,0
2094,1,0
2094,2,0
2094,4,1
2094,6,0
2094,8,0
2094,9,0
2094,10,1
2094,11,1
2094,13,0
2094,14,0
2094,16,0
2094,17,0
2094,23,0
2094,24,0
2095,1,1
2095,2,0
2095,4,1
2095,6,0
2095,7,1
2095,11,0
2095,15,1
2095,18,1
2095,19,0
2095,21,0
2095,22,1
2096,3,0
2096,4,0
2096,7,1
2096,8,0
2096,10,1
2096,12,0
2096,16,1
2096,20,1
2096,21,1
2096,22,1
2096,24,0
2096,25,0
2097,4,0
2097,5,0
2097,7,0
2097,8,0
2097,9,1
2097,13,1
2097,14,0
2097,15,0
2097,19,1
2097,22,0
2098,3,0
2098,4,0
2098,5,1
2098,8,0
2098,9,0
2098,10,0
2098,18,0
2098,21,1
2098,22,1
2098,23,0
2099,4,1
2099,7,0
2099,10,1
2099,11,0
2099,12,1
2099,13,0
2099,14,1
2099,19,0
2099,20,0
2099,25,0
2100,4,1
2100,5,0
2100,6,1
2100,7,0
2100,12,1
2100,13,1
2100,14,1
2100,15,0
2100,16,1
2100,19,0
2100,22,0
2100,23,0
2101,3,1
2101,5,1
2101,6,0
2101,8,1
2101,10,1
2101,11,0
2101,12,0
2101,14,1
2101,18,0
2101,20,0
2101,24,0
2101,25,0
2102,1,0
2102,3,0
2102,7,1
2102,8,0
2102,12,0
2102,15,0
2102,16,0
2102,18,0
2102,19,0
2102,20,0
2102,21,0
2102,22,0
2102,24,0
2103,1,0
2103,4,0
2103,7,0
2103,8,1
2103,12,0
2103,13,0
2103,14,0
2103,16,0
2103,20,0
2103,22,0
2103,23,0
2104,3,1
2104,4,0
2104,6,1
2104,8,1
2104,9,1
2104,13,0
2104,15,0
2104,17,0
2104,18,0
2104,21,1
2104,22,1
2104,24,0
2104,25,0
2105,1,1
2105,2,0
2105,3,1
2105,6,0
2105,7,0
2105,10,0
2105,11,1
2105,14,0
2105,17,1
2105,20,1
2105,22,0
2106,2,1
2106,3,0
2106,4,1
2106,5,1
2106,6,1
2106,7,0
2106,12,0
2106,17,0
2106,18,0
2106,19,0
2106,20,1
2106,23,0
2107,1,0
2107,3,0
2107,5,1
2107,6,0
2107,8,0
2107,9,0
2107,16,0
2107,17,1
2107,19,0
2107,21,1
2107,23,0
2107,24,1
2108,1,1
2108,4,1
2108,6,1
2108,7,0
2108,9,0
2108,11,0
2108,12,0
2108,14,0
2108,17,1
2108,19,0
2108,20,0
2108,21,0
2108,24,0
2109,3,1
2109,4,1
2109,6,0
2109,7,0
2109,8,1
2109,13,0
2109,14,0
2109,16,0
2109,17,0
2109,18,1
2109,19,0
2109,21,0
2109,22,1
2109,25,0
2110,1,0
2110,3,0
2110,6,0
2110,7,1
2110,11,1
2110,13,1
2110,14,0
2110,15,0
2110,16,1
2110,18,1
2110,23,0
2110,24,0
2110,25,0
2111,3,0
2111,6,0
2111,9,1
2111,12,1
2111,13,1
2111,15,0
2111,16,1
2111,18,0
2111,21,0
2111,24,0
2111,25,0
2112,2,0
2112,4,0
2112,5,1
2112,8,0
2112,14,1
2112,15,0
2112,19,0
2112,20,1
2112,21,0
2112,22,1
2112,23,0
2112,24,0
2112,25,0
2113,4,0
2113,8,1
2113,10,0
2113,11,0
2113,15,0
2113,16,0
2113,21,0
2113,23,0
2113,24,0
2113,25,0
2114,2,0
2114,6,0
2114,9,1
2114,14,0
2114,15,0
2114,17,0
2114,18,1
2114,21,0
2114,23,0
2114,24,0
2114,25,0
2115,1,0
2115,4,1
2115,8,1
2115,9,1
2115,10,0
2115,14,0
2115,15,0
2115,16,0
2115,17,1
2115,20,0
2115,23,0
2116,1,0
2116,3,1
2116,4,1
2116,5,0
2116,6,1
2116,7,1
2116,11,1
2116,14,1
2116,15,0
2116,18,0
2116,20,0
2116,23,0
2116,24,0
2116,25,1
2117,1,1
2117,2,0
2117,3,1
2117,12,1
2117,13,0
2117,14,0
2117,16,0
2117,18,1
2117,19,0
2117,20,0
2117,22,1
2117,25,0
2118,4,0
2118,7,1
2118,8,0
2118,11,0
2118,12,1
2118,15,0
2118,18,0
2118,20,0
2118,21,0
2118,23,0
2118,24,0
2119,3,0
2119,4,0
2119,7,0
2119,8,1
2119,10,0
2119,11,0
2119,12,1
2119,13,1
2119,15,0
2119,18,0
2119,19,0
2119,23,1
2120,2,1
2120,3,0
2120,4,0
2120,6,0
2120,7,0
2120,9,1
2120,12,0
2120,14,0
2120,15,0
2120,16,0
2120,17,0
2120,21,0
2120,24,0
2121,5,0
2121,7,0
2121,10,0
2121,13,0
2121,14,0
2121,15,0
2121,17,0
2121,18,0
2121,21,1
2121,24,0
2122,1,1
2122,3,0
2122,5,1
2122,6,0
2122,7,1
2122,13,0
2122,14,1
2122,15,0
2122,16,0
2122,17,0
2122,19,0
2122,20,0
2122,22,0
2122,25,0
2123,2,0
2123,4,0
2123,6,0
2123,7,1
2123,8,0
2123,9,0
2123,11,1
2123,12,1
2123,13,0
2123,14,0
2123,15,0
2123,23,1
2124,4,0
2124,5,0
2124,7,1
2124,10,1
2124,11,0
2124,13,0
2124,15,0
2124,16,0
2124,20,1
2124,22,0
2124,24,1
2125,2,0
2125,3,1
2125,6,1
2125,10,0
2125,11,1
2125,13,0
2125,16,0
2125,17,0
2125,18,1
2125,21,0
2125,22,1
2125,24,1
2126,1,0
2126,5,0
2126,7,0
2126,8,1
2126,9,1
2126,10,0
2126,13,0
2126,14,1
2126,15,1
2126,24,0
2126,25,0
2127,2,0
2127,4,1
2127,5,0
2127,8,0
2127,9,0
2127,10,0
2127,17,0
2127,19,0
2127,22,1
2127,23,0
2127,24,1
2127,25,0
2128,3,1
2128,6,1
2128,7,0
2128,12,0
2128,13,0
2128,14,0
2128,17,0
2128,20,0
2128,22,1
2128,23,0
2128,25,0
2129,3,0
2129,4,0
2129,7,0
2129,8,0
2129,10,0
2129,12,0
2129,13,0
2129,14,0
2129,17,0
2129,18,0
2129,20,0
2129,22,0
2129,25,0
2130,3,0
2130,4,1
2130,6,0
2130,8,0
2130,13,0
2130,14,0
2130,16,1
2130,18,0
2130,19,0
2130,22,0
2130,25,0
2131,2,0
2131,4,1
2131,5,0
2131,6,0
2131,8,0
2131,10,1
2131,13,0
2131,14,1
2131,16,0
2131,19,0
2131,20,0
2132,1,0
2132,2,1
2132,4,1
2132,7,1
2132,8,1
2132,9,1
2132,12,1
2132,15,1
2132,21,1
2132,25,1
2133,1,0
2133,4,0
2133,9,1
2133,11,0
2133,12,0
2133,15,0
2133,18,0
2133,20,0
2133,22,0
2133,23,0
2133,24,0
2134,2,0
2134,6,1
2134,7,0
2134,8,0
2134,12,0
2134,13,0
2134,15,0
2134,22,0
2134,23,1
2134,24,0
2135,1,1
2135,2,0
2135,3,0
2135,4,0
2135,5,1
2135,8,0
2135,11,0
2135,12,1
2135,16,0
2135,17,0
2135,18,0
2135,19,0
2135,23,0
2135,25,0
2136,3,0
2136,6,1
2136,8,1
2136,9,0
2136,13,1
2136,14,0
2136,15,0
2136,16,0
2136,19,0
2136,23,0
2137,2,1
2137,3,1
2137,4,1
2137,5,0
2137,11,0
2137,12,0
2137,14,0
2137,15,1
2137,16,0
2137,17,1
2137,18,0
2137,19,1
2137,24,0
2138,6,0
2138,9,0
2138,10,1
2138,11,0
2138,12,0
2138,16,0
2138,20,0
2138,23,0
2138,24,0
2138,25,0
2139,1,1
2139,4,1
2139,5,0
2139,6,0
2139,7,0
2139,9,1
2139,10,1
2139,13,0
2139,14,0
2139,16,1
2139,17,0
2139,20,1
2139,24,1
2139,25,0
2140,1,0
2140,3,1
2140,4,1
2140,7,0
2140,8,1
2140,11,0
2140,13,0
2140,14,1
2140,16,0
2140,17,0
2140,22,0
2140,23,1
2140,25,0
2141,3,0
2141,4,1
2141,6,0
2141,8,1
2141,11,0
2141,14,0
2141,18,0
2141,19,0
2141,20,0
2141,22,0
2141,23,0
2141,25,0
2142,3,1
2142,5,0
2142,6,0
2142,7,0
2142,13,0
2142,14,0
2142,15,0
2142,16,0
2142,17,1
2142,21,1
2142,24,0
2142,25,0
2143,2,0
2143,3,0
2143,4,1
2143,9,0
2143,13,0
2143,14,0
2143,15,1
2143,16,1
2143,23,1
2143,24,0
2144,2,1
2144,3,0
2144,4,1
2144,9,0
2144,10,1
2144,12,0
2144,13,0
2144,17,0
2144,21,0
2144,22,0
2145,1,1
2145,2,1
2145,6,0
2145,8,0
2145,11,1
2145,12,1
2145,13,1
2145,14,0
2145,16,1
2145,17,0
2145,18,1
2145,19,0
2145,20,0
2145,22,0
2146,1,1
2146,3,1
2146,4,0
2146,5,0
2146,8,0
2146,10,1
2146,12,0
2146,14,0
2146,16,0
2146,18,0
2146,19,0
2146,21,0
2146,22,0
2146,24,0
2147,3,0
2147,4,1
2147,6,1
2147,7,1
2147,12,0
2147,13,1
2147,16,1
2147,17,0
2147,19,1
2147,22,1
2147,24,1
2148,1,1
2148,2,0
2148,3,1
2148,4,1
2148,7,1
2148,8,0
2148,11,0
2148,13,0
2148,15,1
2148,17,0
2148,19,0
2148,20,1
2148,22,0
2148,23,0
2149,2,0
2149,3,0
2149,9,1
2149,10,1
2149,14,1
2149,15,1
2149,16,1
2149,17,0
2149,20,1
2149,23,0
2149,24,1
2150,3,0
2150,4,0
2150,5,1
2150,6,0
2150,8,0
2150,12,1
2150,13,0
2150,15,0
2150,16,0
2150,18,1
2150,20,0
2150,22,0
2150,24,1
2151,2,1
2151,4,1
2151,9,1
2151,11,0
2151,14,0
2151,15,0
2151,16,0
2151,21,0
2151,22,0
2151,25,0
2152,1,0
2152,2,1
2152,4,0
2152,5,0
2152,9,0
2152,11,0
2152,12,1
2152,13,0
2152,15,0
2152,20,0
2152,21,1
2152,23,0
2152,24,0
2153,5,1
2153,6,0
2153,8,1
2153,9,0
2153,10,0
2153,11,1
2153,13,1
2153,14,1
2153,15,1
2153,16,1
2153,17,0
2153,18,0
2153,20,0
2153,23,0
2154,2,0
2154,4,1
2154,6,0
2154,7,0
2154,9,0
2154,10,0
2154,11,0
2154,13,0
2154,14,0
2154,15,1
2154,18,1
2154,23,0
2154,24,1
2155,1,1
2155,2,1
2155,3,0
2155,6,0
2155,10,0
2155,11,1
2155,12,1
2155,15,0
2155,17,1
2155,19,0
2155,21,0
2155,24,0
2155,25,0
2156,2,0
2156,4,0
2156,5,1
2156,8,0
2156,9,0
2156,10,1
2156,12,1
2156,13,0
2156,15,1
2156,16,0
2156,17,1
2156,20,0
2156,24,0
2157,2,1
2157,3,0
2157,4,0
2157,5,0
2157,7,0
2157,8,1
2157,12,0
2157,13,0
2157,14,0
2157,16,0
2157,17,0
2157,19,0
2157,22,0
2157,23,0
2158,6,1
2158,7,0
2158,9,1
2158,10,1
2158,12,1
2158,13,0
2158,14,0
2158,15,0
2158,17,0
2158,18,0
2158,19,0
2158,20,0
2158,24,0
2159,1,0
2159,3,0
2159,4,1
2159,6,1
2159,7,0
2159,9,0
2159,11,0
2159,12,0
2159,17,0
2159,18,1
2159,23,1
2160,1,1
2160,2,1
2160,3,1
2160,8,1
2160,11,0
2160,12,0
2160,16,0
2160,17,1
2160,19,1
2160,21,1
2160,22,0
2160,23,1
2160,24,0
2160,25,1
2161,4,0
2161,6,0
2161,7,0
2161,9,0
2161,11,0
2161,12,0
2161,13,0
2161,14,0
2161,15,1
2161,16,0
2161,18,0
2161,20,0
2161,25,0
2162,1,1
2162,3,0
2162,6,0
2162,8,0
2162,9,1
2162,10,1
2162,11,1
2162,13,1
2162,14,0
2162,17,0
2162,18,1
2162,21,0
2162,22,0
2162,23,0
2163,1,0
2163,4,0
2163,6,0
2163,9,0
2163,12,0
2163,15,0
2163,16,1
2163,20,0
2163,21,1
2163,22,0
2163,24,0
2163,25,1
2164,1,1
2164,2,0
2164,4,1
2164,5,1
2164,6,1
2164,9,1
2164,12,0
2164,13,1
2164,16,0
2164,23,0
2164,24,0
2165,1,0
2165,4,0
2165,6,0
2165,9,0
2165,10,0
2165,11,1
2165,14,0
2165,15,0
2165,17,1
2165,18,0
2165,21,0
2165,22,0
2165,24,1
2166,1,1
2166,2,1
2166,6,0
2166,9,1
2166,13,0
2166,15,0
2166,16,1
2166,17,1
2166,20,0
2166,21,1
2166,23,1
2166,24,0
2167,1,1
2167,2,1
2167,4,0
2167,7,0
2167,9,0
2167,10,0
2167,12,0
2167,15,1
2167,16,1
2167,18,0
2167,20,0
2167,23,0
2168,1,1
2168,2,0
2168,7,0
2168,8,1
2168,9,0
2168,10,1
2168,11,0
2168,12,1
2168,14,0
2168,17,0
2168,20,0
2168,22,0
2168,23,1
2168,25,1
2169,1,0
2169,3,1
2169,10,0
2169,11,1
2169,12,0
2169,14,0
2169,17,0
2169,18,0
2169,19,0
2169,20,1
2169,21,0
2169,22,0
2170,4,1
2170,5,1
2170,6,1
2170,7,0
2170,8,0
2170,12,1
2170,14,0
2170,15,0
2170,18,0
2170,19,0
2170,25,0
2171,1,1
2171,2,1
2171,3,1
2171,4,1
2171,7,1
2171,14,1
2171,16,0
2171,18,0
2171,19,1
2171,23,1
2171,25,1
2172,1,1
2172,2,0
2172,5,1
2172,9,1
2172,12,0
2172,18,1
2172,20,0
2172,22,0
2172,23,0
2172,24,0
2173,1,0
2173,2,1
2173,3,0
2173,5,0
2173,6,0
2173,9,0
2173,11,1
2173,14,0
2173,17,0
2173,18,0
2173,24,0
2174,3,0
2174,8,0
2174,9,0
2174,11,0
2174,13,0
2174,14,1
2174,15,0
2174,17,0
2174,21,0
2174,22,0
2174,23,0
2174,25,0
2175,2,1
2175,7,1
2175,8,0
2175,9,1
2175,13,1
2175,14,1
2175,16,0
2175,18,0
2175,19,0
2175,20,1
2175,23,0
2176,1,0
2176,2,1
2176,4,0
2176,6,0
2176,7,0
2176,9,1
2176,10,0
2176,11,1
2176,13,0
2176,14,0
2176,15,1
2176,16,0
2176,17,1
2176,25,0
2177,2,0
2177,3,0
2177,4,1
2177,5,1
2177,7,0
2177,8,1
2177,9,0
2177,10,0
2177,20,1
2177,23,0
2178,2,1
2178,3,0
2178,5,1
2178,6,1
2178,10,0
2178,11,0
2178,15,0
2178,17,0
2178,21,0
2178,22,0
2178,23,0
2178,24,0
2179,2,1
2179,3,0
2179,6,0
2179,7,1
2179,8,1
2179,11,0
2179,13,0
2179,18,0
2179,19,0
2179,24,1
2180,3,1
2180,4,0
2180,5,0
2180,10,0
2180,13,0
2180,14,0
2180,16,0
2180,17,0
2180,21,0
2180,22,0
2180,24,1
2180,25,1
2181,3,1
2181,6,1
2181,7,0
2181,9,1
2181,10,0
2181,11,1
2181,12,1
2181,13,1
2181,14,0
2181,16,0
2181,18,1
2181,19,1
2181,21,0
2181,23,0
2182,2,1
2182,8,1
2182,9,1
2182,10,0
2182,11,1
2182,13,0
2182,14,0
2182,17,1
2182,18,0
2182,22,0
2183,2,0
2183,4,0
2183,6,1
2183,8,1
2183,9,1
2183,10,1
2183,12,0
2183,14,0
2183,16,0
2183,17,0
2183,18,0
2183,21,0
2183,23,0
2184,1,0
2184,4,1
2184,7,1
2184,8,1
2184,12,1
2184,14,0
2184,17,0
2184,18,0
2184,21,1
2184,23,0
2184,24,0
2184,25,0
2185,2,0
2185,3,0
2185,4,0
2185,6,1
2185,8,1
2185,9,0
2185,10,0
2185,13,0
2185,15,1
2185,18,1
2185,21,0
2185,24,0
2185,25,0
2186,1,0
2186,3,1
2186,6,0
2186,7,0
2186,10,0
2186,13,0
2186,17,0
2186,21,0
2186,22,0
2186,25,1
2187,3,1
2187,4,1
2187,5,1
2187,8,1
2187,9,1
2187,11,0
2187,12,1
2187,14,1
2187,15,0
2187,17,1
2187,19,1
2187,23,0
2187,24,1
2188,2,0
2188,6,1
2188,8,1
2188,9,1
2188,13,1
2188,16,0
2188,18,0
2188,19,1
2188,20,1
2188,21,0
2188,22,1
2188,23,0
2188,24,0
2189,1,0
2189,4,1
2189,6,0
2189,7,0
2189,15,0
2189,16,0
2189,17,0
2189,18,0
2189,19,0
2189,25,0
2190,1,0
2190,3,1
2190,5,1
2190,10,1
2190,11,0
2190,12,0
2190,13,1
2190,15,0
2190,16,0
2190,17,0
2190,19,0
2190,23,0
2190,24,0
2190,25,1
2191,1,0
2191,2,0
2191,3,0
2191,6,1
2191,10,1
2191,12,0
2191,13,0
2191,16,0
2191,17,0
2191,19,0
2191,20,0
2191,24,0
2191,25,0
2192,3,0
2192,4,1
2192,6,0
2192,7,1
2192,9,0
2192,10,1
2192,12,1
2192,14,1
2192,16,0
2192,17,0
2192,21,1
2192,22,0
2192,23,0
2193,1,0
2193,2,0
2193,3,1
2193,4,0
2193,9,0
2193,14,0
2193,15,0
2193,16,0
2193,17,1
2193,19,0
2193,20,0
2193,21,1
2193,24,0
2193,25,1
2194,1,0
2194,3,1
2194,4,1
2194,5,0
2194,10,0
2194,13,1
2194,14,0
2194,18,0
2194,19,0
2194,20,0
2194,22,0
2194,23,1
2194,25,0
2195,1,0
2195,2,1
2195,5,0
2195,6,1
2195,7,0
2195,10,1
2195,11,0
2195,13,0
2195,15,0
2195,17,0
2195,19,0
2195,24,1
2195,25,0
2196,2,0
2196,4,0
2196,7,0
2196,10,0
2196,12,0
2196,14,0
2196,15,0
2196,16,0
2196,17,0
2196,20,0
2196,21,0
2196,24,0
2196,25,0
2197,1,0
2197,2,0
2197,4,0
2197,5,1
2197,6,0
2197,12,0
2197,16,0
2197,18,0
2197,19,0
2197,22,0
2197,23,0
2198,1,1
2198,4,0
2198,5,0
2198,7,1
2198,8,0
2198,11,0
2198,12,0
2198,13,0
2198,16,0
2198,17,0
2198,18,1
2198,19,0
2198,21,1
2198,23,0
2199,4,1
2199,5,0
2199,6,0
2199,7,0
2199,8,0
2199,9,0
2199,12,1
2199,14,0
2199,16,0
2199,17,1
2199,21,0
2199,23,0
2199,24,1
2200,1,1
2200,2,0
2200,3,0
2200,4,1
2200,6,0
2200,7,0
2200,8,1
2200,9,1
2200,11,0
2200,12,0
2200,14,0
2200,17,1
2200,22,0
2200,24,0
2201,5,1
2201,6,1
2201,11,1
2201,12,0
2201,14,1
2201,15,1
2201,17,0
2201,18,0
2201,19,0
2201,20,1
2201,22,0
2201,23,0
2202,2,0
2202,3,0
2202,4,0
2202,6,1
2202,7,1
2202,9,0
2202,11,0
2202,14,1
2202,17,0
2202,19,0
2202,22,0
2202,25,0
2203,5,1
2203,6,0
2203,11,0
2203,12,0
2203,14,1
2203,15,1
2203,16,1
2203,17,1
2203,18,0
2203,20,0
2203,22,1
2203,23,1
2203,25,0
2204,1,0
2204,2,0
2204,4,0
2204,5,0
2204,7,1
2204,8,1
2204,10,0
2204,12,0
2204,13,0
2204,15,1
2204,20,0
2204,23,0
2204,24,0
2204,25,0
2205,1,1
2205,6,1
2205,7,1
2205,9,0
2205,10,1
2205,13,0
2205,14,0
2205,15,0
2205,16,1
2205,17,0
2205,19,0
2205,20,0
2205,21,0
2205,24,0
2206,3,0
2206,4,0
2206,8,1
2206,9,0
2206,10,0
2206,12,0
2206,14,1
2206,16,1
2206,17,1
2206,18,0
2206,19,0
2206,21,1
2206,23,0
2206,24,0
2207,2,0
2207,3,0
2207,7,1
2207,11,1
2207,13,0
2207,14,0
2207,18,1
2207,19,1
2207,23,0
2207,24,0
2207,25,1
2208,3,0
2208,6,1
2208,7,0
2208,13,0
2208,14,0
2208,15,0
2208,18,0
2208,19,0
2208,22,0
2208,23,1
2208,24,0
2208,25,0
2209,2,1
2209,3,1
2209,4,1
2209,8,1
2209,10,1
2209,13,1
2209,14,0
2209,16,1
2209,18,0
2209,19,0
2209,22,0
2209,23,0
2209,24,0
2209,25,0
2210,4,1
2210,5,0
2210,7,0
2210,8,0
2210,10,0
2210,11,1
2210,13,1
2210,15,0
2210,16,1
2210,19,0
2210,20,0
2210,21,1
2210,24,0
2210,25,0
2211,2,1
2211,4,0
2211,9,1
2211,10,1
2211,11,0
2211,13,0
2211,14,0
2211,16,0
2211,17,0
2211,19,0
2211,20,1
2212,4,1
2212,5,0
2212,8,1
2212,9,0
2212,16,1
2212,17,0
2212,19,0
2212,20,1
2212,22,0
2212,23,0
2212,25,0
2213,1,1
2213,2,0
2213,4,1
2213,6,0
2213,7,1
2213,9,1
2213,10,0
2213,12,1
2213,13,1
2213,15,0
2213,18,1
2213,20,0
2213,21,1
2213,23,1
2214,2,1
2214,10,1
2214,11,0
2214,13,0
2214,18,0
2214,19,0
2214,20,1
2214,21,0
2214,22,0
2214,23,0
2215,1,0
2215,2,0
2215,4,1
2215,5,0
2215,6,1
2215,9,1
2215,11,1
2215,12,0
2215,13,0
2215,15,0
2215,16,1
2215,17,0
2215,20,0
2215,23,0
2216,3,0
2216,5,1
2216,7,1
2216,9,0
2216,11,0
2216,12,0
2216,14,0
2216,15,1
2216,18,0
2216,20,0
2216,22,0
2216,23,0
2216,24,0
2216,25,0
2217,1,0
2217,3,0
2217,4,0
2217,7,1
2217,10,0
2217,12,1
2217,14,1
2217,15,0
2217,16,1
2217,20,0
2217,24,0
2218,2,1
2218,4,1
2218,5,0
2218,8,1
2218,12,0
2218,13,0
2218,15,1
2218,16,0
2218,17,0
2218,20,0
2218,21,0
2219,2,0
2219,4,0
2219,6,0
2219,8,1
2219,9,0
2219,11,1
2219,12,0
2219,13,1
2219,15,1
2219,16,0
2219,17,1
2219,19,1
2219,22,1
2219,23,1
2220,1,1
2220,2,1
2220,3,0
2220,4,0
2220,7,0
2220,8,0
2220,9,0
2220,11,1
2220,18,1
2220,19,0
2220,20,0
2220,21,0
2220,22,0
2220,24,0
2221,1,1
2221,2,0
2221,4,0
2221,8,1
2221,9,0
2221,11,1
2221,13,1
2221,14,0
2221,15,1
2221,17,1
2221,18,0
2221,19,0
2221,20,0
2221,22,0
2222,1,0
2222,11,1
2222,12,1
2222,13,0
2222,14,0
2222,16,1
2222,19,0
2222,20,0
2222,21,0
2222,22,0
2222,25,0
2223,2,1
2223,3,0
2223,5,0
2223,6,0
2223,7,0
2223,8,0
2223,12,1
2223,14,0
2223,15,0
2223,16,1
2223,18,0
2223,19,0
2223,22,0
2223,23,0
2224,2,0
2224,6,0
2224,7,1
2224,9,0
2224,10,1
2224,12,0
2224,13,0
2224,15,1
2224,18,0
2224,20,0
2224,21,0
2224,23,0
2224,24,1
2224,25,0
2225,1,1
2225,2,1
2225,3,1
2225,5,1
2225,8,1
2225,13,0
2225,14,0
2225,15,1
2225,16,1
2225,18,0
2225,20,1
2225,23,0
2225,24,0
2226,4,0
2226,5,0
2226,6,0
2226,14,0
2226,15,0
2226,17,0
2226,18,0
2226,19,0
2226,21,0
2226,24,0
2227,1,1
2227,5,0
2227,7,0
2227,10,1
2227,12,0
2227,13,0
2227,14,0
2227,18,0
2227,20,0
2227,22,0
2227,24,0
2227,25,0
2228,1,0
2228,2,0
2228,4,1
2228,5,0
2228,10,0
2228,11,0
2228,16,1
2228,20,1
2228,22,0
2228,24,1
2229,1,1
2229,2,0
2229,4,0
2229,10,1
2229,12,0
2229,15,0
2229,17,0
2229,18,1
2229,19,0
2229,22,0
2229,23,0
2229,24,0
2229,25,1
2230,2,0
2230,3,0
2230,5,0
2230,6,0
2230,11,0
2230,12,0
2230,13,0
2230,14,1
2230,15,0
2230,16,0
2230,24,0
2230,25,0
2231,1,0
2231,3,1
2231,5,0
2231,9,1
2231,10,0
2231,12,0
2231,13,0
2231,15,0
2231,16,1
2231,20,0
2231,21,0
2231,23,0
2231,24,1
2231,25,1
2232,1,0
2232,6,0
2232,7,1
2232,8,0
2232,9,0
2232,11,0
2232,12,0
2232,17,0
2232,18,0
2232,19,0
2232,21,0
2232,23,1
2232,25,0
2233,1,0
2233,2,1
2233,3,1
2233,8,1
2233,11,0
2233,12,1
2233,15,1
2233,16,0
2233,17,0
2233,20,1
2233,22,1
2233,23,1
2233,24,0
2233,25,0
2234,1,0
2234,2,1
2234,5,0
2234,9,1
2234,11,1
2234,14,0
2234,15,1
2234,16,1
2234,17,0
2234,21,0
2234,25,1
2235,1,1
2235,2,1
2235,3,0
2235,4,1
2235,5,0
2235,7,0
2235,8,1
2235,10,1
2235,14,0
2235,15,0
2235,20,1
2235,23,0
2235,24,0
2236,1,0
2236,2,1
2236,4,1
2236,5,1
2236,10,1
2236,11,0
2236,12,0
2236,13,0
2236,19,0
2236,24,1
2236,25,1
2237,4,1
2237,6,1
2237,8,0
2237,11,1
2237,12,1
2237,13,0
2237,14,1
2237,15,0
2237,17,0
2237,18,0
2237,19,0
2237,21,0
2237,22,1
2238,1,1
2238,2,0
2238,5,1
2238,6,0
2238,8,1
2238,9,0
2238,13,1
2238,14,1
2238,16,1
2238,18,0
2238,19,0
2238,20,1
2238,25,0
2239,1,0
2239,3,0
2239,4,0
2239,5,0
2239,7,0
2239,12,0
2239,14,0
2239,18,0
2239,20,0
2239,23,0
2239,24,0
2240,1,0
2240,2,1
2240,11,0
2240,12,0
2240,14,0
2240,15,0
2240,17,1
2240,20,0
2240,21,0
2240,22,0
2240,24,0
2240,25,0
2241,1,0
2241,2,1
2241,5,0
2241,7,0
2241,9,0
2241,10,0
2241,18,0
2241,20,0
2241,21,0
2241,22,0
2242,3,0
2242,4,1
2242,5,1
2242,6,1
2242,9,0
2242,10,1
2242,12,1
2242,13,1
2242,16,0
2242,17,1
2242,18,0
2242,21,1
2242,23,1
2242,24,0
2243,1,1
2243,2,1
2243,4,0
2243,6,0
2243,7,0
2243,8,1
2243,13,1
2243,15,0
2243,16,0
2243,18,0
2243,19,1
2243,24,0
2243,25,1
2244,3,0
2244,4,0
2244,8,1
2244,9,0
2244,11,0
2244,13,1
2244,14,0
2244,15,0
2244,16,0
2244,19,0
2244,21,1
2244,22,0
2244,24,1
2244,25,0
2245,5,0
2245,7,0
2245,8,0
2245,9,1
2245,10,0
2245,13,0
2245,17,0
2245,19,0
2245,20,1
2245,24,0
2245,25,0
2246,2,0
2246,3,0
2246,4,1
2246,5,1
2246,9,1
2246,11,1
2246,12,0
2246,13,0
2246,14,1
2246,15,1
2246,16,0
2246,19,1
2246,22,0
2246,25,1
2247,2,0
2247,4,1
2247,6,0
2247,7,1
2247,9,0
2247,11,0
2247,14,0
2247,15,0
2247,17,0
2247,22,0
2247,25,0
2248,6,1
2248,9,0
2248,10,0
2248,11,0
2248,12,0
2248,15,0
2248,16,0
2248,17,0
2248,18,1
2248,19,0
2248,20,0
2248,21,0
2248,22,0
2248,23,1
2249,2,0
2249,4,0
2249,5,1
2249,9,1
2249,10,1
2249,11,1
2249,14,0
2249,16,1
2249,18,0
2249,24,1
2250,2,1
2250,3,0
2250,7,1
2250,9,1
2250,15,1
2250,16,0
2250,17,0
2250,23,0
2250,24,1
2250,25,0
2251,2,1
2251,3,0
2251,4,0
2251,5,1
2251,10,0
2251,13,0
2251,17,0
2251,19,0
2251,21,1
2251,23,1
2252,3,0
2252,5,1
2252,8,1
2252,11,0
2252,13,1
2252,14,0
2252,16,1
2252,20,0
2252,22,1
2252,24,0
2253,5,0
2253,8,0
2253,12,1
2253,13,1
2253,14,0
2253,15,1
2253,16,1
2253,17,1
2253,19,0
2253,24,1
2254,2,0
2254,4,0
2254,10,1
2254,12,0
2254,13,0
2254,14,1
2254,17,0
2254,20,0
2254,24,0
2254,25,1
2255,3,0
2255,10,1
2255,11,0
2255,14,0
2255,15,0
2255,16,0
2255,17,0
2255,18,0
2255,20,0
2255,24,0
2255,25,0
2256,4,1
2256,5,0
2256,7,1
2256,8,1
2256,12,0
2256,14,0
2256,16,0
2256,17,0
2256,19,1
2256,20,0
2256,21,0
2256,23,0
2256,24,1
2257,2,0
2257,5,1
2257,6,0
2257,8,1
2257,9,1
2257,10,1
2257,11,0
2257,13,0
2257,14,0
2257,15,0
2257,18,0
2257,20,0
2257,24,0
2257,25,0
2258,2,1
2258,4,0
2258,9,0
2258,12,1
2258,14,0
2258,16,1
2258,17,1
2258,18,0
2258,23,0
2258,25,0
2259,2,0
2259,4,1
2259,8,0
2259,11,1
2259,12,1
2259,13,1
2259,17,0
2259,19,0
2259,20,0
2259,21,0
2259,22,0
2260,1,1
2260,3,0
2260,5,0
2260,6,0
2260,9,1
2260,10,1
2260,14,0
2260,15,0
2260,17,0
2260,24,0
2260,25,0
2261,1,0
2261,3,1
2261,4,0
2261,5,1
2261,9,0
2261,10,0
2261,11,1
2261,13,0
2261,17,0
2261,22,0
2261,23,0
2262,1,1
2262,2,1
2262,4,0
2262,6,0
2262,7,0
2262,10,0
2262,13,1
2262,14,1
2262,15,0
2262,17,0
2262,19,1
2262,24,0
2262,25,0
2263,2,0
2263,3,1
2263,4,0
2263,5,1
2263,6,0
2263,8,1
2263,10,0
2263,12,0
2263,15,0
2263,16,0
2263,19,0
2263,21,1
2263,23,0
2263,25,0
2264,1,0
2264,2,0
2264,3,0
2264,5,0
2264,7,0
2264,11,0
2264,16,1
2264,17,0
2264,19,0
2264,20,0
2264,22,0
2264,23,0
2264,24,0
2265,2,0
2265,8,1
2265,11,1
2265,12,0
2265,13,1
2265,17,0
2265,18,0
2265,19,0
2265,21,0
2265,23,0
2265,24,1
2265,25,0
2266,1,0
2266,3,0
2266,5,0
2266,6,1
2266,7,1
2266,12,0
2266,14,0
2266,17,0
2266,19,0
2266,20,0
2266,21,1
2267,2,1
2267,3,1
2267,4,0
2267,5,1
2267,7,0
2267,8,0
2267,9,0
2267,12,1
2267,16,0
2267,17,0
2267,20,1
2267,21,1
2268,2,1
2268,4,1
2268,6,1
2268,7,0
2268,13,0
2268,15,0
2268,17,0
2268,20,0
2268,21,0
2268,25,0
2269,1,0
2269,9,1
2269,10,0
2269,15,0
2269,16,0
2269,17,1
2269,18,0
2269,19,0
2269,20,0
2269,21,0
2270,3,1
2270,4,0
2270,5,0
2270,6,0
2270,7,0
2270,11,0
2270,14,0
2270,16,0
2270,17,0
2270,19,0
2270,21,1
2270,22,1
2270,24,0
2271,2,1
2271,4,1
2271,5,0
2271,7,1
2271,9,0
2271,11,0
2271,12,1
2271,14,1
2271,16,0
2271,18,1
2271,19,0
2271,20,0
2271,21,1
2271,22,0
2272,3,1
2272,4,1
2272,5,1
2272,8,0
2272,9,1
2272,15,0
2272,16,1
2272,17,0
2272,19,0
2272,20,0
2272,23,0
2272,25,0
2273,2,0
2273,3,0
2273,4,0
2273,5,1
2273,8,0
2273,9,1
2273,11,1
2273,15,1
2273,17,0
2273,19,0
2273,20,0
2273,21,1
2273,23,0
2273,24,1
2274,1,0
2274,3,1
2274,4,1
2274,5,0
2274,9,1
2274,10,1
2274,12,0
2274,13,0
2274,15,0
2274,16,1
2274,22,0
2274,23,0
2274,24,1
2275,4,1
2275,5,0
2275,6,1
2275,7,1
2275,10,0
2275,11,0
2275,15,1
2275,18,1
2275,22,0
2275,24,1
2276,1,1
2276,2,1
2276,6,0
2276,10,1
2276,11,0
2276,12,0
2276,15,0
2276,16,1
2276,17,0
2276,18,1
2276,19,0
2276,21,0
2276,24,0
2276,25,0
2277,1,0
2277,4,0
2277,5,1
2277,6,1
2277,7,1
2277,11,0
2277,12,0
2277,14,0
2277,18,0
2277,20,0
2277,21,0
2277,23,1
2277,24,0
2277,25,0
2278,1,0
2278,2,0
2278,3,1
2278,4,0
2278,6,1
2278,9,1
2278,10,1
2278,12,1
2278,20,0
2278,21,1
2279,1,0
2279,3,0
2279,4,0
2279,6,0
2279,7,0
2279,8,1
2279,9,1
2279,15,0
2279,19,1
2279,20,0
2279,23,0
2279,25,0
2280,1,0
2280,10,0
2280,11,1
2280,12,1
2280,14,0
2280,17,1
2280,18,0
2280,19,0
2280,20,1
2280,23,0
2281,1,0
2281,2,0
2281,4,1
2281,5,1
2281,8,0
2281,10,0
2281,13,0
2281,15,0
2281,16,0
2281,19,0
2281,20,0
2281,21,0
2281,24,1
2281,25,0
2282,2,1
2282,6,0
2282,7,1
2282,8,0
2282,9,1
2282,10,1
2282,12,0
2282,14,0
2282,15,1
2282,21,0
2282,22,0
2282,24,0
2283,1,1
2283,2,1
2283,6,1
2283,7,1
2283,11,1
2283,13,0
2283,15,0
2283,17,1
2283,19,1
2283,21,1
2283,24,0
2283,25,1
2284,1,0
2284,4,0
2284,6,1
2284,8,1
2284,11,0
2284,12,0
2284,13,0
2284,15,0
2284,16,0
2284,24,1
2285,1,0
2285,5,0
2285,7,1
2285,8,0
2285,9,0
2285,10,1
2285,11,0
2285,13,0
2285,16,0
2285,17,1
2285,18,1
2285,19,0
2285,22,0
2285,24,0
2286,1,0
2286,2,1
2286,6,1
2286,7,1
2286,8,1
2286,11,1
2286,13,1
2286,15,0
2286,17,0
2286,18,1
2286,23,0
2286,24,0
2286,25,1
2287,2,1
2287,3,0
2287,6,0
2287,7,0
2287,8,0
2287,9,0
2287,11,0
2287,14,0
2287,15,1
2287,17,1
2287,19,1
2287,22,0
2287,23,0
2287,25,0
2288,4,0
2288,7,1
2288,15,1
2288,17,0
2288,18,0
2288,19,1
2288,20,0
2288,21,0
2288,22,1
2288,23,1
2288,24,0
2289,1,1
2289,3,1
2289,4,0
2289,5,0
2289,6,0
2289,8,1
2289,9,1
2289,11,0
2289,12,1
2289,14,0
2289,15,0
2289,16,0
2289,21,1
2290,4,1
2290,6,0
2290,8,0
2290,9,0
2290,10,0
2290,11,0
2290,13,0
2290,16,0
2290,17,0
2290,18,0
2290,20,0
2290,22,0
2291,1,0
2291,3,0
2291,5,0
2291,8,1
2291,9,1
2291,10,1
2291,12,0
2291,16,1
2291,17,0
2291,18,0
2291,19,1
2291,23,0
2291,24,0
2292,1,0
2292,2,1
2292,4,1
2292,8,1
2292,9,0
2292,10,0
2292,12,1
2292,16,0
2292,19,0
2292,21,0
2292,22,0
2292,24,0
2293,2,0
2293,3,1
2293,4,1
2293,7,0
2293,8,1
2293,9,0
2293,12,1
2293,13,0
2293,15,0
2293,16,0
2293,22,0
2293,24,0
2294,1,1
2294,2,0
2294,3,1
2294,11,0
2294,12,0
2294,15,0
2294,18,0
2294,20,1
2294,21,0
2294,22,0
2294,23,0
2294,24,0
2294,25,0
2295,3,0
2295,5,1
2295,6,1
2295,8,1
2295,10,1
2295,11,0
2295,14,0
2295,17,0
2295,18,1
2295,20,1
2295,23,0
2295,25,0
2296,1,0
2296,3,1
2296,4,0
2296,6,0
2296,8,0
2296,10,0
2296,15,0
2296,16,0
2296,17,0
2296,19,0
2296,20,0
2296,25,0
2297,3,0
2297,8,0
2297,10,1
2297,12,1
2297,14,0
2297,15,0
2297,16,0
2297,17,1
2297,18,0
2297,19,0
2297,21,0
2298,2,1
2298,3,0
2298,6,1
2298,9,1
2298,10,1
2298,14,1
2298,15,0
2298,16,1
2298,17,0
2298,18,0
2298,19,0
2298,23,0
2298,24,0
2298,25,0
2299,2,0
2299,4,0
2299,5,1
2299,6,1
2299,7,0
2299,8,0
2299,10,0
2299,12,0
2299,16,0
2299,17,0
2299,18,0
2299,20,0
2299,21,0
2299,24,0
2300,2,0
2300,4,0
2300,5,0
2300,6,1
2300,7,0
2300,11,0
2300,13,0
2300,14,0
2300,17,0
2300,18,0
2300,25,0
2301,1,0
2301,2,1
2301,4,0
2301,5,0
2301,6,1
2301,9,0
2301,10,1
2301,11,1
2301,13,0
2301,15,0
2301,21,1
2301,23,0
2301,25,1
2302,1,0
2302,2,0
2302,3,0
2302,7,0
2302,8,0
2302,9,1
2302,15,0
2302,22,0
2302,24,0
2302,25,0
2303,1,1
2303,6,0
2303,8,0
2303,11,1
2303,14,0
2303,16,0
2303,18,1
2303,21,0
2303,22,0
2303,24,0
2304,1,1
2304,3,1
2304,4,0
2304,5,0
2304,6,1
2304,8,0
2304,13,1
2304,14,1
2304,22,0
2304,24,0
2305,3,1
2305,4,0
2305,6,1
2305,7,0
2305,13,1
2305,15,0
2305,16,1
2305,17,1
2305,19,1
2305,20,0
2305,21,1
2306,1,0
2306,3,1
2306,5,0
2306,6,0
2306,7,0
2306,9,0
2306,11,0
2306,13,1
2306,14,1
2306,18,0
2306,20,1
2307,4,0
2307,5,1
2307,6,1
2307,7,1
2307,8,1
2307,13,0
2307,15,1
2307,18,0
2307,19,0
2307,21,0
2307,24,0
2307,25,0
2308,2,0
2308,3,0
2308,4,0
2308,6,0
2308,7,1
2308,9,1
2308,15,0
2308,17,0
2308,21,0
2308,22,1
2309,1,1
2309,5,0
2309,6,0
2309,9,0
2309,10,1
2309,11,0
2309,14,0
2309,15,1
2309,17,0
2309,18,0
2309,22,0
2309,23,0
2309,25,0
2310,1,1
2310,2,1
2310,3,0
2310,8,0
2310,10,0
2310,12,0
2310,13,0
2310,17,1
2310,20,0
2310,21,0
2310,22,0
2310,23,0
2310,24,1
2311,1,0
2311,2,1
2311,3,1
2311,4,0
2311,5,1
2311,9,0
2311,11,0
2311,15,0
2311,17,0
2311,22,0
2312,4,0
2312,6,0
2312,7,1
2312,11,0
2312,16,1
2312,17,0
2312,19,0
2312,21,0
2312,23,1
2312,25,1
2313,2,1
2313,3,0
2313,8,0
2313,12,1
2313,17,1
2313,19,0
2313,21,0
2313,22,0
2313,23,0
2313,25,0
2314,4,0
2314,7,1
2314,8,0
2314,9,1
2314,11,0
2314,12,1
2314,14,0
2314,15,0
2314,21,0
2314,23,1
2314,24,0
2315,1,0
2315,7,1
2315,8,1
2315,10,0
2315,11,0
2315,13,0
2315,15,1
2315,20,0
2315,22,0
2315,23,0
2315,25,0
2316,2,1
2316,5,1
2316,6,1
2316,7,0
2316,11,0
2316,13,0
2316,14,1
2316,18,1
2316,19,0
2316,24,1
2316,25,0
2317,1,0
2317,2,0
2317,5,0
2317,7,0
2317,10,0
2317,11,0
2317,12,0
2317,14,0
2317,17,1
2317,18,1
2317,19,1
2317,20,1
2317,23,1
2317,24,0
2318,1,1
2318,3,0
2318,5,1
2318,7,0
2318,9,0
2318,10,0
2318,11,1
2318,14,1
2318,15,0
2318,18,0
2318,19,0
2318,20,1
2318,25,1
2319,2,1
2319,3,0
2319,6,0
2319,7,0
2319,8,1
2319,9,0
2319,12,0
2319,13,0
2319,14,0
2319,15,0
2319,18,1
2319,19,0
2319,25,1
2320,2,0
2320,4,0
2320,6,1
2320,8,1
2320,11,0
2320,15,0
2320,16,0
2320,17,1
2320,19,0
2320,20,0
2320,21,0
2320,23,0
2321,3,1
2321,5,1
2321,8,1
2321,9,0
2321,10,1
2321,11,0
2321,13,1
2321,17,1
2321,21,1
2321,24,1
2321,25,0
2322,1,1
2322,2,0
2322,3,0
2322,6,0
2322,8,0
2322,13,1
2322,15,0
2322,18,0
2322,19,0
2322,20,0
2322,21,0
2322,22,0
2322,24,0
2322,25,0
2323,6,1
2323,8,0
2323,9,1
2323,11,0
2323,13,0
2323,14,0
2323,16,0
2323,17,1
2323,18,0
2323,20,0
2323,21,0
2323,22,0
2323,23,0
2323,24,0
2324,1,0
2324,2,1
2324,3,1
2324,4,0
2324,6,0
2324,9,0
2324,12,0
2324,14,0
2324,18,0
2324,19,0
2324,20,0
2324,23,0
2324,25,1
2325,2,1
2325,4,0
2325,5,1
2325,6,0
2325,12,0
2325,13,0
2325,15,0
2325,16,1
2325,17,0
2325,22,0
2325,25,0
2326,2,1
2326,3,1
2326,4,0
2326,9,1
2326,12,0
2326,13,0
2326,14,1
2326,17,0
2326,18,0
2326,19,1
2326,22,0
2326,24,0
2327,1,0
2327,2,1
2327,3,0
2327,6,0
2327,8,1
2327,10,0
2327,11,1
2327,12,0
2327,14,1
2327,20,0
2327,22,0
2328,4,0
2328,5,0
2328,6,0
2328,7,1
2328,10,0
2328,11,0
2328,13,0
2328,17,1
2328,21,1
2328,23,0
2329,4,1
2329,5,1
2329,6,0
2329,9,1
2329,12,1
2329,14,1
2329,16,0
2329,20,0
2329,22,0
2329,24,1
2329,25,1
2330,2,0
2330,3,1
2330,9,1
2330,11,0
2330,12,0
2330,16,0
2330,17,0
2330,19,0
2330,21,0
2330,22,0
2331,1,0
2331,11,0
2331,12,0
2331,13,0
2331,15,0
2331,19,0
2331,20,0
2331,21,1
2331,22,0
2331,25,0
2332,1,1
2332,2,1
2332,4,0
2332,5,0
2332,6,0
2332,11,0
2332,13,1
2332,15,1
2332,16,0
2332,19,0
2332,21,0
2332,23,0
2333,2,1
2333,4,1
2333,5,0
2333,6,1
2333,7,0
2333,9,1
2333,10,1
2333,11,0
2333,14,0
2333,18,0
2333,19,0
2333,22,0
2333,24,0
2334,1,1
2334,7,0
2334,8,1
2334,13,1
2334,14,1
2334,15,0
2334,17,1
2334,19,0
2334,21,0
2334,24,0
2334,25,1
2335,2,0
2335,3,1
2335,4,1
2335,9,0
2335,10,0
2335,14,0
2335,19,0
2335,21,1
2335,22,0
2335,23,0
2336,2,1
2336,3,0
2336,4,0
2336,6,0
2336,8,0
2336,9,0
2336,10,1
2336,16,0
2336,21,0
2336,23,0
2336,24,0
2337,4,0
2337,5,0
2337,6,0
2337,8,0
2337,9,1
2337,10,0
2337,11,0
2337,12,0
2337,13,0
2337,14,0
2337,18,0
2337,19,0
2337,23,0
2338,1,1
2338,2,0
2338,3,1
2338,5,1
2338,6,0
2338,7,0
2338,11,1
2338,12,0
2338,16,0
2338,20,0
2338,21,0
2338,22,0
2338,25,0
2339,1,0
2339,2,0
2339,5,1
2339,6,0
2339,10,0
2339,13,0
2339,14,0
2339,15,0
2339,16,0
2339,17,0
2339,19,0
2339,20,0
2339,21,0
2339,24,1
2340,1,0
2340,4,0
2340,6,0
2340,7,1
2340,10,0
2340,11,1
2340,13,1
2340,15,1
2340,17,0
2340,18,1
2340,20,1
2340,21,1
2340,23,0
2341,3,1
2341,4,0
2341,5,0
2341,10,0
2341,11,0
2341,13,0
2341,14,0
2341,15,1
2341,16,0
2341,17,0
2341,20,0
2341,25,1
2342,3,0
2342,4,0
2342,5,1
2342,8,1
2342,12,0
2342,14,1
2342,17,0
2342,18,0
2342,21,1
2342,25,1
2343,1,1
2343,2,1
2343,3,0
2343,4,1
2343,6,1
2343,10,1
2343,12,1
2343,14,0
2343,16,0
2343,19,0
2343,20,0
2343,21,1
2343,23,0
2343,24,0
2344,2,1
2344,3,0
2344,4,0
2344,6,0
2344,8,1
2344,10,1
2344,14,0
2344,15,0
2344,16,1
2344,19,0
2344,21,0
2344,25,0
2345,2,1
2345,4,1
2345,5,0
2345,6,1
2345,7,1
2345,8,0
2345,16,0
2345,18,0
2345,19,0
2345,22,1
2345,24,0
2346,2,0
2346,3,0
2346,4,1
2346,5,1
2346,10,0
2346,11,1
2346,14,0
2346,20,1
2346,21,0
2346,24,1
2347,3,0
2347,4,1
2347,5,1
2347,7,1
2347,9,0
2347,10,0
2347,11,1
2347,14,1
2347,16,0
2347,18,1
2347,19,0
2347,23,0
2347,24,0
2348,2,1
2348,3,0
2348,5,0
2348,8,1
2348,11,1
2348,16,0
2348,19,0
2348,23,0
2348,24,0
2348,25,1
2349,2,0
2349,3,1
2349,6,1
2349,7,1
2349,17,0
2349,18,0
2349,19,0
2349,20,1
2349,21,0
2349,22,1
2349,25,0
2350,1,1
2350,2,0
2350,3,0
2350,5,0
2350,6,0
2350,7,0
2350,8,1
2350,11,1
2350,14,0
2350,17,0
2350,18,0
2350,20,0
2350,22,1
2350,23,0
2351,2,0
2351,3,0
2351,4,1
2351,5,1
2351,6,0
2351,11,1
2351,12,1
2351,15,1
2351,16,0
2351,17,0
2351,18,0
2351,22,0
2351,23,0
2351,24,1
2352,1,0
2352,2,1
2352,7,0
2352,10,1
2352,12,1
2352,13,1
2352,15,0
2352,16,1
2352,17,1
2352,18,0
2352,19,0
2352,20,1
2352,24,0
2352,25,0
2353,4,1
2353,6,0
2353,7,0
2353,9,0
2353,10,0
2353,11,1
2353,14,1
2353,15,0
2353,16,0
2353,18,0
2353,19,1
2353,20,0
2353,21,0
2354,1,1
2354,6,1
2354,7,0
2354,12,1
2354,13,1
2354,14,0
2354,15,1
2354,17,1
2354,19,1
2354,22,0
2354,23,1
2354,24,0
2355,5,1
2355,6,1
2355,8,1
2355,9,0
2355,10,0
2355,12,0
2355,14,0
2355,15,1
2355,20,1
2355,21,0
2355,23,0
2355,25,0
2356,3,1
2356,7,1
2356,8,0
2356,10,0
2356,11,0
2356,16,0
2356,17,0
2356,20,0
2356,21,0
2356,24,0
2357,1,0
2357,3,0
2357,6,0
2357,8,0
2357,10,1
2357,11,0
2357,13,0
2357,14,0
2357,18,1
2357,21,0
2357,22,0
2357,24,0
2357,25,1
2358,1,0
2358,5,0
2358,6,1
2358,7,0
2358,9,1
2358,10,0
2358,11,0
2358,13,0
2358,16,0
2358,17,1
2358,18,0
2358,19,0
2358,21,0
2358,25,0
2359,1,1
2359,2,1
2359,3,1
2359,4,0
2359,7,0
2359,8,1
2359,13,1
2359,16,0
2359,17,0
2359,18,0
2359,19,0
2359,20,0
2359,22,1
2359,25,0
2360,1,0
2360,4,0
2360,7,0
2360,8,1
2360,9,0
2360,13,0
2360,16,0
2360,17,0
2360,18,0
2360,21,0
2360,22,0
2361,1,0
2361,6,1
2361,7,0
2361,8,0
2361,9,0
2361,11,0
2361,15,0
2361,16,0
2361,19,0
2361,21,0
2361,25,0
2362,2,0
2362,4,1
2362,6,0
2362,7,0
2362,8,0
2362,12,1
2362,13,0
2362,14,0
2362,15,0
2362,16,0
2362,17,0
2362,18,1
2362,19,1
2362,20,0
2363,3,0
2363,4,0
2363,8,0
2363,10,1
2363,12,1
2363,13,0
2363,14,0
2363,15,1
2363,16,1
2363,17,0
2363,18,0
2363,19,0
2363,20,1
2363,21,0
2364,1,0
2364,6,0
2364,7,1
2364,9,0
2364,12,0
2364,13,0
2364,15,0
2364,17,1
2364,18,0
2364,19,0
2364,22,0
2364,23,0
2364,25,0
2365,1,1
2365,2,1
2365,3,0
2365,6,0
2365,7,1
2365,9,1
2365,13,1
2365,18,0
2365,19,1
2365,20,0
2365,22,0
2365,24,0
2366,2,0
2366,4,1
2366,5,1
2366,7,1
2366,8,1
2366,10,0
2366,11,0
2366,13,0
2366,16,1
2366,22,0
2366,24,1
2367,1,0
2367,2,1
2367,5,0
2367,8,0
2367,12,0
2367,15,0
2367,16,0
2367,17,0
2367,19,0
2367,20,0
2367,21,0
2367,24,0
2368,2,0
2368,7,0
2368,9,1
2368,10,1
2368,12,1
2368,15,0
2368,17,0
2368,19,0
2368,20,1
2368,21,0
2368,23,1
2368,24,0
2368,25,1
2369,1,1
2369,3,0
2369,4,0
2369,5,0
2369,10,0
2369,13,0
2369,15,0
2369,16,0
2369,17,0
2369,18,0
2369,20,0
2369,21,0
2369,23,0
2369,24,0
2370,1,1
2370,7,0
2370,9,1
2370,10,0
2370,14,0
2370,15,1
2370,17,0
2370,19,0
2370,20,1
2370,21,0
2370,22,1
2370,25,1
2371,1,1
2371,3,1
2371,4,1
2371,5,0
2371,6,0
2371,7,0
2371,9,0
2371,11,1
2371,14,1
2371,15,0
2371,17,0
2371,18,1
2371,20,0
2371,24,0
2372,1,1
2372,2,0
2372,3,1
2372,8,0
2372,10,0
2372,14,0
2372,15,0
2372,16,0
2372,18,1
2372,19,0
2372,21,0
2372,23,0
2372,24,1
2372,25,0
2373,2,1
2373,4,0
2373,5,1
2373,12,1
2373,14,0
2373,18,0
2373,19,0
2373,21,0
2373,24,0
2373,25,0
2374,3,1
2374,6,1
2374,8,1
2374,10,0
2374,11,0
2374,13,0
2374,15,1
2374,17,0
2374,20,0
2374,22,1
2374,23,0
2374,25,0
2375,1,0
2375,4,0
2375,5,0
2375,6,1
2375,8,1
2375,9,0
2375,12,1
2375,13,0
2375,16,0
2375,20,0
2375,23,0
2375,25,0
2376,1,1
2376,2,0
2376,5,1
2376,6,0
2376,9,0
2376,12,0
2376,14,0
2376,15,0
2376,18,0
2376,20,0
2376,21,0
2376,23,0
2376,24,0
2376,25,1
2377,1,1
2377,2,1
2377,3,0
2377,4,0
2377,6,1
2377,8,0
2377,9,1
2377,13,1
2377,15,0
2377,17,1
2377,19,0
2377,23,0
2377,24,0
2378,5,0
2378,10,0
2378,12,1
2378,14,0
2378,15,0
2378,16,0
2378,20,0
2378,21,1
2378,22,0
2378,24,1
2379,1,1
2379,5,1
2379,6,0
2379,7,1
2379,10,1
2379,14,0
2379,15,0
2379,17,0
2379,18,0
2379,19,0
2379,20,0
2379,21,0
2379,22,0
2379,24,1
2380,2,1
2380,3,0
2380,8,1
2380,9,0
2380,10,1
2380,16,1
2380,18,0
2380,19,0
2380,20,0
2380,23,0
2380,24,0
2381,2,0
2381,3,0
2381,5,1
2381,6,1
2381,7,0
2381,12,0
2381,15,0
2381,16,1
2381,18,0
2381,19,1
2381,24,0
2382,3,0
2382,4,1
2382,10,1
2382,11,1
2382,12,0
2382,17,1
2382,18,1
2382,19,0
2382,20,0
2382,25,0
2383,1,1
2383,3,0
2383,4,0
2383,8,1
2383,10,1
2383,11,1
2383,12,1
2383,19,1
2383,20,1
2383,21,0
2383,23,0
2383,24,1
2383,25,0
2384,1,1
2384,2,0
2384,3,1
2384,4,0
2384,5,0
2384,7,1
2384,10,0
2384,12,0
2384,16,0
2384,17,0
2384,18,0
2384,19,0
2384,20,0
2384,23,0
2385,1,1
2385,2,0
2385,5,1
2385,9,0
2385,11,0
2385,13,1
2385,15,0
2385,19,0
2385,21,0
2385,23,1
2385,24,0
2385,25,0
2386,2,1
2386,5,1
2386,8,1
2386,10,1
2386,12,1
2386,15,1
2386,17,0
2386,19,0
2386,22,0
2386,25,1
2387,1,0
2387,2,0
2387,3,1
2387,5,0
2387,12,0
2387,14,1
2387,15,1
2387,16,0
2387,17,0
2387,18,0
2387,21,1
2387,22,0
2387,25,0
2388,1,0
2388,3,1
2388,4,1
2388,6,0
2388,10,0
2388,11,0
2388,13,0
2388,15,0
2388,16,0
2388,22,0
2388,24,1
2388,25,1
2389,2,1
2389,3,1
2389,5,0
2389,7,0
2389,14,1
2389,15,0
2389,17,1
2389,19,0
2389,20,1
2389,22,0
2389,23,1
2390,1,0
2390,9,1
2390,11,0
2390,14,0
2390,15,0
2390,17,0
2390,18,0
2390,19,1
2390,21,1
2390,22,0
2390,25,1
2391,2,0
2391,4,0
2391,5,0
2391,6,0
2391,7,1
2391,10,0
2391,12,0
2391,14,0
2391,16,0
2391,20,0
2391,21,0
2391,23,0
2392,4,0
2392,5,1
2392,8,1
2392,9,0
2392,11,0
2392,17,1
2392,18,1
2392,22,0
2392,24,1
2392,25,0
2393,2,0
2393,3,0
2393,4,0
2393,6,0
2393,7,0
2393,12,0
2393,13,0
2393,14,0
2393,19,1
2393,21,0
2393,24,0
2394,2,1
2394,3,0
2394,5,1
2394,7,0
2394,8,0
2394,10,0
2394,11,0
2394,12,1
2394,14,0
2394,15,0
2394,17,0
2394,18,0
2394,20,0
2394,21,1
2395,1,1
2395,2,1
2395,3,0
2395,6,0
2395,9,1
2395,10,0
2395,11,0
2395,17,0
2395,18,1
2395,21,1
2395,23,0
2395,25,0
2396,8,1
2396,9,0
2396,10,0
2396,11,1
2396,12,0
2396,14,0
2396,15,0
2396,16,0
2396,18,0
2396,19,0
2396,21,0
2396,24,0
2397,3,0
2397,6,0
2397,8,1
2397,10,0
2397,11,0
2397,12,1
2397,13,0
2397,15,1
2397,17,0
2397,20,0
2397,25,0
2398,4,0
2398,7,1
2398,9,1
2398,10,0
2398,15,1
2398,16,0
2398,20,0
2398,21,0
2398,23,1
2398,25,0
2399,2,1
2399,3,0
2399,5,0
2399,6,1
2399,8,1
2399,9,1
2399,12,0
2399,15,0
2399,16,0
2399,17,1
2399,19,1
2399,20,0
2399,21,0
2399,23,0
2400,1,0
2400,2,0
2400,6,0
2400,7,0
2400,13,0
2400,14,0
2400,15,0
2400,17,0
2400,20,1
2400,21,0
2401,1,0
2401,3,1
2401,5,1
2401,7,1
2401,9,0
2401,14,0
2401,16,0
2401,17,0
2401,19,0
2401,20,0
2401,22,0
2401,23,0
2401,25,1
2402,1,0
2402,2,0
2402,3,0
2402,7,0
2402,12,0
2402,13,0
2402,14,1
2402,15,1
2402,16,0
2402,17,0
2402,18,1
2402,21,0
2402,22,0
2403,3,0
2403,4,0
2403,5,0
2403,8,1
2403,9,0
2403,11,0
2403,13,0
2403,14,0
2403,15,0
2403,19,0
2403,21,0
2404,3,1
2404,4,1
2404,12,0
2404,15,0
2404,16,0
2404,17,0
2404,19,0
2404,20,0
2404,21,1
2404,23,0
2404,24,0
2405,1,0
2405,2,1
2405,7,1
2405,8,1
2405,9,1
2405,11,0
2405,12,0
2405,19,1
2405,22,0
2405,23,0
2405,25,0
2406,1,1
2406,2,1
2406,3,0
2406,4,1
2406,5,1
2406,6,1
2406,8,1
2406,11,1
2406,16,0
2406,18,1
2406,20,1
2406,24,1
2406,25,0
2407,2,1
2407,3,0
2407,9,1
2407,12,0
2407,14,1
2407,19,1
2407,21,1
2407,22,1
2407,24,0
2407,25,0
2408,1,0
2408,2,1
2408,3,0
2408,5,0
2408,8,1
2408,17,1
2408,19,0
2408,20,0
2408,22,0
2408,23,0
2409,4,0
2409,7,0
2409,8,0
2409,12,0
2409,16,0
2409,17,0
2409,18,0
2409,21,0
2409,22,0
2409,23,1
2409,25,0
2410,2,0
2410,4,0
2410,5,1
2410,8,1
2410,10,0
2410,13,1
2410,14,1
2410,15,0
2410,16,0
2410,17,0
2410,18,1
2410,19,0
2410,23,0
2410,24,0
2411,2,0
2411,7,1
2411,8,1
2411,10,1
2411,13,0
2411,15,0
2411,18,0
2411,19,0
2411,20,1
2411,24,0
2412,1,0
2412,2,0
2412,4,0
2412,5,1
2412,6,0
2412,7,0
2412,8,0
2412,13,0
2412,14,0
2412,19,0
2412,20,0
2412,22,0
2412,25,1
2413,1,1
2413,2,1
2413,3,0
2413,4,1
2413,6,1
2413,8,1
2413,10,1
2413,12,1
2413,15,1
2413,20,0
2413,23,0
2413,24,0
2414,2,0
2414,3,0
2414,4,1
2414,5,0
2414,6,1
2414,8,0
2414,13,1
2414,15,0
2414,18,1
2414,20,0
2414,24,0
2414,25,1
2415,1,0
2415,2,1
2415,3,0
2415,9,0
2415,11,0
2415,12,0
2415,14,0
2415,16,0
2415,17,1
2415,18,0
2415,20,0
2415,22,0
2416,4,1
2416,7,0
2416,8,1
2416,9,1
2416,12,0
2416,14,1
2416,15,0
2416,17,0
2416,18,1
2416,19,0
2416,20,0
2416,21,1
2416,22,0
2416,24,0
2417,2,0
2417,4,1
2417,5,0
2417,8,1
2417,11,1
2417,12,0
2417,15,0
2417,20,0
2417,21,0
2417,22,0
2417,25,1
2418,2,1
2418,3,0
2418,4,1
2418,5,1
2418,6,0
2418,7,0
2418,8,0
2418,14,0
2418,15,0
2418,19,0
2418,21,1
2418,24,0
2418,25,0
2419,4,1
2419,5,0
2419,6,0
2419,8,1
2419,9,1
2419,11,0
2419,14,1
2419,15,0
2419,17,0
2419,18,0
2419,20,1
2419,21,1
2419,23,0
2419,24,0
2420,1,1
2420,3,1
2420,7,0
2420,9,0
2420,10,1
2420,13,0
2420,14,1
2420,15,0
2420,19,0
2420,20,0
2420,21,0
2420,22,0
2420,25,0
2421,2,0
2421,3,0
2421,6,1
2421,7,0
2421,9,1
2421,11,1
2421,12,1
2421,13,0
2421,14,0
2421,15,0
2421,16,0
2421,18,0
2421,21,0
2422,2,1
2422,4,1
2422,7,1
2422,12,0
2422,15,0
2422,16,0
2422,17,0
2422,19,1
2422,21,1
2422,24,1
2422,25,0
2423,1,1
2423,4,1
2423,5,0
2423,6,1
2423,7,0
2423,9,0
2423,11,1
2423,12,0
2423,15,0
2423,22,1
2423,24,0
2423,25,0
2424,5,0
2424,7,1
2424,8,0
2424,9,1
2424,10,1
2424,14,0
2424,18,0
2424,19,0
2424,20,1
2424,24,1
2424,25,0
2425,2,1
2425,9,1
2425,11,0
2425,13,0
2425,14,0
2425,16,1
2425,17,0
2425,18,0
2425,19,1
2425,20,0
2425,21,0
2425,23,0
2425,24,0
2425,25,0
2426,1,1
2426,3,0
2426,5,0
2426,9,0
2426,11,1
2426,12,1
2426,13,0
2426,14,0
2426,15,0
2426,17,0
2426,18,1
2426,20,1
2426,21,0
2426,22,0
2427,2,1
2427,5,0
2427,6,0
2427,7,1
2427,9,0
2427,10,0
2427,11,0
2427,12,1
2427,14,1
2427,15,1
2427,20,0
2427,21,1
2427,22,0
2427,24,0
2428,6,0
2428,9,0
2428,11,0
2428,12,0
2428,15,0
2428,16,0
2428,17,0
2428,18,0
2428,21,0
2428,24,1
2428,25,1
2429,2,1
2429,6,1
2429,7,1
2429,12,0
2429,15,1
2429,16,1
2429,17,1
2429,18,0
2429,19,1
2429,21,0
2429,22,1
2429,23,1
2429,24,0
2430,1,1
2430,5,1
2430,9,0
2430,10,1
2430,12,0
2430,15,0
2430,16,1
2430,17,0
2430,18,1
2430,20,0
2430,22,0
2430,23,0
2430,24,1
2431,1,0
2431,2,1
2431,3,0
2431,4,1
2431,7,1
2431,8,1
2431,12,0
2431,16,0
2431,17,0
2431,19,0
2432,1,0
2432,2,0
2432,6,0
2432,7,1
2432,8,0
2432,10,0
2432,12,0
2432,15,0
2432,16,1
2432,17,0
2432,18,0
2432,19,0
2432,22,0
2432,23,0
2433,2,1
2433,3,0
2433,4,1
2433,5,1
2433,6,1
2433,7,1
2433,9,1
2433,12,0
2433,13,0
2433,15,0
2433,17,0
2433,20,0
2433,22,1
2434,2,0
2434,13,0
2434,14,0
2434,15,0
2434,16,0
2434,20,1
2434,21,0
2434,23,1
2434,24,0
2434,25,1
2435,1,1
2435,3,0
2435,4,1
2435,6,0
2435,7,1
2435,9,0
2435,10,0
2435,11,1
2435,14,0
2435,17,0
2435,18,0
2435,21,0
2435,23,0
2436,3,1
2436,4,0
2436,5,0
2436,8,0
2436,9,1
2436,12,0
2436,14,0
2436,15,1
2436,16,1
2436,17,0
2436,18,0
2436,21,1
2436,22,0
2436,24,0
2437,1,0
2437,2,0
2437,9,0
2437,10,0
2437,16,0
2437,17,0
2437,20,1
2437,21,0
2437,22,0
2437,23,0
2437,24,1
2437,25,0
2438,1,0
2438,4,0
2438,7,0
2438,8,0
2438,10,1
2438,12,1
2438,13,0
2438,15,0
2438,16,0
2438,18,1
2438,19,0
2438,21,0
2438,22,0
2438,25,0
2439,4,0
2439,6,0
2439,8,0
2439,10,1
2439,11,1
2439,12,1
2439,14,1
2439,17,0
2439,20,0
2439,22,0
2439,24,0
2440,1,1
2440,2,1
2440,3,0
2440,7,1
2440,8,0
2440,9,0
2440,11,1
2440,12,0
2440,13,0
2440,15,1
2440,21,0
2440,22,1
2440,24,0
2441,4,0
2441,6,1
2441,7,0
2441,10,1
2441,15,0
2441,16,0
2441,17,0
2441,18,0
2441,19,0
2441,20,1
2441,21,1
2441,24,1
2441,25,0
2442,3,0
2442,4,1
2442,5,0
2442,6,0
2442,12,1
2442,13,0
2442,14,1
2442,17,0
2442,19,0
2442,21,0
2442,25,1
2443,3,1
2443,4,0
2443,7,0
2443,10,0
2443,13,1
2443,16,0
2443,18,1
2443,22,1
2443,23,0
2443,24,0
2443,25,0
2444,3,0
2444,4,0
2444,5,1
2444,8,0
2444,11,1
2444,12,1
2444,13,0
2444,17,0
2444,19,0
2444,20,1
2444,21,1
2444,22,0
2445,1,0
2445,3,1
2445,5,1
2445,6,0
2445,8,0
2445,9,1
2445,15,0
2445,16,0
2445,18,1
2445,21,0
2445,22,0
2445,24,1
2445,25,1
2446,1,0
2446,2,1
2446,4,1
2446,5,0
2446,6,0
2446,8,0
2446,11,1
2446,12,1
2446,14,0
2446,15,0
2446,16,0
2446,20,0
2446,24,0
2447,1,1
2447,2,0
2447,4,1
2447,5,0
2447,6,1
2447,7,1
2447,10,1
2447,15,0
2447,16,0
2447,18,1
2447,23,0
2447,24,1
2448,2,1
2448,3,1
2448,5,1
2448,7,0
2448,13,1
2448,14,0
2448,15,0
2448,19,0
2448,20,0
2448,23,0
2449,1,1
2449,3,0
2449,6,0
2449,11,0
2449,12,0
2449,14,0
2449,16,0
2449,18,0
2449,21,0
2449,23,0
2449,24,0
2449,25,0
2450,2,0
2450,4,1
2450,6,1
2450,7,1
2450,8,1
2450,10,0
2450,13,1
2450,16,0
2450,17,1
2450,19,0
2450,21,0
2450,22,1
2450,23,0
2450,25,0
2451,1,0
2451,3,1
2451,7,0
2451,8,1
2451,11,0
2451,12,0
2451,14,0
2451,15,1
2451,16,0
2451,19,0
2451,21,0
2451,22,0
2451,23,0
2452,2,0
2452,4,0
2452,7,0
2452,9,0
2452,12,0
2452,13,1
2452,14,0
2452,15,0
2452,16,0
2452,17,0
2452,21,0
2453,2,0
2453,3,0
2453,4,1
2453,5,0
2453,6,1
2453,7,0
2453,10,0
2453,11,0
2453,14,0
2453,19,0
2453,20,0
2453,23,0
2453,24,0
2453,25,1
2454,2,0
2454,6,0
2454,7,0
2454,8,0
2454,9,0
2454,10,0
2454,12,1
2454,13,0
2454,14,1
2454,17,0
2454,20,0
2454,22,0
2454,25,0
2455,4,1
2455,8,0
2455,10,1
2455,11,1
2455,12,0
2455,14,0
2455,17,0
2455,18,0
2455,19,0
2455,20,1
2455,24,0
2455,25,0
2456,3,1
2456,4,1
2456,5,0
2456,8,0
2456,10,0
2456,11,0
2456,14,0
2456,18,1
2456,19,0
2456,20,0
2456,21,0
2456,22,0
2456,24,0
2456,25,0
2457,2,1
2457,4,1
2457,6,0
2457,7,1
2457,9,1
2457,10,0
2457,11,1
2457,14,0
2457,15,0
2457,16,0
2457,18,1
2457,23,0
2457,25,0
2458,1,0
2458,4,1
2458,9,0
2458,11,1
2458,14,1
2458,16,0
2458,17,0
2458,20,1
2458,21,0
2458,22,0
2459,4,0
2459,6,0
2459,7,1
2459,8,1
2459,11,0
2459,15,1
2459,16,0
2459,21,0
2459,24,0
2459,25,1
2460,1,0
2460,3,1
2460,9,1
2460,13,0
2460,14,0
2460,15,1
2460,17,0
2460,18,0
2460,20,0
2460,21,1
2460,22,0
2461,1,0
2461,3,0
2461,4,1
2461,6,0
2461,12,1
2461,16,0
2461,17,0
2461,19,0
2461,21,0
2461,22,0
2461,23,0
2461,24,0
2461,25,0
2462,1,0
2462,2,0
2462,4,0
2462,8,0
2462,10,0
2462,11,1
2462,13,0
2462,19,0
2462,20,0
2462,23,1
2463,1,0
2463,3,0
2463,5,0
2463,7,0
2463,11,0
2463,13,0
2463,17,0
2463,20,0
2463,21,0
2463,22,0
2463,23,1
2463,24,0
2464,1,0
2464,2,0
2464,4,0
2464,5,0
2464,6,0
2464,7,0
2464,10,1
2464,12,0
2464,15,0
2464,17,1
2464,18,0
2464,21,0
2464,24,0
2465,2,0
2465,4,0
2465,5,1
2465,6,0
2465,8,1
2465,9,1
2465,13,0
2465,15,0
2465,16,0
2465,17,0
2465,19,0
2465,24,1
2466,1,0
2466,4,1
2466,5,0
2466,6,1
2466,8,0
2466,9,0
2466,11,1
2466,13,0
2466,15,0
2466,17,1
2466,23,0
2466,25,0
2467,4,1
2467,8,0
2467,10,0
2467,11,0
2467,12,0
2467,13,1
2467,18,0
2467,22,0
2467,24,1
2467,25,0
2468,2,1
2468,3,1
2468,4,0
2468,5,0
2468,12,0
2468,13,1
2468,14,1
2468,16,1
2468,17,1
2468,19,1
2468,22,1
2468,23,1
2468,24,0
2469,1,1
2469,2,1
2469,4,0
2469,5,0
2469,6,1
2469,8,0
2469,12,1
2469,13,1
2469,14,1
2469,17,0
2469,19,0
2469,22,0
2469,23,0
2469,25,0
2470,1,1
2470,3,1
2470,4,1
2470,7,1
2470,8,0
2470,10,1
2470,12,1
2470,15,0
2470,22,1
2470,23,0
2471,4,0
2471,6,1
2471,7,0
2471,9,0
2471,11,1
2471,13,0
2471,15,0
2471,18,0
2471,22,1
2471,24,0
2472,1,1
2472,4,1
2472,6,1
2472,7,1
2472,8,0
2472,10,1
2472,11,1
2472,12,0
2472,13,0
2472,19,0
2472,20,0
2472,21,0
2472,25,1
2473,1,0
2473,4,0
2473,5,0
2473,6,0
2473,8,1
2473,10,0
2473,13,1
2473,14,0
2473,17,1
2473,18,0
2473,19,1
2473,22,0
2473,23,1
2474,3,1
2474,4,1
2474,7,1
2474,9,0
2474,11,0
2474,12,1
2474,16,0
2474,17,0
2474,18,0
2474,20,1
2474,22,0
2474,23,0
2475,1,0
2475,4,0
2475,8,1
2475,9,1
2475,14,1
2475,15,0
2475,16,1
2475,17,0
2475,18,0
2475,19,0
2475,22,0
2475,24,0
2475,25,0
2476,1,0
2476,3,0
2476,5,1
2476,8,1
2476,10,0
2476,11,0
2476,12,1
2476,13,0
2476,15,1
2476,20,1
2476,22,0
2476,23,0
2477,1,0
2477,4,0
2477,7,1
2477,8,0
2477,12,0
2477,15,0
2477,18,1
2477,19,0
2477,20,0
2477,23,0
2478,1,1
2478,3,0
2478,4,0
2478,5,0
2478,9,0
2478,12,1
2478,15,0
2478,16,0
2478,18,0
2478,20,0
2478,22,0
2479,1,1
2479,3,0
2479,4,0
2479,5,1
2479,6,0
2479,8,0
2479,11,0
2479,12,0
2479,15,0
2479,17,0
2479,19,1
2479,22,0
2479,23,0
2479,24,0
2480,2,1
2480,4,0
2480,5,1
2480,7,0
2480,8,1
2480,12,1
2480,13,0
2480,18,1
2480,20,1
2480,25,1
2481,2,0
2481,3,1
2481,4,1
2481,5,1
2481,7,0
2481,8,1
2481,9,0
2481,11,1
2481,14,0
2481,15,0
2481,19,0
2481,24,1
2481,25,0
2482,3,0
2482,5,0
2482,6,0
2482,7,0
2482,8,1
2482,9,1
2482,10,0
2482,11,0
2482,14,1
2482,15,0
2482,17,1
2482,20,0
2482,21,0
2482,25,0
2483,2,0
2483,7,0
2483,12,1
2483,13,0
2483,14,0
2483,17,0
2483,18,0
2483,20,0
2483,21,0
2483,22,0
2483,25,0
2484,6,1
2484,8,1
2484,9,1
2484,10,1
2484,11,0
2484,14,1
2484,15,0
2484,17,1
2484,18,0
2484,23,0
2484,25,0
